"2-pentene: (5.30206, 5.596931)","triethylsilane: (3.598789, 3.920281)","products: (0.814595, 0.889757)"
0.01752625011860001,0.020515926805404653,0.00034839033810050025
0.02374941251596501,0.02312176215984567,0.0003884437950500002
0.027851552082955013,0.023689478411648392,0.0005156260314900002
0.030836608866280008,0.02379557067836911,0.0005994465473550003
0.03251647389412998,0.023517287572244056,0.00047578601876650014
0.033407744059849996,0.023173558944846954,0.0005918425815650002
0.033803018234844995,0.022959588397360474,0.0006011831321777902
0.034261637068888,0.022794296837079134,0.0006067528724300003
0.034623814350115995,0.022611791370720655,0.0005215820945150002
0.03485765402987499,0.022447046711071575,0.0005625028089830702
0.03470809235455048,0.0222682731169072,0.0005611714860550002
0.03464800404810499,0.02219184049044122,0.0006235513434151004
0.03434710988122724,0.022100320974910003,0.0005750153723900004
0.03433426441936388,0.022017616085957422,0.0006001794421379602
0.03419491610118498,0.02198091421031203,0.0006898776601100002
0.03415745591778223,0.021937843088755158,0.0006343955717045003
0.03414571772420098,0.02190875183929656,0.0006788928885670002
0.03419902999128498,0.02187511545638679,0.0008017681859450003
0.03423267010143497,0.02188459291509799,0.0008149848026050004
0.03420963777784998,0.021870648205952428,0.0008801734791400004
0.03394649489650248,0.021757177476016104,0.0007927217971200004
0.03400331066245847,0.021753909328624355,0.0008372163692130002
0.033825698630254974,0.02170719036436964,0.0008482177261150003
0.03358244672339349,0.021615053954650357,0.0007385970956925003
0.033419268606603464,0.021600053578225756,0.0007687744598700004
0.03338468383950498,0.021568135864616915,0.0009119670031500004
0.03340606717238497,0.021560164234490607,0.0009341282093600003
0.03329446172038277,0.021602789986046877,0.0008913370413000004
0.03326564704131997,0.021564876775961757,0.0009508863910230002
0.033167013728884975,0.021573930257628295,0.0009723289748600003
0.03313549297430247,0.021528514908269746,0.0009879565601290004
0.03307956059238798,0.021519072990085805,0.0010061673099600005
0.03301345763398999,0.021510953171504643,0.0009440225328415002
0.03303824733011001,0.0215944524676294,0.0011041405014060005
0.03295364152028001,0.021578529571759687,0.0011318822090800003
0.032893160925565,0.021466113921101083,0.0010320961547750005
0.03278789685082501,0.0214675493728918,0.0010094315823672155
0.032857394845132504,0.021523941912108765,0.0011545003738320004
0.03268585916274832,0.021438376624859857,0.0010270579385818154
0.032686810564515,0.021474833755477537,0.0011390756628200003
0.03258787675447,0.021441534069139404,0.0011238047994150005
0.032528598763319,0.02143929029545847,0.0011606929901450003
0.03255654680169,0.02146494325367801,0.0012301418023500002
0.0325334201664694,0.021385274807103196,0.0012026672467560001
0.032401398631638004,0.021360326388691783,0.0011032323644900002
0.0323961251840547,0.02142984499950093,0.0011104829116585003
0.032501146300005,0.021428394266813484,0.0012925218735450005
0.032380000610798605,0.021379886817812256,0.0012012221349100003
0.03237420731561,0.021354772913145213,0.0011822332637346504
0.03231351919454391,0.02137773161105646,0.0011819712791695004
0.03239661744098001,0.02133050566764826,0.0012552202631800004
0.03234707310797275,0.021266810384588563,0.0012548590545150005
0.03232873242013801,0.021272832511134446,0.0012331723754935003
0.032335601492262,0.021270827604446756,0.0012295564448550006
0.0322574508280615,0.021283686788911106,0.0011964350827574004
0.032406071159430005,0.021308836776897096,0.0013170383395595003
0.032289024645675,0.021289068899003515,0.0013502682832600005
0.032252459710760004,0.02133588148837246,0.0013751877582150005
0.032208396008994,0.021289063073411326,0.0013223422145200003
0.032175225353063504,0.021264284476848954,0.0013380459499350002
0.032193095575910005,0.021266759566221094,0.0013730139818500004
0.03224200920069999,0.021271628248365964,0.0013610359113650004
0.03222234966948,0.02125470524429836,0.0013745347685550006
0.03213122471516001,0.021211859638795988,0.0012787312053985003
0.032116710163905,0.021245881456909907,0.0014224936379650002
0.032259682266955005,0.02131004305381068,0.0015308570616430007
0.032134695164685,0.021277397693991007,0.0014159714860245004
0.032147683690575,0.021340264318360506,0.0014865466879455003
0.03200465016547999,0.02127359431697897,0.0014000821175750005
0.03207415955578,0.021261439217233974,0.0014045228927950003
0.03210018082692,0.02123658865814628,0.0014791362514500004
0.032102390614250007,0.021223967454438594,0.0014986392570600006
0.03197229960530584,0.021158227212842502,0.0013786073696950003
0.032034605230569994,0.0211999957623757,0.0014559989881250005
0.032005117238693995,0.021203661350831335,0.0014566805197100004
0.03207006439028,0.021197971028315655,0.0015248268490100003
0.03193437910809249,0.021175997485110013,0.0014399737861600002
0.031958267389025505,0.02115296493380947,0.0014371297465775007
0.032071801587220006,0.021190226997949528,0.0015551345087500006
0.032068936242415004,0.021227573455723805,0.0015508372070850006
0.03188982445766836,0.021176810266395802,0.0014801472864150002
0.03200403548217,0.021168386240929402,0.0016437063911950004
0.032066210768525,0.021178491068474657,0.0016015079779300007
0.0319103425740186,0.021127834090736954,0.0014545717055505004
0.031890365011440006,0.02117986735892975,0.0015341674386535505
0.032037926652780005,0.021179681317083,0.0016093428092300004
0.03189430553964499,0.021182104071955005,0.0014828755131870005
0.031920089262817496,0.02118443937466146,0.0015931959061
0.03183448122692,0.021152526791033355,0.0015105329129115005
0.03194358541596801,0.021152700163843192,0.0016188997921400003
0.031883233489765,0.021124934597516846,0.0016182968232500007
0.03184918626037,0.021121202812354405,0.0015738241220150002
0.03177884080476998,0.02119862465869626,0.0015999655511500003
0.031853517039894974,0.021199463085707956,0.0017296066812950005
0.031846048641474986,0.021135925858511814,0.0016129030179750001
0.031794243311869995,0.021106286576976798,0.0016392327446015003
0.031771443312285,0.02105452382608102,0.0016684388769700005
0.031781729008790005,0.021043299456282347,0.0016557600373150005
0.03184051806623,0.021037468157978717,0.0017267287666450004
0.03172375423243,0.021021855469050322,0.0016095427882250005
0.031719954730980396,0.021009340082440046,0.0015861373927414004
0.0316537095116256,0.020996420631770044,0.0015641939651640001
0.031765706340417005,0.021019758478212545,0.0017029719092400003
0.03169500567467,0.021034382253146168,0.0016982549541720005
0.031655523586729996,0.02100233028977795,0.0016673893143300004
0.031684826413507,0.02101753409503845,0.0016729438985490005
0.03174097837001,0.021048592300022154,0.0017785709556150005
0.03164979570670999,0.02098965271444154,0.0016353563329550005
0.031584203366339256,0.02097346583583175,0.0016074631817650004
0.03163896141734,0.020962532039865735,0.0016931585485300007
0.031658745229810006,0.021004495824774084,0.0017377609007690005
0.031665814980289995,0.021010210278457057,0.0018189727643900002
0.03156780210245999,0.021020565473720814,0.0017485029535900007
0.03157717266741,0.020992020770737557,0.0017174760192440002
0.03160076537385,0.02097009455303399,0.0016976888808300002
0.03154192688033,0.02096751450176241,0.0016738257875395005
0.03167014181212999,0.020994437418073292,0.0018149003674050005
0.03164364335431498,0.021026889197705435,0.0018952132107200002
0.03156017643955999,0.020990141569224376,0.0018188931545650004
0.031509050991474996,0.020941887160206202,0.0017936720753950006
0.031527769307715,0.020891611418039628,0.0018332985870600006
0.03146933514028501,0.020897282631694773,0.0017953419538200006
0.0314637044172825,0.020866611330481313,0.0017726827497050004
0.031447311662501004,0.020897031882934625,0.00183581086356916
0.03135502022495499,0.02089889904826371,0.0017720202995525002
0.03136977049522499,0.020968984133568208,0.0018550089873000004
0.03143455125840998,0.020931976269885556,0.0018796088257700004
0.03130195147257617,0.020941712213297953,0.001790102155195
0.03135729967813498,0.02093611933314607,0.0018650078301700001
0.03127557741673498,0.02092543977053151,0.0018211233972800001
0.03138663452906498,0.02088693721023446,0.0018484033196240002
0.031341125480289986,0.020899750619577957,0.0018627642859050002
0.031296958067905,0.020855633483655614,0.0018404881548150002
0.031325911973205,0.020840214396364052,0.0018348145047875004
0.031313414518830004,0.0208148801630865,0.0018691640244800005
0.031269147829025,0.020855621640450003,0.0018899201844050006
0.031306322071875,0.020837302115836655,0.0018575743964400003
0.031345683568092,0.02084716936755155,0.0019435300521150002
0.031241123099584996,0.020819738754730855,0.0018819166697250003
0.03118306001004,0.020834494958650963,0.0019243616908350002
0.03111602070966099,0.020823741775978555,0.001851879841695
0.03123573445514499,0.02082919875605543,0.0019971781036950006
0.031213708712784994,0.020813222910154777,0.0019910257947150004
0.03114267915515,0.020728990134417046,0.0018893529587580005
0.031125999596335004,0.02074175883314748,0.001944059189150001
0.031195892050025,0.02081202171926518,0.0019953373447900006
0.031056862919214803,0.02073316584407995,0.0017857800076718504
0.0310783081726025,0.02072168621738482,0.0018872110422500003
0.031129107361349995,0.0207085019741433,0.0019074779422300005
0.031075776518565003,0.02072822333043251,0.0019423751991450005
0.0311276972585285,0.02079538071340475,0.0019887599678000004
0.031029987265609994,0.020763867748579735,0.001988789317685
0.030992056556291246,0.02072119067216996,0.0019625691421200006
0.031031355028850002,0.020693191858708666,0.0019469798824250004
0.031038075049365,0.020711420457810548,0.0020366738866550004
0.030951508856295003,0.02066753531369226,0.0019086424256350004
0.030970917842599,0.020679814517551538,0.0019914132532350003
0.031023645560135003,0.020648646945278147,0.0019444283113495004
0.031000065406314996,0.020681371090033845,0.0020049172035500004
0.030943536014783,0.020612831011328887,0.0019120175535250006
0.030932950596605002,0.020610823891078912,0.0020083000242050006
0.030908312765849995,0.020578976938170956,0.0019590560975100008
0.030891193519844998,0.02058406319044308,0.00197249339824
0.03083714682593075,0.02055816513095667,0.0019276908573375004
0.030894483472943005,0.02057473291593357,0.0020536695500450006
0.030811082423011005,0.020487533052196562,0.0018878805314550004
0.030964529387769994,0.020593610225267716,0.0021097109188000004
0.030814157545538498,0.02052004414810562,0.0019985410368650006
0.03082822388259,0.020526855835479273,0.0020305538325305003
0.030741968214899995,0.02055764212537389,0.0019614807129800004
0.030825749679910003,0.020592089065583644,0.0021262668467615002
0.030687542752595998,0.020490503598093953,0.0019992898247050005
0.030733288819627995,0.02053281115666271,0.00205251865186
0.03063097618420385,0.020446303085748168,0.0019058923922000005
0.03072598044698001,0.02047817871297506,0.0020895084305500005
0.03061721881014,0.020430876523122768,0.0019920544946800006
0.030563278630428,0.02043051680715941,0.0019688867491145005
0.030616581067025,0.020502487091251697,0.0021040985347400005
0.03059699241503,0.020458630982596298,0.0020746537310050005
0.030623760919814995,0.020457930691513776,0.0020682887582385004
0.030571594204115003,0.020465724364802176,0.0020437158318120006
0.030546028816644994,0.02044761411164032,0.0020370993136050006
0.030675139922084992,0.020501594473748653,0.0021488807138750005
0.030521684686813304,0.02044514091039726,0.0020555064072300005
0.030603499950369997,0.020429581511010743,0.00205069979961
0.03050856001676701,0.02040045260856723,0.0019906357700650006
0.030492598290663,0.020406833344449555,0.0020242510646150008
0.030448222187270002,0.020406489756947713,0.0020323018665810003
0.030422617623274396,0.02035589348376377,0.0020070181853885007
0.030426519652167854,0.02040079998502416,0.0020070726154700004
0.030587831451329994,0.020372958740736243,0.002111372814810001
0.030454927192360003,0.02040668066488143,0.0020857464779500006
0.030421074968805,0.0204170036753178,0.0021405110206300006
0.03035755182709925,0.020359997050432992,0.00203469873827265
0.030412586173035,0.020378386982261257,0.0021058100189392005
0.03038244316507,0.020362136711754592,0.0020169520235700207
0.0303756129696754,0.020385992209988185,0.0021603323435100004
0.0303761552574435,0.02034930276682511,0.0021319509352250004
0.030392313401309996,0.020354543693101596,0.0021507636057250005
0.030399889589499997,0.020385486458086195,0.002230388148915001
0.030372489739955003,0.020277758196076863,0.002037177241756001
0.030307063570473598,0.020307590686294234,0.0021687476317850006
0.030468269802879998,0.020363676732885146,0.0022986256053650006
0.0302867094137695,0.020345413388470047,0.0021399939450850005
0.030341839183035,0.020384144539800232,0.0022439898924950003
0.030331468071429998,0.02036432545909625,0.0022434937907650004
0.030284439674370008,0.020333891870553646,0.0021745448025340002
0.030261143810051995,0.020380289642914915,0.0022269178555250004
0.030296176523084983,0.020409861983140265,0.0022671517774525
0.030223476767990982,0.02040848903910851,0.002230034420355
0.030297473745049985,0.020399696426033714,0.0022719700390650003
0.030211641834400997,0.020366738150502512,0.002184898913123665
0.030264306322178774,0.020295543652654797,0.0022135594189850007
0.030249059991165006,0.020330106929647804,0.0022522918406450007
0.03030042208459001,0.020351702583957257,0.0023462799945700007
0.030196837595540003,0.02030219686110515,0.0022962874804900004
0.030193941698090004,0.02034461853480405,0.0023178777981665
0.030233301229408503,0.020338833360053238,0.0023354687258715003
0.03014343060220499,0.02033704094710335,0.00234602707219
0.030119469460694506,0.020317469911873182,0.00225927928311
0.030125689475053997,0.020307189918799824,0.002322381461065
0.03012325655075,0.020280054853349553,0.0022833490149800004
0.03019008920358,0.020311173850219494,0.0023747425259700006
0.03004191038601651,0.020253570014719145,0.002210717222185
0.030096175141689503,0.02025219758343164,0.002323992229525
0.030118548106635,0.02026693465058735,0.0023638423661503007
0.03008502230489791,0.020248976604192392,0.0023481533475995004
0.03006903643638549,0.020264874462124067,0.002331652042715
0.030113740120194986,0.020341711281978266,0.0025074025483100004
0.030026239249803487,0.020286780920084183,0.0024085028930300005
0.029952272601652983,0.020224465262878136,0.0023983883664650003
0.029963446276693985,0.020241189595003883,0.0023286565030650004
0.029940533618201495,0.020183934226403365,0.00236520563328
0.029990383112439997,0.020202607569494775,0.0024237726262600007
0.029891890648889002,0.020202496139305883,0.002396150039955
0.030003714417234994,0.020196125146347055,0.0024121699015500005
0.029916889222400003,0.020140978186252274,0.0023759968325300002
0.02992735729682,0.020167584945145256,0.0024175622925273806
0.029871034500857,0.020148016871155108,0.00233388692793155
0.02989105087807499,0.020181603579580872,0.0024382103549400003
0.029812178675545004,0.020147212366867992,0.0023949788177740003
0.029857129998570497,0.020125324629176933,0.0023352126315461003
0.029837192305995,0.020129907163952108,0.0024121079562650005
0.029826946308095,0.02009972502317867,0.0024795632029850005
0.029825245933165004,0.020125028276974107,0.0024508672880900004
0.02986020467356499,0.02012619213218721,0.0023881911341600004
0.02982004434583999,0.02015585287829178,0.0024864994247600003
0.02978303617329,0.020137304238688803,0.002489823010545
0.029796851009203502,0.020098276859683215,0.002473767930045
0.029755621620399512,0.02008110384921956,0.002426665992038
0.02970989558821,0.02011691611487063,0.0024113262497345
0.029790542211890002,0.020077038163401156,0.0024568531690400005
0.029692433990825003,0.020065012667790053,0.002464873797725
0.029749603598835203,0.02004234278961795,0.0024585147536600005
0.029614794411359002,0.020076116316125155,0.0023484901818537
0.029613107747943006,0.020068605813934513,0.00245442503983
0.02962045175479,0.020037390105788245,0.002410735950390001
0.029667030288147503,0.02002577662298522,0.002477702519635
0.02965131648278499,0.02005162280854919,0.00242588599051
0.029574342492339985,0.02006348246845782,0.0024580690288395
0.02961482074239683,0.020052028550303806,0.0025731041325800005
0.029618312516035507,0.020025000597740147,0.00250164311985
0.029602249851090494,0.020011491043489753,0.00244008444892
0.029506631635654985,0.020006104466474807,0.002515654427925
0.029538384180875003,0.0199711319856848,0.002505640026078
0.029485275226749503,0.01998802336000633,0.00246137865949
0.029554163766630004,0.01996948917165135,0.0025449370016750006
0.029637119696244003,0.020006434560540277,0.0026029912809050005
0.029516277366920002,0.019956148133450105,0.0025473122682050002
0.029418877777125034,0.019959344502700965,0.002445013875574775
0.029415832607159204,0.019955385388480427,0.00246478219952955
0.02947778952222,0.019960540803497007,0.0024942348702075
0.029432505450970002,0.019920971668577633,0.0025489974023019998
0.029478550190992,0.01995337590997549,0.00264314048853
0.029451939169204994,0.019936895128494368,0.002605559356845
0.029364601326117006,0.019878367139207865,0.00251339473578
0.029390131118436198,0.019893773181909335,0.00254044233122568
0.029438935519314965,0.019922445284316866,0.00269385645338
0.029383938403629663,0.019915782106075315,0.0025541297016246503
0.02930398783973999,0.019914653225781453,0.002511790545855001
0.029408691543224983,0.019934675340992226,0.0026594934780500004
0.02927098729878149,0.01988606104148814,0.002454681608785
0.02935905971394999,0.01990061813110505,0.0026784731503000005
0.02926570701033199,0.01986704743152686,0.00259436438411
0.029206407732579,0.01985021679319346,0.002552944816495
0.029400547736375002,0.019920084790659136,0.002682732935555
0.029207991851949486,0.019909574581096462,0.0024892930197345006
0.02935983591387998,0.019934715356684653,0.0027805382438750004
0.029334090733929997,0.01987976070022515,0.002680629538965
0.029259700856051903,0.01986718356345183,0.0025620321145850005
0.029197419734005404,0.019819920866770452,0.0025241509140750003
0.02929437319116289,0.019852328439797264,0.0026891666906600003
0.029201634117674978,0.019859187519212555,0.0026521371795555004
0.029184257897379974,0.01988347438714235,0.0026414340923100006
0.029142256598114986,0.019818475897589113,0.00262058249273
0.029148519565555007,0.019794550000690816,0.0026240893977965553
0.029163881054371253,0.01980361286133755,0.0026663467096800005
0.029071309506838255,0.01979569160501548,0.002571195077545
0.02910783975871339,0.019811642317293685,0.0026295211344650004
0.02915051163042899,0.01983880412369062,0.0028015728269650004
0.02909549564947999,0.019792279453922215,0.002633715575502
0.029052410203257488,0.01983180318978485,0.0027360238233850006
0.029008985030234982,0.01983825115396718,0.0026840800142850004
0.029080145189929976,0.0197764451921325,0.0027306918481600005
0.02908378785359499,0.019787737357216485,0.0027220065457500002
0.029128317030629985,0.01978563112917843,0.002768454375545
0.02899664803254899,0.019769455958016064,0.0027156596785585002
0.02904806089258999,0.01974638563899307,0.002719508926015
0.028978425616309998,0.019741694741576086,0.002594919270394
0.028998080955174983,0.019765356135595023,0.0026852518679865004
0.028958336897779983,0.019735344991689812,0.0026372509476755004
0.029103701504074993,0.019782708956205312,0.00285472058116
0.029020487751884996,0.019734633939444513,0.0028076284897900006
0.02895302926781749,0.019764825535493788,0.00273076604912
0.028938218016269984,0.01978444589189255,0.002762101022725
0.028913338230298603,0.019759891208670492,0.0027666866686432505
0.028882812391792488,0.01973416782636512,0.0027300112621950006
0.02898961855479998,0.019768017707744057,0.002908607006885001
0.028880748138169984,0.019713860216668672,0.0027705778598300004
0.028924938793484994,0.01970729719305469,0.00287665698838
0.028819047289824012,0.01962456452495898,0.002748249080255
0.028788764382965005,0.01960864114931174,0.0026964491133700005
0.028772239424488002,0.0196235850070599,0.002740367595355
0.028774805939852006,0.019599830086699705,0.002712943325805001
0.028882249374550008,0.01961804406704565,0.002850780283425
0.028855650142290003,0.01963308617415921,0.0028706505308150007
0.028735205681785003,0.019596943512108528,0.00279624969901
0.028780213914865002,0.01957325889614804,0.0027691047305100002
0.0286700624761839,0.01959547473915487,0.002770847965794
0.02874488540242949,0.01958580058486426,0.002810083396905
0.028730549493464985,0.019622872352227906,0.002897809881335
0.02866124808448499,0.019591879378987254,0.0028941953830000002
0.02866589442341498,0.019574457739334764,0.0029158892415750005
0.028704638768655,0.019575339126945517,0.00277266913667702
0.028742031246879997,0.019581823549687863,0.0029409969363
0.02872131005177199,0.019582798717274964,0.00293180785775
0.028712961086350006,0.01957028655403166,0.002947357415295
0.028553411791440494,0.019549170424908596,0.002770929224335
0.028668425167964993,0.01953040888019528,0.002979935545846
0.028649072553355005,0.019543354035802867,0.00294867676152
0.028605528146155003,0.01951557358361011,0.002924746444245
0.028567434217280006,0.019502030714470892,0.00290763946473
0.028548906546410006,0.01948854377330605,0.002933000383247
0.02851390855728499,0.019537466965804492,0.0029377365700835
0.02851580603768073,0.01953669348461841,0.002894631048635001
0.028442784053194975,0.019550506637719515,0.002936778437350001
0.028430552161782734,0.01950641312519055,0.0028849558424977
0.028531909677879993,0.0194801431574237,0.002984235223465001
0.028506771440994998,0.01947793377394955,0.0030553110834150004
0.028509015810195007,0.019464540690589678,0.002971801555741
0.028466697853174506,0.01943527812390067,0.002966014902395
0.028440835444135004,0.019408895738169944,0.0030538664735100004
0.02835334515198261,0.0193838276760864,0.00288737709173
0.028458480582340004,0.019427478948182326,0.002997600446435
0.0284773439587,0.019448536172079648,0.003073122563421
0.028339624405889996,0.01940273907333262,0.0029668386429975
0.028349752014139976,0.01942571892331248,0.003005687719535001
0.028296664498669983,0.01947583690068735,0.003062146968715
0.028294619023354988,0.01947067207708453,0.0030522534054850006
0.0283037446607275,0.0194768590866944,0.00319035354736
0.02821209455543999,0.019418229510143253,0.00301534211008
0.028205866527419986,0.019427302088683818,0.0029309806872601005
0.028239610131715012,0.01935353344769801,0.002999337348795
0.028282904566030005,0.019355915052659302,0.003046745336480001
0.0282649981233,0.01931678972780385,0.0030366187309750006
0.028181963822398994,0.01929640454800063,0.003018181453179001
0.028198583384159995,0.01928336774100765,0.003071972601705001
0.02811849656327828,0.019322640449095395,0.0030681313440500007
0.028070430117398557,0.0193052792996105,0.00303088823463
0.028222124832289995,0.01934053030892565,0.003169880051905
0.028209113834292785,0.019341411205850662,0.003176813190968
0.02813472198437999,0.019324749348233784,0.0031392211311350006
0.028132223747524977,0.01933448552093602,0.003216504209260001
0.028133047789897985,0.01936108471804349,0.0032667739168250006
0.027986169283497377,0.0193406442502253,0.0031063437499250007
0.028019735212514996,0.019275129394036677,0.0030310254533985007
0.027979206173299985,0.019301325402455164,0.0031292340504981506
0.02802841031198499,0.01927551691617312,0.0032659869779850005
0.02801187270897,0.019258932489179908,0.0032083616641750004
0.028018311961308485,0.019267298932460552,0.003240301983125
0.02791118100295899,0.01924457946158489,0.0032033061566755
0.027903709732234987,0.019240146445384475,0.0032075901110499997
0.02786458320929749,0.019208056634248016,0.0031272424824189
0.02780939054975799,0.01920098062131279,0.003066678133981
0.027852071807809978,0.01922107188841,0.003154464616035001
0.02786847358685499,0.019260381191855247,0.0032955241787000003
0.02785915341670498,0.019212700973136734,0.0032770191862650008
0.027861771241134987,0.0191752034103118,0.0032859075505000004
0.027858331707615983,0.019193340064481874,0.003379704521140001
0.027718163454992988,0.019203136741209402,0.0031481270341050006
0.027706712659087588,0.019173586139233804,0.0031491995338550002
0.027745885551912486,0.01912052782354249,0.0031836423870569
0.027702268641622493,0.019104435201145055,0.00325645507391
0.02774934684563999,0.019157513685581332,0.0032722448164400003
0.027758644620286498,0.019104653885412767,0.0032910290050900005
0.027655925078924504,0.019075892828120687,0.0032268624924825006
0.02762400215156601,0.01906790790404081,0.0032754655531600004
0.02768784570129869,0.019064427070482597,0.0033337428562525
0.027650431218859996,0.019053196515566334,0.0032658579614200005
0.02756310232663499,0.019064652007095406,0.00316844895253
0.027552931753779986,0.01903995829406882,0.0032429888622712653
0.027600304902903987,0.019079065955600823,0.003376732213525001
0.027580703454774987,0.0190640293115072,0.003360933309180001
0.027470763808314386,0.019029806108659616,0.0033164693418285002
0.027432990671353998,0.01902549487405391,0.0032851687172860003
0.027470085362554988,0.019000804573635333,0.0032307264716900006
0.02743923519143499,0.018995420179040712,0.0032817438689500007
0.027433426561801984,0.018988123497603978,0.0033050800513700004
0.027536913769054983,0.019006507562743722,0.0034843962486650003
0.027423319330693995,0.018976235310038562,0.003328302789255
0.027419263890194993,0.01900260074943066,0.003444205461420001
0.027430085497874793,0.018943539903087635,0.0033763871100625006
0.027252575526344674,0.018944365274873563,0.0031983801507690004
0.027276552228912794,0.01892157947336171,0.003307543427205
0.02737695633422499,0.018936891262598506,0.0034909261854800004
0.027273037384044987,0.018918704277336856,0.003315453747425
0.02729216770315499,0.018941908001420642,0.00349610702297
0.027167859273708888,0.018921850961385125,0.0033876034165798005
0.02720051814700549,0.018917728204354566,0.0034749310605765005
0.027161537497913987,0.018899667338705115,0.003347560173580001
0.027309189955124987,0.018915973181515663,0.003537550124015001
0.027170740019648983,0.01888994531471185,0.003500794393695001
0.02708438298212221,0.018893639275910853,0.003302874431385001
0.027104807579996,0.018914581404254956,0.0035385075847850006
0.027140498950449312,0.0188908863791272,0.00356353746731
0.027057676013550053,0.018875516899040445,0.003483339992710001
0.027102371775849992,0.018884673817215356,0.0035638139896950003
0.02704090244163799,0.01883565161634097,0.00355119591952
0.027043950840879988,0.01881057865191581,0.0035297713663200005
0.026981265301879484,0.018789744957937005,0.0034341721695850006
0.02691151510196374,0.0187995107417118,0.0035577661470250006
0.02691009839413515,0.01875355317504685,0.003532028050955
0.02684432615564749,0.018737178587553624,0.0035178365493550006
0.02682379119315989,0.018739738989574324,0.0034386138108150003
0.026864009811522486,0.018744013210130372,0.003520004363740001
0.026800369901219985,0.01873595116440916,0.0035805518776650005
0.026796762971937494,0.0187949343550917,0.0037461585355650006
0.02675414060640301,0.018759950254739102,0.0035680655629850002
0.026785672656455012,0.018735624066207594,0.003698106957185
0.02668834459526149,0.018703758115182552,0.003487566776285001
0.026684479242242994,0.018653460220434754,0.00361883335216
0.026622914421409502,0.018598548729224486,0.00355769026882
0.026642732710806784,0.018569873281378654,0.0035030220086600004
0.02659736018173701,0.018594191592583416,0.0035345071245250002
0.026593067995414995,0.018619635470397092,0.0036358732176025007
0.02661008665187225,0.01862185608562353,0.0036610410933240003
0.026534171902353586,0.01859864129985615,0.0036279995054950007
0.02654263958296729,0.018627054068814146,0.0037580791090050013
0.026421768905904374,0.01864666771017126,0.0036807142439355
0.026441176145250288,0.018572930403937392,0.0036491120438500004
0.026444510929216486,0.01858344060044631,0.0037163770193250007
0.026346392593106782,0.018548714199571947,0.0036277376702050007
0.026362117076844986,0.018543352235593648,0.0037649004909700006
0.026351868065336684,0.018512658459773942,0.0037168740844950006
0.026326510423394983,0.018530815571330947,0.003844827492675001
0.026259036732694137,0.018479168008201097,0.0036949073775700008
0.026176796600389483,0.01847081604838525,0.0036991382934400004
0.026214145738610493,0.018475688273891008,0.0037419178974315006
0.02610093287521974,0.01844931611421626,0.0036348646928390004
0.026224369776414996,0.018458744693626607,0.0038102770781700004
0.02613605824317499,0.018405351382435996,0.0037653569585350006
0.02608875498192499,0.018432720050448347,0.003776720871970001
0.02608587022794589,0.018409447418432638,0.003820401659705
0.026060170828506025,0.01839757492591277,0.003814442364630001
0.025997080422827185,0.018388962501669333,0.0037256979859500005
0.025938500702824642,0.01833661282722531,0.003698672397794501
0.026055191134454994,0.0183306698054208,0.0039054954867000003
0.02591026676548525,0.018286778808430826,0.0037431015129735005
0.025944478822645008,0.018282255516328554,0.003947499032915
0.025837834580715154,0.01828296451705225,0.003804749724285
0.025776422263175804,0.01823647768409221,0.00381752630779
0.025769699553671206,0.01824651926759311,0.003868641846945
0.02570135593713401,0.018184967845924955,0.0037989065305240005
0.025711362597913002,0.018238141379566888,0.0038746279446
0.025687358813484995,0.018232515705776033,0.003904286427580001
0.025667943153434992,0.018228318112730995,0.004039381068015001
0.025553978653833895,0.01821760703927151,0.003992658075740002
0.02554771058246899,0.018207465717557252,0.003964101991970001
0.02553124117833449,0.018156708329612758,0.004024098569415001
0.02550189307919998,0.018159512206189537,0.004092230492485001
0.025409111282428988,0.01813600117096275,0.004043265989045001
0.02533050062410004,0.01814471984125043,0.003941223189822001
0.02533805304610199,0.018131483682882,0.0040536523894000006
0.025305516768649984,0.018080796634026883,0.003974866248662
0.025269645359394986,0.01805500641522676,0.004140639425770001
0.02525179491833024,0.018085453075168897,0.004105088284238501
0.02521680540206179,0.018049697977012703,0.004173860707005
0.025212804690584293,0.018044409104148763,0.004215802089615001
0.02511327156482502,0.018005603882170762,0.004110946449305
0.02507100186691502,0.018052449074935705,0.004295416220190001
0.025037532357925017,0.018009287277840704,0.004332970349495001
0.025062748138181032,0.018002979968565043,0.00432980966995
0.024983162973855035,0.017984802871988715,0.0042845644776750005
0.024868707514318036,0.017941517109654345,0.004159563798995
0.024787263376821637,0.017927169119778777,0.004170573732233
0.024791938060918516,0.017910439481881136,0.0042867233756
0.02481669353872501,0.017898662356131904,0.004400274488560001
0.02470202362496999,0.017819074801368177,0.004240138655745001
0.024702408564383493,0.017868730774239734,0.004446189936645001
0.024633595035791517,0.01779929742304636,0.0043830258676050005
0.024563679344884768,0.017820905569997103,0.004325635666705
0.02453531864637503,0.017823867587753055,0.004400277502435001
0.02455826538039644,0.017808198415433893,0.004583765952625001
0.024501115381455017,0.017789608657112956,0.004506884259755
0.0243115662758161,0.01773782903498431,0.004440242625495
0.02431555214431,0.01774448909900365,0.00443200363611
0.02432122951509402,0.017721126602518827,0.004606773459975001
0.02421996939497003,0.017695807019906553,0.0045725849086549995
0.024213911388920033,0.017663121089352262,0.004579946955845
0.024145163035530784,0.017636341741813593,0.0045760308106899995
0.024129940916200035,0.017604716466304328,0.004596890327745001
0.024063867147329037,0.017576954864266525,0.004555863538115001
0.023958660377146536,0.01755286790048411,0.004534050946620001
0.02406172835201003,0.01751556500418523,0.00469719161156
0.02390469098073323,0.017476310651491432,0.004499258183015001
0.02383490118958539,0.017464599459505695,0.004606250701435
0.02384329778191857,0.017492967635215424,0.004900475578695
0.023850675090947526,0.01743989128197613,0.004782454805405
0.02382454349077502,0.0174284254714289,0.004840520544045
0.023791150769876007,0.017377419447318347,0.004849985030925001
0.02359339745275,0.01735243395886492,0.004720351518955
0.023670157854384994,0.017412284362011584,0.0049384121388350005
0.023548129250661798,0.017300419704665355,0.0048526268988
0.0235182801501265,0.017321790666593152,0.0049444400051350005
0.023426567975031197,0.017274632111435477,0.00489471810499
0.0234267127557325,0.017245680223981104,0.0049274916371650004
0.023397162926204005,0.017204485366707652,0.00491243168036
0.023304516724460198,0.0171973145512343,0.004960998105200001
0.023330427602914997,0.01716589710520597,0.005070366838410001
0.023366947735939995,0.01721991220716902,0.00520468862742
0.023193146227439992,0.01710899421467659,0.00495842045928
0.023181797781694997,0.017126609177807055,0.005134195390065
0.023075723334427718,0.017064121917233756,0.00504439992185
0.023083200101640007,0.01704035618564608,0.005155702238070001
0.02306222357338001,0.0170419387124585,0.005209640694645
0.022996814521470007,0.01701824999994328,0.005244118803475001
0.02288382340280897,0.017005383594946733,0.00519174167971
0.022877258872144174,0.01691881273548535,0.005189425031825
0.02281930521513506,0.01690222791585095,0.005219629596120001
0.022766605722008445,0.016910547269383482,0.005172613095655001
0.022786317937785003,0.01689300960004176,0.005387386637720001
0.022685350514381003,0.0168571339629654,0.005300552188505001
0.022593010682952008,0.016836881262963344,0.005294032309570001
0.022559644027674314,0.016782305686885667,0.00526260056042
0.022548042831231505,0.016755209077499406,0.005363261377150001
0.022565755726595,0.01675797625043,0.0054261478736250006
0.022546385583036097,0.016723636720317,0.00550875790007
0.022423847609219,0.016690018595940628,0.005487703974160001
0.022276063108891665,0.01665085615896975,0.005372631170170001
0.022245227309937412,0.01665143698775065,0.005362491624380001
0.022301020428730008,0.016680185319643905,0.005698575054385001
0.02215426557371951,0.016594766952655597,0.005418681340585001
0.022114985122862314,0.016589189462874437,0.0054820202327500005
0.022080970576543513,0.01654032115953908,0.005634344246145001
0.022051572275240208,0.01651519345984449,0.005628414734995001
0.022065343690692504,0.016512774627409913,0.0056421205540600015
0.02204064701948,0.01646518738615513,0.00567559900635
0.022010365596585008,0.016472112172281804,0.005828160863080001
0.021870594568410003,0.01639889130148821,0.005663900612280001
0.021861781282234757,0.016393741905549337,0.005756490327605001
0.021868779132407312,0.01637738175791427,0.0058048443140800016
0.021710223028001213,0.016337302141272523,0.005625065840705001
0.021786433897174814,0.016309020523421095,0.005862557542500001
0.02169780909260001,0.016292124627971524,0.005848009070600001
0.02171882113531501,0.016294051152596203,0.006022145793250001
0.021621193998390204,0.016265997154687958,0.005764320267200001
0.0215927396366591,0.016211793506519117,0.005858939069350001
0.021524451768477004,0.016205414707138377,0.005918740072850001
0.021519916645123458,0.01615180121632189,0.006105500891800002
0.02147609081170501,0.016164336745427825,0.0060537810299
0.021413435051100008,0.016086094469978808,0.00598683369435
0.021406936526515007,0.016098023471202504,0.0060513908393499995
0.02129673758386851,0.01613105784223472,0.006101079875300001
0.021317504456680007,0.01605672722324575,0.00615344790585
0.021213006872792012,0.016069417657318265,0.0061729470060000015
0.0211254536123006,0.016010849097473263,0.00615352851975
0.02115110816427771,0.016001722406307792,0.006155450845900001
0.021156976642715007,0.01597106952344085,0.006199158774000001
0.021058346047984004,0.015932498864250893,0.006141151557800002
0.020954073089068007,0.015873531356659407,0.006121454773300002
0.02098309120145561,0.015882386061628652,0.006328640100400001
0.02085065076398533,0.015857410862183514,0.006091876816350001
0.020918724525284753,0.01586143259718395,0.006318393305450001
0.020800554984001608,0.015791213460718493,0.0061329108945
0.020805565774646893,0.015777605403447838,0.006269518031050001
0.020732521014300204,0.015760004768772085,0.0061486647524500015
0.020768669101451854,0.015750094558088665,0.0064080380273
0.020599377173585807,0.01572815149660183,0.006110548770700001
0.020692010370067012,0.015704250990446603,0.00640868366935
0.020601425470186396,0.01569780856185435,0.00651347519685
0.02061063059433821,0.015690021123403362,0.0064226265565
0.02053046036953761,0.015682258339107837,0.0064593859726
0.020482676200739108,0.015584033049966453,0.006351917282350001
0.02046146010866396,0.015604083444518007,0.006525923630500001
0.02045805514870161,0.01554831181501436,0.006531084965200001
0.020433285951656253,0.015579812242797562,0.006545300760900001
0.020253973753212463,0.015527454853343378,0.006466871886650001
0.020277167840092692,0.015476267417960925,0.006316370962300001
0.02029700943069561,0.015477892911403607,0.006621970262050001
0.020160487226316234,0.015466292276015092,0.006368661230250001
0.020198728240060984,0.01543514878141898,0.006643939415600001
0.020216363508893484,0.015394031132029064,0.006600201044350001
0.02010064137200234,0.015381054125677286,0.006558631097850001
0.020056289141236687,0.015356608874013196,0.006598076311250001
0.019998078771798634,0.015330605093033078,0.0065579581671000005
0.019985313865379935,0.01531383701752533,0.0064863447042
0.019971808276192837,0.015334312489318913,0.006662517654000001
0.01993093596771408,0.015286585606236226,0.006867309386550001
0.019930701777164984,0.015252500207871895,0.006700355591600001
0.01992172106823699,0.015242839205808047,0.0067285668344000005
0.019787205927567088,0.015246708781072083,0.0065515222274000005
0.019686087017318585,0.015207149583162091,0.00650971248495
0.01973820887294539,0.0151895753770815,0.00697244329505
0.019751182472412997,0.015169627121064126,0.006806423586450001
0.0196380387336706,0.01514653200058985,0.006688615114900001
0.01958338154598316,0.01509745376503492,0.006546413050910001
0.019662561843228014,0.015090201068105597,0.0068452933640500025
0.019600186683626203,0.0151211919199583,0.006952808886000002
0.019612845302222456,0.01504874745156375,0.006900602696450002
0.019504634976126763,0.015039712904611459,0.006776888970100002
0.01940967152187425,0.015007448265583269,0.00686597963735
0.019428226819905005,0.015002084229285052,0.006786528470450002
0.019391070024717055,0.014969894795548411,0.006870836122050002
0.019381833795267152,0.014981611395082,0.007062657374400002
0.019379889219088016,0.01499194426536084,0.007115389123900002
0.01929160774782912,0.014938804186691839,0.006845009979350002
0.019334532971579308,0.014890877826218863,0.006866887520250003
0.019352261104318112,0.014887111113612702,0.006942220197550001
0.019237181501865222,0.014834909128353939,0.007000655320250002
0.019209981181759168,0.014889278860008117,0.007147335503300002
0.01916980328612477,0.014824962139768243,0.0069092273095000024
0.019139472509620413,0.014762711929531588,0.006888302327500002
0.019176302739028463,0.014773403301476952,0.0070401350834500016
0.019060374374143815,0.01473958492623265,0.006900659944200001
0.019003139990314166,0.01477152531633327,0.007045706422700002
0.018953750228488612,0.014739885888356292,0.007035739414350001
0.018948742161919746,0.014662089330040231,0.007006176804300002
0.018941841554218457,0.014675583378200643,0.006970705080950004
0.01894873611848577,0.014651436724634218,0.006985198388350003
0.01895341880916624,0.01465876943621645,0.007200683184050002
0.0187688573872606,0.01464957524656902,0.006916602944850003
0.018797479346138395,0.01462327414291215,0.007197650766300002
0.01882906194336104,0.014619722086520615,0.007324942522350003
0.018656421362143003,0.014603852251108952,0.007073308016750002
0.018732910512727623,0.014526803180769137,0.007251671154350003
0.018721654861572713,0.014535898850937375,0.007298108956300002
0.01878308286289341,0.014527689923225048,0.007380067084850003
0.018633045335074393,0.01450110275075977,0.007192262206900001
0.018591142752806055,0.01445452478478114,0.007172610524450003
0.018582764619845003,0.014463168369420102,0.007119124280750002
0.018519999593488344,0.014427350012460425,0.007219760364000003
0.01859566572667966,0.01448974930925731,0.007409519174900003
0.018461432615591317,0.01439466834251872,0.006996524930550003
0.018559171206855955,0.014384652572202068,0.007336796332900003
0.01853963450849041,0.014342028842644057,0.007326266094600003
0.0184489344539841,0.014381811780697945,0.007398664370500003
0.018426725809590205,0.014334317777041437,0.007184550486100004
0.018398003514908105,0.014332346537101595,0.0072708033111500035
0.018375086763942707,0.014318227621757794,0.007377285847650003
0.018291076903497256,0.01428693137613237,0.007285400675900003
0.018343334672071002,0.014281429602136103,0.007464663489000002
0.01822248214201167,0.014249197305398333,0.007293019219400003
0.018331344650382837,0.014224775610262242,0.007412773336600004
0.018216954442617804,0.014187168202595354,0.007267170779650004
0.018227004017176508,0.01416776242297816,0.007157746363250003
0.018269679632979666,0.014182591865395415,0.0074791168314500035
0.018171620454078448,0.014149079086911242,0.007322227628450003
0.018113221380754958,0.014177886829582497,0.007307999042550003
0.018105078659191108,0.014099539715473012,0.007441080901450003
0.018131649319816052,0.014124425240363793,0.007486423737450004
0.018040311006175206,0.014088621146876187,0.007381169593350003
0.01803750816150653,0.014078476342959395,0.007675534169250003
0.017977060899577173,0.014020367677862541,0.007352944525450003
0.018001937438279554,0.014028356770889393,0.007489372791250003
0.017999485833987312,0.014058330709590972,0.007728464728200003
0.01792102897211431,0.014006145187409568,0.007297772485100003
0.017864774647428854,0.014002397583335602,0.007326100160350003
0.017888252243869106,0.013989079245956097,0.007463161521300003
0.017854894742902902,0.013971224695915241,0.007417181151200003
0.017826012211958397,0.013946076697344153,0.007511083827550003
0.017803846923472512,0.013928692577891085,0.007406443199850003
0.01783325734423211,0.013925118455636935,0.0077882701973500034
0.01773987112586636,0.013928754808196157,0.007626856505550004
0.017714023210787008,0.013907262334395192,0.007683799816850003
0.017630379423809885,0.013885882493677603,0.007667131181600003
0.017668973044194305,0.013858885694959196,0.007827338214100003
0.01763750989343895,0.013859606652885987,0.007662386034350004
0.017587740842013155,0.01381986111010113,0.007592566153800003
0.01753878686265134,0.013817709707573789,0.007834603845900004
0.01761723547555871,0.013803992537449187,0.007688636479150002
0.017581708099170038,0.013756643226407371,0.0076652910421000035
0.017533213670403863,0.013751692524262674,0.007745437995050003
0.017481922204520137,0.01374847349392062,0.007563310524000004
0.017519906958948665,0.013738811330382829,0.007776925957900002
0.017510222298086967,0.013696306675878796,0.007833653412050005
0.017453379954752244,0.013711904851176297,0.007883665002900005
0.017481058283963354,0.013666969613435893,0.007830663064450004
0.017438520204467706,0.013666062150846989,0.007907964821250004
0.01744695070105971,0.013661887518138575,0.0078122745412000025
0.01736819303802396,0.013605243068027049,0.007668563704100002
0.01730575204254239,0.013616241615760622,0.007743468127950003
0.017300726740011815,0.01359237274622707,0.007748810010300003
0.0172485227949104,0.01357604514618234,0.007725271293250004
0.017224012165345606,0.013614132131831838,0.007766764350850003
0.017178669546870102,0.013539831381558495,0.0074779574553500055
0.01723805820747112,0.013519598563681495,0.007685702508350005
0.017158766870095356,0.013518970147761468,0.007649622026650005
0.017154732039322225,0.01352125881165453,0.007543334310000006
0.017172601919076904,0.013478375374949995,0.007526773443250004
0.017127505548652267,0.013472231796054904,0.007386601522250005
0.017095551349160246,0.013480476907993647,0.007614595376250004
0.017069441602522217,0.013482382308718958,0.007934830591900003
0.017006564324334953,0.013437437486580755,0.007669814662100004
0.017046084578846002,0.013403858033256902,0.007603974508400006
0.01701176748573206,0.013433316376269685,0.007365357054350006
0.01701625189321447,0.013374729435425548,0.007407721215100005
0.016919970341710996,0.013372767207711325,0.007321459199550004
0.016967288754411856,0.013376705032557754,0.0074019359564000044
0.016921220647867805,0.013343779326851676,0.007324640726900006
0.016922672392633356,0.013359199867620675,0.007909497359350006
0.01692805673036151,0.013330739086279395,0.007704398111250005
0.016893326894812245,0.013297400777297021,0.007800558742050004
0.016854084889822117,0.013302289716427959,0.007815111856700002
0.016769465032405353,0.013288803996730653,0.008041379074050004
0.016865929569292754,0.013265689900436597,0.007872904952700006
0.01687656914046326,0.013278017820746855,0.007816523481050006
0.016782976708147282,0.013243942178202805,0.007670317887600005
0.016777617630484208,0.013228894121702315,0.007632760254700006
0.016834283944000106,0.013210059415926758,0.007677434093950005
0.016798903828061266,0.01320892383960606,0.007583669140100006
0.016734347481605405,0.013173971657084718,0.007519712718450006
0.016727590166662806,0.01316931719560804,0.0077907956387500065
0.01663858007337816,0.013150980992137892,0.007847259430900007
0.01663077084721101,0.013149705447138876,0.007369059162100005
0.016574128781790556,0.013161564592364592,0.007587585830200005
0.016665706563090705,0.013114717658096683,0.007792236187700008
0.01658617478763246,0.013117634413060138,0.007641635580850006
0.016591750490446693,0.013129076066439788,0.007771029406300006
0.016597359146366845,0.013044039103627163,0.007830464963700006
0.016489955804901917,0.013060645582958698,0.007731722386900006
0.016541196654569563,0.013031450966225114,0.007756402465700006
0.016552645145454514,0.013052130627979856,0.007558762864800005
0.016532330660715012,0.013012620271298452,0.007514186459750005
0.016462567089111996,0.012987414554846201,0.007600119402950005
0.016476963744113938,0.012988124298212,0.007604935164300006
0.016516300444458662,0.012986015569656848,0.0076657497291500055
0.016432857734553382,0.012993834960529901,0.007798764612450006
0.016426433559551402,0.012973826005317194,0.008205090912800007
0.016422852982110707,0.012958605084238581,0.008048306405250005
0.01648337560867758,0.012948168357533606,0.008212156863050003
0.01641812349682507,0.012939708254060212,0.008118844758400004
0.016412119035684306,0.012896772480787026,0.007954605539100004
0.01635550368826224,0.012890321843113908,0.008225820547400006
0.01639910746116221,0.0128838134842346,0.008034956932900007
0.016341567844144655,0.012885828093061541,0.007979426916250006
0.016353222407585966,0.012863451872438533,0.007897066854800005
0.016252017104260864,0.012811389680633351,0.007544669918900005
0.01628597119378119,0.012823824161980798,0.007833672256050006
0.016340399287080913,0.012830812895468096,0.007773612552200005
0.016285916817008507,0.012821916936901568,0.007800285465200005
0.01635771168327668,0.012825048751374513,0.008242473605650006
0.016221614508763263,0.01278792377733206,0.007935877487500007
0.016267039169825102,0.012778511184567343,0.008200106223850007
0.016281330072738503,0.01275737426758642,0.007963102420400006
0.01624155077384542,0.012721155623822646,0.007725516627300005
0.0161013851249851,0.012777792422857748,0.007703343186600005
0.016162634501608267,0.012728255207219846,0.007845853032700006
0.016139904425823835,0.01269715174842458,0.007705975369950005
0.016137725659628878,0.012691357133011998,0.007794068105650006
0.01612980642358171,0.012669191795549253,0.007648519797150005
0.016136955531420964,0.012658426331766216,0.007834688060600005
0.016160019279156907,0.012667771978462325,0.008081760987650007
0.01611021320816726,0.01262929166198731,0.007920478056150006
0.01604280712418911,0.012624596108685004,0.007407982937400007
0.015998852073739876,0.012629464720667644,0.0075852522166500085
0.015942872372880133,0.012636176008337182,0.007517314253200006
0.01608159673696161,0.01263273968533465,0.007838026192250006
0.01607846831054706,0.01260392265207114,0.007812518091350007
0.015988419185678115,0.0125503580312717,0.007825710306400006
0.015958860400142615,0.012553294644898814,0.007691516258850005
0.016037289762384773,0.012557093243969454,0.008092314294850007
0.015993428846809606,0.012557489944591193,0.008240317137600008
0.015924411592292437,0.012508130287826432,0.007957067791600006
0.01594050465571865,0.012551472559326173,0.008127881368550006
0.01587284459473396,0.012491145304414551,0.0077065596238500055
0.015925115078317092,0.012466564701580677,0.007789772630750006
0.015949285661642155,0.012484729229043945,0.007859044432450009
0.01592888977989601,0.012499573031533302,0.007841601049450007
0.01587860370429046,0.012446838606876329,0.007730859830700006
0.015873757909755662,0.012445269248605083,0.007936386134900006
0.015816327539865387,0.012438211803740265,0.007894174279650007
0.015915865211311258,0.012438560191640744,0.008139217945400007
0.015823834575710335,0.012422611820954345,0.007983068262350006
0.01585990145752087,0.012389954788435638,0.007980128989850005
0.015857273093958874,0.012378648375273402,0.008230566871650006
0.015799122037611683,0.01236653635304425,0.008098248773600006
0.015808950065742906,0.012359315229728409,0.007715984551950007
0.015825213038776334,0.012370401552939054,0.008051346812950007
0.015739066873800313,0.01230236371910074,0.008039179895950006
0.015736388243404165,0.012317265298462974,0.007732005810500007
0.01568208503198291,0.01232496646235542,0.008048905686050007
0.01567512230708086,0.012295490550913474,0.008215825057350006
0.01564671821455456,0.012282630104315817,0.008121319090100006
0.015667228465872554,0.012274812541038103,0.008253330189800007
0.015568391944770981,0.012269574206623945,0.008136060342100007
0.015606803673112506,0.012274455371944892,0.008319299386800007
0.015518898726404357,0.012252667060885493,0.008066594013300007
0.015487307960315942,0.01222163017353695,0.007940605728450005
0.015498082621724167,0.01223287228081495,0.008189896543100005
0.015607077949871113,0.012236116267048304,0.008143897578450006
0.015542384908850562,0.012208217985439569,0.008279886725650006
0.01554452640893906,0.012213480266196418,0.008423141601050007
0.015526333960205831,0.012229044272677136,0.008301642403400006
0.015490142566364853,0.012216590717660163,0.008109082779850006
0.01550979724749445,0.012175122109483459,0.007939187715550005
0.01552102760957591,0.012167718759665751,0.008255967738150006
0.01549016249586746,0.012121229046576103,0.008052372641300007
0.015465749410731462,0.012148073378608192,0.008059473403200006
0.01550763077583353,0.012128600488742805,0.008229945883900008
0.015424455184526712,0.012103001402802857,0.008173519104050005
0.015434930561618862,0.012081702862448602,0.008063846727400006
0.015416245433361939,0.012138167692216312,0.008254280654200006
0.015342647300048463,0.012091079221659272,0.008035697461700006
0.01535208246716141,0.01204691846012685,0.008174910034900005
0.015341694141633375,0.012082507496612284,0.008205804630950006
0.015369377844310056,0.012068975402174446,0.008187445871600006
0.015306813534361755,0.012031885995274582,0.008241663343100007
0.015354479683341879,0.012050470855869999,0.008638389863700007
0.015394355030114574,0.01198961787552296,0.008414232407150005
0.015353904836358729,0.012051142331620749,0.008325138723550006
0.015294322440044661,0.011977059053451604,0.008293916172000006
0.015270469596583913,0.011983435746854518,0.008336908187850005
0.015294120272148312,0.011958976953026047,0.008411064654100006
0.015343161072973347,0.011991489613456719,0.008342253815350005
0.015251063639143306,0.011960359819350931,0.008089849857550006
0.015244456642575285,0.011910122991504193,0.007958088267200005
0.015200273385442605,0.01193696239010213,0.008318821885400006
0.015259837483486808,0.011930916251050973,0.008501266259050006
0.015237558692742306,0.011921213900347352,0.008354684149300007
0.015130848729322703,0.011931142113343292,0.008346563660300005
0.015142520673301409,0.01191540435153558,0.008255056552750006
0.015073260509399113,0.011916806182374343,0.008123115525100005
0.015086018062268029,0.01188540359715895,0.008224376859300006
0.01505258342791231,0.011844425798629502,0.008429320177800006
0.015136196795779112,0.011856626686735488,0.008410840312900006
0.015093005742521476,0.01184538807235783,0.008415417917400005
0.015114534873776456,0.011833938548839748,0.008047454330350005
0.015011131896081012,0.011842312378276538,0.008257571243800006
0.015097007391559152,0.01183426803161398,0.008506039097500006
0.015040654107259813,0.0118146174315286,0.008429121783500006
0.015066981073448511,0.011802672696274503,0.008482001533600007
0.015097333698163212,0.01176268391843012,0.008540308954350005
0.01507825914909098,0.011783959804419502,0.008436608905100007
0.014982155636274258,0.011769710349545723,0.008298763660400006
0.014957194969175209,0.011745570932327603,0.008168544287450006
0.015028144511625673,0.011725036534454612,0.008363409927250008
0.01494171122794966,0.011762339807881727,0.008215779408900009
0.01494510717471993,0.011692876353365068,0.008322419911700006
0.015017647386669428,0.011709907689378744,0.008457149143900007
0.01487221459762093,0.011699723964837094,0.008320620158000006
0.014963991916328627,0.011710087745030653,0.008460936101750006
0.014918225893976657,0.0116791849503774,0.008246017467900008
0.014918324037868011,0.011666595550755905,0.008387539927050007
0.01497292887978019,0.011664279158571305,0.008393554911450007
0.014829781921511891,0.011649591949436846,0.008089328172300007
0.014874106795008805,0.011644479090570797,0.008191414029850009
0.014791314381383766,0.011631337816986047,0.008064569249050009
0.014823409121944003,0.011605933974223754,0.00819301877560001
0.014816733249287877,0.011585745732056998,0.008236177118550007
0.014870307058407996,0.011619310724621997,0.008490415834450007
0.01479990964583075,0.011606654648190955,0.008016005182350008
0.014776218001153005,0.011591388025271583,0.007970599788750008
0.0147767336820557,0.011568182353643847,0.007889552338050007
0.014691589577831336,0.01157432082513929,0.0076651511273500075
0.014745504350992722,0.011559158840384246,0.007799326689750008
0.014741770437666998,0.011547866454475496,0.007842578404700007
0.01469341403740056,0.011502102112862874,0.008065718886700008
0.014828992120635456,0.011553393552112894,0.008517909598400007
0.01470012488363518,0.011515179371527368,0.008207702379050007
0.014618421360109445,0.011513776116886304,0.008048626474000009
0.014698025790466304,0.011553527770693047,0.008286129289650009
0.014670929906660059,0.011469365793954434,0.00813947196860001
0.014653003322101902,0.01148308851957985,0.008100151039800009
0.014668147929930798,0.011470144778374445,0.00819192834335001
0.01469334761350835,0.011462117485973,0.007897876206750008
0.014646842331778303,0.011455225669438154,0.007524056054850008
0.01466775790371936,0.011475906758369455,0.007823605777950007
0.014611046888241797,0.011428482440844488,0.007696659966550007
0.014507415648700273,0.011387214151341548,0.007873923290300008
0.014571334919122103,0.011401003947006393,0.008193354874450009
0.014546525756966255,0.011412488683888493,0.008294077034850009
0.014563693880883242,0.011355241882526741,0.008252765987100008
0.014545428758729762,0.011390366850902672,0.00814969200765001
0.01458893580556695,0.011377501768592055,0.008466321597000009
0.014611322300727205,0.011371166981449134,0.008337900546900008
0.014482611827362196,0.011312368312421392,0.008116218939350007
0.01453699158602211,0.011364482768776545,0.008108759333900008
0.014499907232933363,0.011333522202720549,0.008213490838000007
0.014365984348717973,0.01132731360618204,0.007868764600250008
0.014360870340995717,0.011282385370513405,0.007758324940000008
0.01445838349575562,0.011282056832207303,0.007768112232900007
0.014443969857004479,0.011318456641868879,0.008125358595650008
0.0143658184526822,0.011277212834659595,0.008246188723550008
0.014369527670246292,0.011267044238931104,0.008254382990850007
0.01444064387321705,0.01126320082335867,0.00844723251585001
0.014374846605919547,0.011222464701574043,0.00840264196115001
0.014374187935721748,0.011229058162329338,0.008218566012150008
0.014260033756761,0.011218900833959043,0.00794533133810001
0.014389690268087629,0.011229736164059093,0.00843836862245001
0.01427634969776078,0.011258964419907504,0.00798046754680001
0.014346862209429701,0.011218641476374115,0.008375135487550008
0.014235184435958895,0.011205172194760514,0.008104154555650007
0.014210957053948835,0.011190063606686234,0.008249671066250007
0.01421831528548761,0.011167926102557393,0.008306017270300007
0.014282631264042204,0.011165107231968598,0.008276026088400008
0.014191789096511611,0.011153799873958448,0.007920419781150007
0.014251167480316105,0.011148485388309173,0.008191795263700008
0.014176270715641204,0.011148190198007649,0.008045423702550007
0.014176154979736986,0.011154096702934395,0.008323292527150009
0.014164088351726946,0.011104366878109142,0.008483053649550008
0.014173949202845993,0.011088675356506393,0.00873896821040001
0.014127991072918102,0.011133958758236499,0.008406342944150009
0.014076737555302702,0.011090102809381967,0.008173790337300008
0.014046925599242529,0.011053724815773045,0.008227752599000007
0.014017786355516653,0.011072119978369472,0.007990725197050007
0.014125727744019684,0.011068118652598546,0.008285999149350007
0.013998133158372558,0.011072918677181777,0.007993216408850009
0.0140393903353885,0.011046250564234642,0.008139752457800008
0.01388480064502689,0.011056445042588299,0.0076447067402500065
0.013972341810972672,0.011003346384909378,0.007753937035450008
0.014000031667788845,0.011053868067350774,0.007444245865300011
0.013961690416546626,0.011032008338666795,0.007620078192350011
0.013967684786657478,0.010990320553178697,0.007813288766850009
0.013878563200110529,0.011022830642105123,0.008048193742200007
0.01390917910179495,0.010981457437479292,0.00845089578335001
0.013879817563450903,0.010948678071423799,0.008316730688300009
0.01392023950286525,0.01098877179683357,0.00820855077030001
0.013927328978215952,0.010983731785601924,0.008353373163000008
0.013809575441377231,0.0109382736760584,0.007937634957900007
0.013823107135219701,0.010904399467762789,0.008113793357400008
0.013888926082943098,0.01096178631491894,0.008371731299450007
0.013759184112171375,0.010915598147945692,0.007940902238100008
0.013839925548039745,0.010888677875077354,0.008303932784000007
0.013846989707108556,0.010915478895874197,0.007922440518050008
0.013770194298448469,0.010878756382273152,0.008116085886200008
0.01375327345828765,0.010921153544956517,0.007985323983450008
0.013806792680589703,0.010895588588730418,0.008090655249000007
0.013809684664545494,0.010867229732383098,0.008270258942150008
0.013797313204956448,0.010875507112851646,0.008447938386800007
0.013633376248061675,0.010835921417224403,0.007880438352500008
0.01369316672047185,0.010823814478976951,0.007889472947850008
0.013648119183387203,0.010797371150092012,0.007993958543300008
0.013653773409419947,0.010803656468146551,0.008124169905450007
0.013643988651394372,0.010796008404835602,0.008188611822200008
0.01361575565614834,0.010778743207046452,0.008124795198050008
0.013580984332177602,0.0107902545317003,0.0076714520423000095
0.01351364898435984,0.010754520137375517,0.0074300179893500105
0.013550654156436805,0.010790055167586387,0.00759068547690001
0.013523546109301269,0.010736788923711717,0.007854538699950007
0.013636531754512451,0.010758383089961458,0.008267639767600008
0.013529614870725081,0.010725984443510679,0.00796543940025001
0.013583312502106173,0.010726377454211945,0.008051675569550009
0.013583259089111342,0.010758505820953747,0.008098549996650009
0.013538987487497,0.010723868452698154,0.007911802338900008
0.013541635989198152,0.010711970788021155,0.008091241065650009
0.013472224250899075,0.010740817507255472,0.008144495427950009
0.013455340446426631,0.01069683297595885,0.007926085218800009
0.013444845265288788,0.010694218194213349,0.007831698084300008
0.013437016685963341,0.010674786001789937,0.00770712581665001
0.013518427398744252,0.010685940726860348,0.00808443062000001
0.013445077820143255,0.010644509665692463,0.007827463216150009
0.01337206151317181,0.010624970230507553,0.008013448745600008
0.013412697702104896,0.010577379923418444,0.008227261721700007
0.013458433326913148,0.010650534345774043,0.008518427886550007
0.01345431495117335,0.010643949940098162,0.008292419133100009
0.013383129762173611,0.010605630248913454,0.007940523560550009
0.013380561220936713,0.010611565983370803,0.008129265390650009
0.013331665178147096,0.0106439602769994,0.008240973919250008
0.013317657312777348,0.010584526040865527,0.007937160700550009
0.013285216955752927,0.010577115646977428,0.008038226467750008
0.013336283451782577,0.010540078460430702,0.008063144120550007
0.013328980779120862,0.010576217529510927,0.008111454294750008
0.013304307027286622,0.010533575774313825,0.008200220329700008
0.013295676582989231,0.010552277318422346,0.008462698831100008
0.0132100195868555,0.010537295984460852,0.008191790616500006
0.01318541693091441,0.01051069881072096,0.008273516273100008
0.013219792154106508,0.01051228987861442,0.008228935798900007
0.01333604714633313,0.010514375021715755,0.008501889532550008
0.013125350150746607,0.010509722305451004,0.007930162686500009
0.013206211836264511,0.010466616286026253,0.007960851254900007
0.013146641659730722,0.010480083731652406,0.008258328057600009
0.013161947207511392,0.01045311648886992,0.008187698464750006
0.013257068837291153,0.010456931470458314,0.008324018468500009
0.013139768992773066,0.010466168085081108,0.00807138127930001
0.013143248995730264,0.010421936688524288,0.00808416392875001
0.01315390415830198,0.010427993456461698,0.00798577528580001
0.013125047719481753,0.010432822742508849,0.008110492299100009
0.013113816461219549,0.010417732842228654,0.007817065467350011
0.013172729271238647,0.010427786810132143,0.008020465358700012
0.013070162586345614,0.010411531105126652,0.008261171999550008
