"saccharose: (5.185803, 5.246521)","alpha-glucose: (5.013715, 5.056501)","beta-glucose: (4.419116, 4.465992)","fructose: (3.776692, 3.805767)",whole_spectrum
0.005269043214499754,0.0,0.0,0.0,0.07458571348307383
0.005218893834999742,0.0,0.0,0.0,0.07008975247149726
0.005332076966499758,0.0,8.818317249999926e-05,0.0,0.07800889364015651
0.005318624533499741,0.0,6.624771099999947e-05,0.0,0.07776200223059429
0.005354669272499758,0.0,0.00012108148299999894,0.0,0.07965456356061425
0.005219072097999746,0.0,0.0,0.0,0.07488723424722947
0.005308940331499754,0.0,9.472584749999921e-05,0.0,0.07813048972034409
0.005219442598499757,0.0,0.0,0.0,0.07295875969961124
0.005255208481999754,0.0,7.654404949999944e-05,0.0,0.07745378659454898
0.005222653744499758,0.0,0.0,0.0,0.07493261051809287
0.0052432204414997515,0.0,5.826461999999965e-05,0.0,0.07680801335423658
0.00521897976199978,0.0,0.0,0.0,0.0730241288073777
0.005313943897499753,0.0,0.00013419052399999887,0.0,0.07979608726879306
0.005319866142999748,0.0,0.00013734578599999885,0.0,0.0804041761993866
0.005161748352999774,0.0,0.0,0.0,0.074014369911173
0.0052352554809997785,0.0,5.757388749999975e-05,0.0,0.07668070516311623
0.005226839125999758,0.0,8.27359304999995e-05,0.0,0.07750998963339029
0.005211630061499747,0.0,5.638181049999976e-05,0.0,0.07685800318933375
0.005206049511499742,0.0,8.996298549999937e-05,0.0,0.0783893526650978
0.005113485304999759,0.0,0.0,0.0,0.07358606258793267
0.005242999184499756,0.0,0.000133267390499999,0.0,0.07985164109494716
0.0046860215786497395,0.0,0.0,0.0,0.061003190341613514
0.005236651739999741,0.0,0.000125960809499999,0.0,0.07848217731443338
0.005161801407999771,0.0,5.267889849999993e-05,0.0,0.07621818212199646
0.0051263887119997655,0.0,2.8961538500000175e-05,0.0,0.07526379974868552
0.005244282787499752,0.0,0.00014246760049999897,0.0,0.07926262622337527
0.005144941736499751,0.0,7.38401879999997e-05,0.0,0.0763886445020109
0.005050271928499762,0.0,0.0,0.0,0.06917621774157112
0.005068620213999769,0.0,0.0,0.0,0.07024043551497906
0.004951155112499752,0.0,0.0,0.0,0.06567143587918814
0.005130388420499768,0.0,6.207687749999994e-05,0.0,0.07676972569880698
0.005133804612499765,0.0,7.411333649999982e-05,0.0,0.07756721778815744
0.005125962832999787,0.0,7.473023099999989e-05,0.0,0.07753118129604517
0.005060125751999751,0.0,3.2493795000004925e-06,0.0,0.07484646699026146
0.005073016051499762,0.0,1.8239927500000427e-05,0.0,0.0748110644047358
0.00499957539599976,0.0,0.0,0.0,0.07051042347693186
0.004918292479499774,0.0,0.0,0.0,0.07007054101995319
0.005149660541499751,0.0,0.00012534399499999926,0.0,0.07894698029059939
0.005093931841999758,0.0,6.751868649999991e-05,0.0,0.07633380088113295
0.005135740379999755,0.0,0.00014771106549999908,0.0,0.0799295101507666
0.005046770308999773,0.0,3.093132550000039e-05,0.0,0.07619377373793684
0.005003659106499784,0.0,0.0,0.0,0.07236428633865549
0.005040082476499773,0.0,6.217452500000009e-05,0.0,0.07667167392342158
0.004935589051499772,0.0,0.0,0.0,0.07171163573413986
0.005022833871999764,0.0,6.682696300000014e-05,0.0,0.07692806937826925
0.005001235010499753,0.0,5.734210449999997e-05,0.0,0.07572437010943663
0.004920386110499756,0.0,0.0,0.0,0.07276544783332943
0.0050494781964997605,0.0,9.402476649999978e-05,0.0,0.07761901002554972
0.004865456405999759,0.0,0.0,0.0,0.07002277826992973
0.005039402249999768,0.0,0.00012635244199999952,0.0,0.07898947690522182
0.004829071607499804,0.0,0.0,0.0,0.06942998200494997
0.004936509312499764,0.0,1.4124160000000713e-05,0.0,0.07540995256758026
0.0048997250609997605,0.0,0.0,0.0,0.0712756520428687
0.005047955145999765,0.0,0.00015030475299999924,0.0,0.07964579932821744
0.0049390003524997705,0.0,2.841190800000059e-05,0.0,0.07528723195179883
0.004977673311499761,0.0,0.00010117573699999969,0.0,0.07725057339673792
0.004871564670499763,0.0,0.0,0.0,0.07296144373873147
0.004816930514999764,0.0,0.0,0.0,0.06678942101873339
0.00482520116749979,0.0,0.0,0.0,0.0650927834475187
0.004895323165499762,0.0,1.6321256000000612e-05,0.0,0.07524495159689508
0.004897098841499763,0.0,0.0,0.0,0.07172014134351892
0.004759648574499762,0.0,0.0,0.0,0.06935841373390023
0.004710120301999766,0.0,0.0,0.0,0.06403109566491172
0.004882913430499786,0.0,1.7916540500000957e-05,0.0,0.07513067589135466
0.00481007286099977,0.0,0.0,0.0,0.07270126398826908
0.004849720832999778,0.0,2.6506198000000757e-05,0.0,0.07509961265507123
0.004827570646999768,0.0,0.0,0.0,0.07276347836002195
0.004808459957499774,0.0,4.822890000010303e-07,0.0,0.07338811179417187
0.0047583673359997665,0.0,0.0,0.0,0.07128187067638062
0.004915309305499768,0.0,0.00013662007999999947,0.0,0.07879306128758172
0.00486397316049977,0.0,7.814811600000013e-05,0.0,0.07674127783388851
0.00474143313149977,0.0,0.0,0.0,0.07236449050700758
0.004848533580999768,0.0,8.131347499999998e-05,0.0,0.07672939284705974
0.004861093298499775,0.0,9.626528850000016e-05,0.0,0.07745722004959392
0.0047446640924997735,0.0,0.0,0.0,0.07297815849399794
0.0047949551424997785,0.0,2.3873198000000388e-05,0.0,0.07401373113519152
0.004788751399499772,0.0,7.901995500000914e-06,0.0,0.0734625934678375
0.004745227933999774,0.0,0.0,0.0,0.07256020151761092
0.004823853151999774,0.0,8.972043700000013e-05,0.0,0.0770780679129569
0.004809105751999774,0.0,0.00012741472149999965,0.0,0.07843930725211963
0.004748548776999789,0.0,1.2062612500001287e-05,0.0,0.07461462410849785
0.004584395039499777,0.0,0.0,0.0,0.06689176174544209
0.004816205412999778,0.0,8.631694350000034e-05,0.0,0.07719777426891991
0.004699111375499776,0.0,1.163120250000095e-05,0.0,0.07396736704794361
0.004723827992499776,0.0,2.5665120000010226e-06,0.0,0.07377407502795263
0.0046989613024997785,0.0,0.0,0.0,0.07161282549979461
0.004666535059999786,0.0,0.0,0.0,0.06267649255576603
0.004499961448999779,0.0,0.0,0.0,0.06936333190847066
0.004747929752499779,0.0,8.21649545000002e-05,0.0,0.07653181111523509
0.00467210603349978,0.0,0.0,0.0,0.0730827954147585
0.004652589364499786,0.0,0.0,0.0,0.0725671732244026
0.004682821231999788,0.0,2.3851990000014868e-06,0.0,0.07455611292907768
0.0045816739309997795,0.0,0.0,0.0,0.0707648605291003
0.00450135496699978,0.0,0.0,0.0,0.0638604960905542
0.004586873353499786,0.0,0.0,0.0,0.06976922086014267
0.004690583112499785,0.0,4.941706050000079e-05,0.0,0.07521212894362606
0.004788384982499784,0.0,0.0001879518019999995,0.0,0.08095338885485227
0.00461439597099979,0.0,0.0,0.0,0.07349080659846012
0.004556764471499784,0.0,0.0,0.0,0.06984268304775945
0.004526683112499787,0.0,1.7301500001414298e-08,0.0,0.07286730759096434
0.004671124747499786,0.0,0.00012776296849999989,0.0,0.07794056677737973
0.00456225108149979,0.0,0.0,0.0,0.07193912378369806
0.004601446385999788,0.0,0.0,0.0,0.07308276931095804
0.004631685381999788,0.0,6.969950950000054e-05,0.0,0.07595894256744282
0.004638855723499787,0.0,7.370454200000056e-05,0.0,0.07588008689813808
0.004648789438999799,0.0,0.00010164915699999974,0.0,0.07698260041227992
0.004610657158499787,0.0,6.0184959000000856e-05,0.0,0.07532101566127525
0.004551510147499803,0.0,0.0,0.0,0.07155536912553812
0.004475648684499791,0.0,0.0,0.0,0.07035308017260734
0.004520271870499791,0.0,0.0,0.0,0.07254284107236729
0.004586048946499792,0.0,6.792401700000058e-05,0.0,0.07555654622687083
0.004564772705499791,0.0,5.335506050000084e-05,0.0,0.07549359406598392
0.004464246702999792,0.0,0.0,0.0,0.07076030432650082
0.004428723271499793,0.0,0.0,0.0,0.06911625815398229
0.0044838975444997965,0.0,0.0,0.0,0.07201528327858499
0.004572038033999794,0.0,5.181344750000115e-05,0.0,0.07485466703839394
0.004388384084999792,0.0,0.0,0.0,0.0673781398686212
0.004514268049999805,0.0,4.090387850000058e-05,0.0,0.07444207774700587
0.004404373987999798,0.0,0.0,0.0,0.0689590649261361
0.004429604480999796,0.0,0.0,0.0,0.07121061852953096
0.004399366224499798,0.0,0.0,0.0,0.07054300156996025
0.004471755700999808,0.0,9.257355000010019e-07,0.0,0.07334451381272963
0.004521987399999802,0.0,7.352548100000049e-05,0.0,0.07564429786962532
0.004428435233999797,0.0,0.0,0.0,0.07147555049530126
0.004356996726499808,0.0,0.0,0.0,0.06985146934191487
0.004388989457999825,0.0,0.0,0.0,0.07146461076073665
0.004457213644499812,0.0,4.2915466000000555e-05,0.0,0.07318210232112543
0.004440830385999804,0.0,0.0,0.0,0.07162499315658363
0.004438258714499809,0.0,4.084722800000081e-05,0.0,0.07486194920946737
0.004295278632999808,0.0,0.0,0.0,0.06817646265018287
0.004446604681999801,0.0,5.697547950000109e-05,0.0,0.07537307375051117
0.004464289964499821,0.0,8.832093150000003e-05,0.0,0.07547247888332961
0.004350630349499805,0.0,0.0,0.0,0.07076112114145547
0.004469646888499802,0.0,8.428650200000104e-05,0.0,0.07527229441233951
0.0044242437064998036,0.0,2.3368192000001517e-05,0.0,0.07447181299798654
0.004313937897999804,0.0,0.0,0.0,0.0692899308467122
0.004434104218499815,0.0,6.415858950000055e-05,0.0,0.07510970099126976
0.004423902287999805,0.0,5.449482000000134e-05,0.0,0.0750199244182892
0.00434671094349982,0.0,0.0,0.0,0.07175521207191836
0.004284695783499823,0.0,0.0,0.0,0.06893578127833219
0.0043229789904998175,0.0,0.0,0.0,0.07163278611231343
0.004394626538499813,0.0,8.966476250000056e-05,3.423986344999654e-05,0.07657394541109874
0.004332752197499842,0.0,3.2942158000000294e-05,1.3607079049996753e-05,0.0740265160426766
0.00435685200799982,0.0,3.6909654500000903e-05,1.1497361999996238e-05,0.07417129035242799
0.004417404107999832,0.0,7.774870650000021e-05,2.1806238049996735e-05,0.07632967298878286
0.004160977484999814,0.0,0.0,0.0,0.06046570210384154
0.004320812007999822,0.0,0.0,0.0,0.07328978567497466
0.004199130876999818,0.0,0.0,0.0,0.06837880292636926
0.004155262839499814,0.0,0.0,0.0,0.06650846203185509
0.004251920056499826,0.0,0.0,9.465264049996012e-06,0.07087389691776708
0.004331728467499821,0.0,5.434056600000092e-05,5.910335284999626e-05,0.07494282002052194
0.004197165815999828,0.0,0.0,0.0,0.07027668275498791
0.0043234808459998286,0.0,6.673234900000065e-05,6.914859544999638e-05,0.07514589831956214
0.004199209508499827,0.0,0.0,0.0,0.06930591167203423
0.004309197612499824,0.0,9.042368850000045e-05,0.00010158571079999597,0.07626192300131951
0.00421268870349983,0.0,0.0,2.513221264999622e-05,0.071280806272693
0.004296022705499843,0.0,5.042478800000046e-05,8.725539339999607e-05,0.0756797364362198
0.004089935321499824,0.0,0.0,0.0,0.067364256307338
0.00428238908149984,0.0,5.5197104000000486e-05,9.491867859999633e-05,0.07449794665919378
0.004145822671499836,0.0,0.0,2.8898645099996174e-05,0.06972764725858181
0.004335610712999842,0.0,0.00012406702249999978,0.00013625386969999645,0.07740885698351962
0.004341969274999845,0.0,0.0001667970434999993,0.0002027299797499962,0.07963460992220656
0.004139316717499845,0.0,0.0,4.1215013649996055e-05,0.06954096403598985
0.004218115766499845,0.0,3.423348150000069e-05,0.00011440097949999616,0.07361795169116853
0.004140749667999834,0.0,0.0,7.818226624999595e-05,0.07046919997645718
0.0042108962014998285,0.0,1.4009222500001458e-05,0.0001114925184499963,0.0734924080243638
0.004052301995999838,0.0,0.0,4.327964704999596e-05,0.0685829605034562
0.004080496751999839,0.0,0.0,9.311000674999594e-05,0.06980822793029778
0.004186676059999866,0.0,1.5266932000000422e-05,0.00012665616839999659,0.07329282823527582
0.0040258787514998555,0.0,0.0,0.0,0.061603794380997966
0.00418784690199984,0.0,2.6919935000013107e-06,0.00012685968224999646,0.07329978918789797
0.004010215158999855,0.0,0.0,1.718667424999577e-05,0.06324504128129298
0.004096100285499856,0.0,0.0,8.880718294999624e-05,0.06763002730365664
0.004144383374999876,0.0,3.6016611000000014e-05,0.00019556526334999597,0.07396877300238744
0.004041597893499849,0.0,0.0,0.00011692796694999594,0.06940186357017271
0.00407497593299985,0.0,0.0,0.00011629939859999534,0.07018728238778905
0.00395716083149986,0.0,0.0,8.093524644999645e-05,0.06634465236210774
0.004109798106999861,0.0,0.0,0.00015825257354999586,0.0729421555317586
0.0041134374759998465,0.0,4.473524500001376e-06,0.00018007971939999583,0.07260168496275698
0.004057622721499858,0.0,0.0,0.00014567658019999614,0.06979297793999133
0.0040728769079998355,0.0,0.0,0.00018785056589999552,0.0716538171581877
0.0040405739514998654,0.0,0.0,0.00010737249114999568,0.06575253994650647
0.004045235229999887,0.0,0.0,0.00018257979404999664,0.07085105825422386
0.004074759241499893,0.0,1.3103737000000128e-05,0.0002263694828499959,0.07253200182835033
0.004088863865999845,0.0,2.135597550000145e-05,0.00022570229034999593,0.07326625332858938
0.003982401930999874,0.0,0.0,0.00015784003194999654,0.0689491168369453
0.0040495790854998765,0.0,0.0,0.00020946321159999622,0.07134430652011423
0.003947387457999852,0.0,0.0,0.00016527031439999597,0.06818058405118786
0.003754095623999894,0.0,0.0,0.0,0.031678188131906225
0.0040678720039998735,0.0,3.8279808000000475e-05,0.0002773017681499958,0.07436436571259587
0.003945431997999878,0.0,0.0,0.00024565195519999565,0.0704367153870357
0.004058538062999852,0.0,4.445032400000107e-05,0.0002911548194999956,0.07433615254983578
0.004089793242499864,0.0,8.786677550000033e-05,0.00030309747249999595,0.07572092895172379
0.003786729976499869,0.0,0.0,0.00015677116854999633,0.06434082589485496
0.003980713125999871,0.0,0.0,0.00024239703269999608,0.06941499236380559
0.004042715121999876,0.0,4.077108450000051e-05,0.0002785375893499958,0.07416300197787297
0.00401927566349988,0.0,4.179360950000041e-05,0.00030987131884999597,0.07372645054545497
0.003873877971499895,0.0,0.0,0.00022839278534999598,0.06773998761574154
0.00405829443649988,0.0,9.083054499999992e-05,0.00033052356494999563,0.07587204448464407
0.0039463341854998855,0.0,0.0,0.0002805278493999961,0.07135300051984228
0.003992251934499867,0.0,1.4922322000001138e-05,0.00032108463864999586,0.07288204344509952
0.003819157401499888,0.0,0.0,0.00020953261594999632,0.0656756626666354
0.003915630333999872,0.0,0.0,0.00026504987999999557,0.06979006466748029
0.003871757338999874,0.0,0.0,0.00026060944884999523,0.068770621427783
0.003846846733499884,0.0,0.0,0.0002657466834499955,0.06736487216780175
0.003712314504999875,0.0,0.0,0.00019008746939999551,0.06304233847483626
0.0038026952649998806,0.0,0.0,0.00024890602084999525,0.06668667018879153
0.003801313067999894,0.0,0.0,0.00026738776884999594,0.06737385379247052
0.0038407275599999023,0.0,0.0,0.0003079757122999956,0.06801452609984354
0.003991781106999917,0.0,7.237698299999927e-05,0.00039909457719999625,0.07562549667246762
0.004000987413999874,0.0,9.715516050000034e-05,0.0004009016602499957,0.07592157622168638
0.003821802042499882,0.0,0.0,0.00029426321754999577,0.06605033232180552
0.003915254559999886,0.0,2.0601848000000794e-05,0.0003795713363999958,0.07255476143141268
0.0037327975539999045,0.0,0.0,0.00026252313129999574,0.06477699671596686
0.0037975008814998762,0.0,0.0,0.00031984214904999563,0.06772567731733437
0.003905822883999973,0.0,6.148223499999814e-05,0.00041906779944999683,0.07362112535768275
0.0037457151684999125,0.0,0.0,0.00035325939689999635,0.06718133249925101
0.003812625612499912,0.0,0.0,0.0003492810699499957,0.06955963100615423
0.003790403624499908,0.0,0.0,0.0003536841901499956,0.06891539819708117
0.003739146820999898,0.0,0.0,0.0003274049187999956,0.06744634761854856
0.0037780560119999133,0.0,0.0,0.0003574526788999957,0.06889817941734064
0.003869636252999911,0.0,3.832880100000012e-05,0.0004293772956499958,0.07268231683002
0.0038391148694999085,0.0,6.429123500000483e-06,0.0004303689473999961,0.07187120539248291
0.0038033311744999077,0.0,0.0,0.0004138544632499961,0.07104594850909465
0.003719599836499901,0.0,0.0,0.00035443635684999543,0.06767473225256479
0.003709506804999953,0.0,0.0,0.0003869679849999955,0.06711934415681076
0.003618463489499906,0.0,0.0,0.0003377112674499956,0.06513273132926484
0.0036994010914999285,0.0,0.0,0.00037112986594999605,0.06722367723557246
0.0037296370154999143,0.0,0.0,0.00039907918204999584,0.0687874344505669
0.003876453334999907,0.0,0.0001008526294999997,0.0005109206995999956,0.07566707056339476
0.003814345765499911,0.0,3.960029600000024e-05,0.0004877490238999955,0.07327968083109461
0.0036697902684999354,0.0,0.0,0.00041571054129999573,0.06781967757729612
0.0036569818079999206,0.0,0.0,0.0003735372894499955,0.06627841075074886
0.0036140539919999218,0.0,0.0,0.00037393362119999575,0.06488991605483088
0.003676174557999944,0.0,0.0,0.00044556214214999554,0.06722010861371991
0.0037808981134999585,0.0,2.8214679999998985e-05,0.0005133256363999959,0.07322819635084026
0.003729716909499903,0.0,0.0,0.0004977794270999957,0.07113444521213357
0.0037732265984999082,0.0,2.7120865000000655e-05,0.0005157031563499955,0.07300890497209919
0.003659883070999983,0.0,0.0,0.0004565994775499958,0.06806120444465055
0.003660656547999972,0.0,0.0,0.000474107645899996,0.06879593349596913
0.0037521547344999307,0.0,2.979834999999999e-05,0.0005567825569999956,0.07321265347422921
0.003808068287999939,0.0,0.00010293891049999888,0.0005856570589999964,0.07590520091806169
0.003737515807999928,0.0,1.3163799000000198e-05,0.0005293860742499954,0.07291111017264135
0.0035553639789999447,0.0,0.0,0.00046868799614999585,0.06616037605421386
0.00363055647549992,0.0,0.0,0.0005079063026499957,0.06970750777469231
0.003651543871999921,0.0,0.0,0.0005121470875499954,0.0695245511971291
0.0037277724044999377,0.0,3.330840599999972e-05,0.0005639695386499959,0.07301450032429761
0.0035583866999999514,0.0,0.0,0.0004578566237499953,0.06512611526484453
0.003642455701999986,0.0,0.0,0.0005603269456999962,0.07004143067546606
0.0036141134334999664,0.0,0.0,0.0005289946169499959,0.06851863427534594
0.0034877020404999225,0.0,0.0,0.0004410208705499955,0.06146301243577489
0.003612714161999942,0.0,0.0,0.0005607816131999958,0.06945336222861902
0.0035320023954999455,0.0,0.0,0.0005087084283999957,0.0658341121942291
0.0035989338979999564,0.0,0.0,0.0005607783438999957,0.06889936529827068
0.0037022004049999577,0.0,9.76077834999985e-05,0.0006711835589999957,0.0753513956262832
0.003652229111999948,0.0,1.58332679999997e-05,0.0006112750748999954,0.0721870082926662
0.0036227395579999447,0.0,2.973194999999973e-06,0.0006123204835499954,0.07170616582654359
0.0035829230694999275,0.0,0.0,0.0005816565926999949,0.06911576713505731
0.003536769433999939,0.0,0.0,0.0005681029672499954,0.06836673064719076
0.003508010895499949,0.0,0.0,0.0005632211397999951,0.06713387230536892
0.0034553061089999514,0.0,0.0,0.0005548561930499953,0.06430104259444427
0.003639786335499951,0.0,3.802415849999949e-05,0.0006454581483499957,0.07229147485873967
0.003519991197999954,0.0,0.0,0.0005966399252499954,0.06898481967687208
0.003568087188499959,0.0,0.0,0.0006342259468999952,0.07071966009396032
0.0035903803694999686,0.0,8.312398999999166e-06,0.0006585819376999957,0.07157806091274443
0.0031984042249999724,0.0,0.0,0.0005415406532999954,0.06071997667795865
0.003472310641499951,0.0,0.0,0.0005801094212999951,0.06704554280407873
0.0034959346154999605,0.0,0.0,0.0006469499249499957,0.06768635160316815
0.003606730909999959,0.0,6.680763349999907e-05,0.000725798104499995,0.07416164468908562
0.0034635888634999587,0.0,0.0,0.0006186610327999951,0.06770207892221532
0.003511472551999971,0.0,0.0,0.0006387618831499956,0.06935735812459366
0.003413656880999961,0.0,0.0,0.0006100447104999951,0.06587070716213392
0.003418528804999962,0.0,0.0,0.0006044445255999949,0.0662208404922644
0.0034287145419999734,0.0,0.0,0.0006605313416499958,0.06808064330336114
0.003412913751999985,0.0,0.0,0.0006603837826999955,0.06747219953623443
0.0035486500539999672,0.0,4.1088560999999185e-05,0.0007359449914999953,0.07317152531396873
0.003368062186999975,0.0,0.0,0.0006089632668999954,0.06542896058477513
0.0035674446884999696,0.0,7.400193449999872e-05,0.0007645085219999954,0.07365878410739894
0.0032257156529999667,0.0,0.0,0.0006596071239499952,0.06429526165119083
0.003451553832499937,0.0,0.0,0.0006971098566499954,0.06910483530988096
0.003450213375500025,0.0,0.0,0.0007509336309999959,0.07036874466686979
0.0033515388889999932,0.0,0.0,0.0006284188208499958,0.06129933937400539
0.00331194694299998,0.0,0.0,0.0006442390834999951,0.06394961517710301
0.003300762516999968,0.0,0.0,0.000643675945299995,0.06379996073295272
0.003369644066499968,0.0,0.0,0.0006978535821999953,0.06751769375653463
0.0033942569694999916,0.0,0.0,0.0007266602544999949,0.06795872766439656
0.003263566878499973,0.0,0.0,0.0006661493830999949,0.06392127403966458
0.0033491192114999836,0.0,0.0,0.0007212616792499956,0.06718192062162343
0.0033704979174999728,0.0,0.0,0.0007855437044999955,0.06995269454474513
0.003368752286500034,0.0,0.0,0.0007586753045999957,0.0681302452622312
0.0031514015874999934,0.0,0.0,0.0006392642015999946,0.060348155130340884
0.003386440626,0.0,0.0,0.0007982696651999955,0.07041329730758189
0.0033197667379999767,0.0,0.0,0.0007480704641999955,0.06659192599680339
0.003392851636499982,0.0,0.0,0.000789034981949995,0.07049457331037969
0.0034140610349999833,0.0,5.472791499999227e-06,0.0008208904069999952,0.0709485702887814
0.0033160308449999743,0.0,0.0,0.0007554229067999953,0.06632063396139576
0.0033884204009999625,0.0,0.0,0.0008322638424999947,0.07105955638869642
0.003260007291499988,0.0,0.0,0.0007478131371499952,0.0657774401371535
0.0031560367399999954,0.0,0.0,0.0007284573537499951,0.06280183191736685
0.003221005550499982,0.0,0.0,0.0007424261144499953,0.06452978045725513
0.0031469349864999747,0.0,0.0,0.0007126137343999953,0.0618404255386705
0.0033243054650000194,0.0,0.0,0.000821853481199995,0.06839476627556096
0.0032889158095000207,0.0,0.0,0.0008106832386999955,0.06852164912545074
0.0031474960390000116,0.0,0.0,0.0007899343786999955,0.06377189226602906
0.0031615571024999896,0.0,0.0,0.0007687359115499952,0.06431728001548317
0.00328916637,0.0,0.0,0.0008373263724999947,0.06822277528242478
0.003283223092000003,0.0,0.0,0.0008405435219499953,0.06901800262030977
0.0032961564070000124,0.0,0.0,0.0008755701229999954,0.06889073202821239
0.003207178471500003,0.0,0.0,0.0008264701248499954,0.06686718750754017
0.0033722508819999907,0.0,3.467883049999887e-05,0.000900828318999995,0.07254243983853097
0.003285574918499995,0.0,0.0,0.0008553828299999955,0.06928912694480414
0.003144104905499993,0.0,0.0,0.000796395613649995,0.06329942951637164
0.0031858752625000064,0.0,0.0,0.0009069384774999956,0.06842610126929903
0.0032879381665000015,0.0,2.896536499998721e-06,0.0009346909899999952,0.07054636420203679
0.0033199863070000057,0.0,1.670766099999845e-05,0.0009321926074999954,0.07196758138096264
0.0032545127415000174,0.0,0.0,0.000924823386999995,0.07027258064670347
0.0031100316464999973,0.0,0.0,0.0008243907832499951,0.06361674127926839
0.002905268616500014,0.0,0.0,0.0006988928162499951,0.05333757080485706
0.0030505239310000018,0.0,0.0,0.0008241918966999952,0.0628593021298137
0.003206326729999999,0.0,0.0,0.000933373375999995,0.06887880480582428
0.0031566493995000026,0.0,0.0,0.0009041883920499953,0.06640988071322845
0.00312175952250002,0.0,0.0,0.0008629313680499952,0.06481440656589538
0.003192789707500001,0.0,0.0,0.0009288584751499949,0.06857241693716246
0.0031235077795000203,0.0,0.0,0.0009494104019999946,0.06703433891788568
0.003310016899000012,0.0,4.9803673499998004e-05,0.0009969369029999954,0.07280948217133032
0.00317428330800001,0.0,0.0,0.0009699120849999949,0.06916497192861983
0.0030973984060000148,0.0,0.0,0.0009258702436499952,0.06660332302427496
0.003019251387000005,0.0,0.0,0.0008814524649499951,0.06305099963175301
0.003096385490000013,0.0,0.0,0.000987169923999995,0.06863565179727266
0.0031132580320000127,0.0,0.0,0.0009410961966999949,0.06675896324725306
0.003387732329500012,0.0,0.0002148612999999963,0.0011482804199999953,0.08093535816170838
0.0030971016985000066,0.0,0.0,0.0009578729764999948,0.06749913939731825
0.003115917309500015,0.0,0.0,0.0009699307726999945,0.06784326794275783
0.0030562995750000157,0.0,0.0,0.000944827749049995,0.06509881882576217
0.003328252962500023,0.0,0.00018050268499999637,0.0011132511219999954,0.0772881680739365
0.0031171505275000215,0.0,0.0,0.000979253540399995,0.06699307911705671
0.002967543472500022,0.0,0.0,0.0009979596365999944,0.06550909153792125
0.0031431529205000097,0.0,0.0,0.0010610102329999946,0.06993691007626698
0.003070226667500025,0.0,0.0,0.0010105085419999955,0.06721906238896885
0.0030632682015000255,0.0,0.0,0.0009945723510499944,0.06745652493386242
0.0030784389680000245,0.0,0.0,0.0010750439089999943,0.0690434999457472
0.0028370058745000267,0.0,0.0,0.0008580136539999945,0.053672782180479724
0.0030972825915000246,0.0,0.0,0.0010331450644999946,0.06894723673054196
0.0031176555700000224,0.0,0.0,0.0010413363804999947,0.06959483961821003
0.002999670354500038,0.0,0.0,0.0009993691196499947,0.06477903320815998
0.0029944805155000293,0.0,0.0,0.0010095156560499948,0.0657019140811064
0.0028092246770000315,0.0,0.0,0.0009973677077999947,0.062158008290499105
0.003076024314000025,0.0,0.0,0.0010790577314999951,0.06926994049227017
0.0029744296415000304,0.0,0.0,0.0010165788358499947,0.06248485938465538
0.0029851010895000454,0.0,0.0,0.0010555567973499947,0.06581364750177901
0.0030534580545000306,0.0,0.0,0.0010779985054999947,0.06958913462542227
0.003091689632500032,0.0,0.0,0.0011136572654999945,0.06987806567716628
0.0029560115695000245,0.0,0.0,0.001028519055799995,0.06489410836004847
0.0030063375330000286,0.0,0.0,0.0010742558729499947,0.06715618468486388
0.0029836914995000348,0.0,0.0,0.001073731588099995,0.06532786474878832
0.002971867202500039,0.0,0.0,0.0010794984237999946,0.06617821533172323
0.0030003836300000566,0.0,0.0,0.0011031555854999955,0.06781864213131214
0.0030453564235000366,0.0,0.0,0.0011519378034999949,0.06963941824672318
0.002941259970000038,0.0,0.0,0.001091912861499995,0.06621879826201985
0.0027043094745000345,0.0,0.0,0.0009214505341999943,0.05126953875579104
0.0027964640250000383,0.0,0.0,0.0009880138825499947,0.05542166547457855
0.0030420624330000346,0.0,1.6335699999997767e-05,0.0011872699844999947,0.07123192946037518
0.0030231940115000473,0.0,3.1820741499997176e-05,0.0012164779689999945,0.07124283039228063
0.002853809066000026,0.0,0.0,0.0010926075149999947,0.0638510312004789
0.002974124390000038,0.0,0.0,0.001149290142999995,0.06872156852707396
0.0029474575770000455,0.0,0.0,0.0011638186619999946,0.06779021790731139
0.002925781688000045,0.0,0.0,0.0011309255114999943,0.06687729480164231
0.0028478662020000422,0.0,0.0,0.0011017706212999947,0.06356669332312291
0.0028403537320000546,0.0,0.0,0.0011131756013499949,0.06144996289615293
0.002948777147500042,0.0,0.0,0.0011845504034999944,0.06860515055415743
0.0029085331055000384,0.0,0.0,0.0011516300384999943,0.0672069516332013
0.0028889978150000487,0.0,0.0,0.0011302832959499947,0.06333206582627234
0.002693966922500034,0.0,0.0,0.0010805822900999942,0.056416389129822095
0.002834195894500044,0.0,0.0,0.0011554023362499945,0.06502813449490628
0.002764300618000038,0.0,0.0,0.001114309415199995,0.06235933961815986
0.002815475696000053,0.0,0.0,0.0011587442018499948,0.06422278664973641
0.002858756823000042,0.0,0.0,0.0011941972579999948,0.06694037442938117
0.0028197878240000395,0.0,0.0,0.0011731767914999944,0.06474191180484674
0.002893197298000046,0.0,0.0,0.0012065077134999949,0.06782364907475136
0.0028440175115000484,0.0,0.0,0.0011779987708499945,0.06575444251264144
0.002708504274500047,0.0,0.0,0.0011658821746999943,0.06284570656015132
0.002792811078500041,0.0,0.0,0.0012004138084999946,0.06466776361109028
0.0028263580060000418,0.0,0.0,0.001173035295249994,0.061733125364358744
0.0028158728720000413,0.0,0.0,0.0012393250164999948,0.06566792337583038
0.0026877195620000497,0.0,0.0,0.0011961173127499939,0.062474548482786676
0.0027043448155000477,0.0,0.0,0.0011822202762499941,0.06207644673513543
0.0028250630585000534,0.0,7.287839999997155e-06,0.0013318453539999942,0.06941755108706207
0.002781778719500048,0.0,0.0,0.001238580079499994,0.06611248970864869
0.0026450660910000497,0.0,0.0,0.0012015530207499946,0.0616977707570949
0.002856403478500054,0.0,1.521857999997352e-06,0.0013312916654999946,0.06982522217404127
0.0026635074580000496,0.0,0.0,0.0012212753459999942,0.06247443406557939
0.0026734106325000486,0.0,0.0,0.0011356312767999946,0.05646167848248271
0.002819613955000057,0.0,0.0,0.0012780442429999944,0.067555011195949
0.0025255732515000505,0.0,0.0,0.001112565499899994,0.050881399531082984
0.002504854267500055,0.0,0.0,0.0011016588080999946,0.04991270538405417
0.002641504524500055,0.0,0.0,0.0012508584181499945,0.06298095375853324
0.0025439180600000505,0.0,0.0,0.0010927629726499946,0.04915923670289457
0.0027958526745000523,0.0,0.0,0.0013474078579999943,0.06882409295732414
0.0028887023770000513,0.0,3.412311399999701e-05,0.0013705019629999947,0.0707849081646927
0.0025804530350000514,0.0,0.0,0.0012208254424999941,0.0583140546676765
0.0028618917020000563,0.0,5.8547125999996644e-05,0.0014132254899999943,0.07217852169341293
0.0026434474125000525,0.0,0.0,0.0012804113289999937,0.06311381390691703
0.0024887712700000526,0.0,0.0,0.0011625397530499932,0.052578898653589744
0.0025814275310000524,0.0,0.0,0.001261156328599994,0.0588324434356733
0.002682153137000054,0.0,0.0,0.0013060298724999941,0.064026120766218
0.0026596813065000503,0.0,0.0,0.001305107505999994,0.06187224308271525
0.002565238602500055,0.0,0.0,0.001278342897449995,0.06122063064585319
0.0026800878535000582,0.0,0.0,0.001324502166999994,0.06323075516655428
0.0027541781275000573,0.0,0.0,0.0013252902199999942,0.06367755896679163
0.0027311041895000613,0.0,0.0,0.0013522691999999946,0.06640675898859164
0.0022993243718500596,0.0,0.0,0.0012261501579999942,0.052328384101600886
0.0024774169475000564,0.0,0.0,0.001289994085599994,0.057269049213587275
0.002676354854000066,0.0,0.0,0.0013534609459999948,0.06545809634384298
0.0026295394405000594,0.0,0.0,0.0013702733174999942,0.06532491541332067
0.0025744935220000605,0.0,0.0,0.0012747778380999947,0.05668540246133428
0.0025755215420000615,0.0,0.0,0.0013559806139999942,0.06294045320201219
0.0026575348195000594,0.0,0.0,0.0013886474339999946,0.06646023728082476
0.002422296041000058,0.0,0.0,0.001252968079799994,0.051635253982212394
0.0024384064640000577,0.0,0.0,0.0012702253442999937,0.05418392910096528
0.002649497394000059,0.0,0.0,0.0014043637689999944,0.06603655522586724
0.0026124763205000634,0.0,0.0,0.001335231553549994,0.058940163732152974
0.0026553694840000604,0.0,0.0,0.001479764629499994,0.06815678870665039
0.0024762984335000605,0.0,0.0,0.0013973111709999946,0.06229101719519755
0.0023514092710000627,0.0,0.0,0.0012584254045499936,0.04946632802260206
0.00215094922615006,0.0,0.0,0.000949062599719994,0.025296891360281494
0.0027028167545000608,0.0,0.0,0.0014736612634999942,0.06718187575181254
0.0023123910940000578,0.0,0.0,0.0012135844014999936,0.0460747367765697
0.002367555029000059,0.0,0.0,0.0013584421598999944,0.05674353732584563
0.0024802489200000566,0.0,0.0,0.0013749264998999939,0.05994717171020372
0.0024515652220000613,0.0,0.0,0.0013455600707499935,0.05566972804057004
0.002353195037000058,0.0,0.0,0.0013230346274499937,0.053792737129888066
0.0021125952214000577,0.0,0.0,0.0009335618798859928,0.021028096411548507
0.0021932843008500616,0.0,0.0,0.0009985299966824937,0.025250323824081534
0.0023322742430000637,0.0,0.0,0.0013001455251999941,0.05092851560699248
0.002290302287000066,0.0,0.0,0.001301649417399994,0.04937381027404765
0.00203591030525006,0.0,0.0,0.0009295837732799931,0.018157191682494397
0.002347650361000062,0.0,0.0,0.0013888733726499932,0.05547104443881526
0.002436055146500066,0.0,0.0,0.0014420563504999942,0.061651504030645024
0.0023433474905000624,0.0,0.0,0.001369731865599994,0.05425087855057003
0.0023565381075000644,0.0,0.0,0.0013245846869499936,0.04917011793286558
0.002279156023500066,0.0,0.0,0.0013496113149499937,0.04965014235292975
0.002431999452500061,0.0,0.0,0.0014956352169999943,0.06343769176285928
0.002062514504450062,0.0,0.0,0.0010611713335799938,0.027178893024361425
0.002304831325000066,0.0,0.0,0.001409836531899994,0.053942014997917474
0.0023392075075000626,0.0,0.0,0.0013885805776999935,0.053401698986511204
0.002070169189450066,0.0,0.0,0.001073986229467994,0.027761395706633656
0.0022288626595000616,0.0,0.0,0.001424988743799994,0.05331309645066456
0.0023732437830000634,0.0,0.0,0.0015307353409999937,0.06350429819001048
0.0023419438790000663,0.0,0.0,0.001399043262349994,0.051994842996965406
0.0022475744795000634,0.0,0.0,0.0014599292474999936,0.05388902925516404
0.002350222003000064,0.0,0.0,0.0014470151346499935,0.055779604853034445
0.0022413075605000627,0.0,0.0,0.0013758299442999937,0.04913162631454336
0.002408968051500065,0.0,0.0,0.0015453900184999936,0.06375614184305403
0.002336606667500067,0.0,0.0,0.0014961708434999938,0.06012679999080241
0.0022494954485000667,0.0,0.0,0.0015142647534999937,0.05932046084012827
0.002217696270500066,0.0,0.0,0.0014383097624999933,0.05284242953356497
0.001956392411250065,0.0,0.0,0.0011113731577674932,0.025347666516067874
0.002240619351500064,0.0,0.0,0.0014685361275499935,0.054396428554287654
0.002261818692500066,0.0,0.0,0.0015442910654999936,0.05920966733536758
0.0019648060566000657,0.0,0.0,0.0011203097047454934,0.02543554951918693
0.001602816823200062,0.0,0.0,0.0011647983710899932,0.025378723225741334
0.0022325276620000657,0.0,0.0,0.0015183072509999938,0.05567762062043676
0.002218111770500065,0.0,0.0,0.0015117809615999942,0.055441968277650355
0.0023823242095000656,0.0,0.0,0.001602783109499994,0.06403070980292663
0.0019355009907000634,0.0,0.0,0.0011735805558379935,0.0264485460696812
0.0021236467550000628,0.0,0.0,0.0014055869923999932,0.04545310560181501
0.002312931337000062,0.0,0.0,0.001541797904999993,0.05701559547996142
0.0020929038280000666,0.0,0.0,0.0014020713238499934,0.043710960766823424
0.0019312507151500648,0.0,0.0,0.0012108915437019938,0.028792305836269735
0.002157278567000064,0.0,0.0,0.0014696442630499937,0.049211961231679216
0.0019341954182500619,0.0,0.0,0.0011999673173709931,0.02684392998064204
0.002173274576500067,0.0,0.0,0.0015553939154999937,0.054862769373765864
0.001900907950500062,0.0,0.0,0.0012041890606247928,0.026366153728266915
0.0022100002045000646,0.0,0.0,0.0016068285634999937,0.05788879293514469
0.0021625113840000663,0.0,0.0,0.0016271020309999936,0.06046006811794829
0.002153348952500067,0.0,0.0,0.0015773480479999936,0.05448725252725162
0.002020525644500065,0.0,0.0,0.0013725984668499927,0.03869517009269124
0.002383267505500067,0.0,0.0,0.001715683520499994,0.06677471363966675
0.0018672384002000634,0.0,0.0,0.001241565935513993,0.02749035245268745
0.0023602489525000685,0.0,0.0,0.001742874224999994,0.06788468976341239
0.0018919676190000648,0.0,0.0,0.0012368285654069926,0.025026933745857904
0.0021700250400000652,0.0,0.0,0.0016785459329999937,0.06183813663232934
0.0020882845905000674,0.0,0.0,0.0016364086214999938,0.057772108748958065
0.0023471119915000676,0.0,0.0,0.0017355105349999944,0.06677702338405433
0.002191615198000068,0.0,0.0,0.0016730553864999936,0.060208854652239796
0.002116760001000066,0.0,0.0,0.0016769252649999936,0.05877629998484926
0.002144324697500067,0.0,0.0,0.0017169521074999934,0.061776048339838116
0.002342230472500064,0.0,0.0,0.0018043020914999938,0.06832607190775086
0.002357332785000068,0.0,0.0,0.001790337684999994,0.06785568217921442
0.0020211054560000663,0.0,0.0,0.0015725890594999938,0.04902354001056649
0.001897419099600066,0.0,0.0,0.0012469285731649938,0.020926924774290808
0.0020206384965000663,0.0,0.0,0.0015540035000499936,0.04708062047999041
0.002042928837000064,0.0,0.0,0.0017080694944999937,0.058834211447005534
0.0023656778250000666,0.0,4.499850849999567e-05,0.001862050915499994,0.07093342251111827
0.0023426043175000673,0.0,0.0,0.0018345123354999934,0.06900911850196129
0.002101981624000066,0.0,0.0,0.0017280645099999935,0.059719500024183365
0.002155196095000065,0.0,0.0,0.001799635964999994,0.06405686899406303
0.0020119580025000643,0.0,0.0,0.001637150906499993,0.05066406257816228
0.002084027352000066,0.0,0.0,0.0017517102604999936,0.05979859222646504
0.002055560460500065,0.0,0.0,0.0017491630549999937,0.05965852211770638
0.0018029132701500605,0.0,0.0,0.001355579446684993,0.02717684384676423
0.002121196087000064,0.0,0.0,0.0017674426804999935,0.0611624078410101
0.0020214692430000646,0.0,0.0,0.001757559511499994,0.05927472037537109
0.0022260266590000653,0.0,0.0,0.0018253050619999934,0.06517960309263866
0.0021582707880000635,0.0,0.0,0.0018674194724999928,0.06488359667519869
0.002257462193500064,0.0,0.0,0.0018973636174999936,0.0680139286551393
0.0020435048135000644,0.0,0.0,0.0017980982649999937,0.06128879676580483
0.0019465702505000611,0.0,0.0,0.0017538543339999935,0.05742712536328077
0.002058288009000063,0.0,0.0,0.0018183878124999934,0.061857817677370135
0.0019858455580000632,0.0,0.0,0.0017693427764999933,0.05849582658936513
0.002138477985500065,0.0,0.0,0.0018286429884999933,0.06336784713719958
0.002190236144000065,0.0,0.0,0.0018707468144999934,0.06584746809085876
0.0020241528425000636,0.0,0.0,0.001814930121999993,0.06018021722993669
0.0019890366070000626,0.0,0.0,0.0018184554644999932,0.05949014298088434
0.002152667265000065,0.0,0.0,0.001912969467499994,0.06487960162997292
0.0019977347475000637,0.0,0.0,0.0017811357104999934,0.057444843624063296
0.0019838946685000634,0.0,0.0,0.0018550608574999935,0.06075872655959462
0.0021245408640000636,0.0,0.0,0.0019072064674999936,0.06533192062861948
0.0019107354355000629,0.0,0.0,0.0017812684264999928,0.053947112648010734
0.0019624654380000633,0.0,0.0,0.0018393255524999934,0.05889555063290594
0.0024039403690000634,0.0,0.0002132827999999939,0.0020548127674999924,0.07674863796836402
0.001959726748500064,0.0,0.0,0.001900014765499993,0.06122303697101432
0.0018442476945000601,0.0,0.0,0.001726794357499993,0.04949268133576728
0.0019852114325000616,0.0,0.0,0.001859297709499993,0.059978182861393434
0.0021165277585000635,0.0,0.0,0.0019381340929999933,0.06555862686744797
0.001973402248500063,0.0,0.0,0.001890972353999993,0.061222302229229864
0.0018822096865000622,0.0,0.0,0.0018692377634999939,0.05860018712757159
0.001970822974500062,0.0,0.0,0.0019334179169999929,0.06235446794733806
0.0016304527591000607,0.0,0.0,0.001473466176294993,0.02538407408256068
0.0019047193420000615,0.0,0.0,0.0019160141859999934,0.060211060541945714
0.0018481852030000567,0.0,0.0,0.0017714859744499933,0.04935677711102319
0.0019179351425000616,0.0,0.0,0.0018986325089999931,0.060105414457959146
0.002002903074500062,0.0,0.0,0.0019303099974999935,0.061639638695518736
0.0019418414715000614,0.0,0.0,0.0019142712024999935,0.06044683891116326
0.0020053999425000612,0.0,0.0,0.0018913931814999924,0.05773163972103464
0.0018751947670000604,0.0,0.0,0.0019049330514999934,0.059086096710207286
0.002040435103000061,0.0,0.0,0.001969182152499993,0.06512056193023202
0.00192122178600006,0.0,0.0,0.0019459361104999934,0.06173315060680341
0.0018791508220000577,0.0,0.0,0.0019614611139999946,0.05958187767425878
0.0020490730985000603,0.0,0.0,0.002003257866999993,0.06595822607072388
0.00179941411250006,0.0,0.0,0.0019101831914999936,0.056761457203527876
0.0018506580190000568,0.0,0.0,0.0019962533529999933,0.061031696371599595
0.0019050379345000596,0.0,0.0,0.0020191469844999936,0.06124290625292831
0.00197411256900006,0.0,0.0,0.0019781400829999934,0.062342237184549995
0.0017985252095000575,0.0,0.0,0.0019494094614999934,0.057427534356168666
0.0019496810015000587,0.0,0.0,0.001998415338499994,0.061875917412980284
0.0019089049320000582,0.0,0.0,0.0020602215304999934,0.06404236974996405
0.0019585910830000595,0.0,0.0,0.002026420945999993,0.06349879312629662
0.00197814443200006,0.0,0.0,0.0020337835814999935,0.0633742045963501
0.0019352628330000586,0.0,0.0,0.002011869053499993,0.06277288944042778
0.0017949251065000576,0.0,0.0,0.0019594148054999936,0.05804698156984234
0.001823043376000058,0.0,0.0,0.001985593135999993,0.059637160790488114
0.0015219077311500566,0.0,0.0,0.0015557209243429924,0.02170764735901362
0.0018317604300000562,0.0,0.0,0.0020329319869999934,0.06097892629267196
0.0018477421190000582,0.0,0.0,0.0020777570934999933,0.062381946822765835
0.0019014476295000572,0.0,0.0,0.0020085141954999932,0.0611288027018143
0.0015166996444500556,0.0,0.0,0.0016025206660549927,0.024671410622899518
0.0017514560910000566,0.0,0.0,0.0020055041884999925,0.05754398854723409
0.0018021634445000555,0.0,0.0,0.002034847047999993,0.05937288159958236
0.0015070704917000562,0.0,0.0,0.0016117398056949921,0.023464254838333854
0.0018566552525000563,0.0,0.0,0.002017691347999993,0.05982446171565552
0.0017049861835000558,0.0,0.0,0.0019865837374999926,0.0562521476412992
0.0018161198460000555,0.0,0.0,0.0020752572329999935,0.06129283767850684
0.0017862212110000542,0.0,0.0,0.002077235137999993,0.06069967229071477
0.001780721616000056,0.0,0.0,0.0020830356269999927,0.060943378005507365
0.0019962601990000557,0.0,0.0,0.0021818629499999924,0.06774426955928409
0.0019668982390000553,0.0,0.0,0.0021558727354999935,0.06562691741861806
0.0018188126685000552,0.0,0.0,0.002070322339499993,0.06069648277425099
0.0014693556340500537,0.0,0.0,0.0016537434461799923,0.02513043767767204
0.0017298285890000524,0.0,0.0,0.0021016966524999934,0.060013865262234484
0.0016784084340000548,0.0,0.0,0.002060830342999993,0.05701663627541304
0.001769949600000052,0.0,0.0,0.002137949824499994,0.06192245826367553
0.0017364753810000532,0.0,0.0,0.0020960977794999927,0.060569870270669235
0.0017905315740000547,0.0,0.0,0.0021560508894999924,0.0627863338111029
0.001703388291000054,0.0,0.0,0.002083309923999993,0.059037962857589166
0.0016899352750000527,0.0,0.0,0.0021030899019999928,0.0590135328264663
0.0016519940135000482,0.0,0.0,0.002109307390499994,0.0571246219768847
0.0016226882725000448,0.0,0.0,0.0020986724169999938,0.05661864553212578
0.0018650077010000535,0.0,0.0,0.002175895731499993,0.06387966316952384
0.001685241812000054,0.0,0.0,0.0021009851744999927,0.05851927485464352
0.0017595423195000516,0.0,0.0,0.0022179493109999934,0.06309085836173531
0.0017360394680000528,0.0,0.0,0.0020795763139999936,0.0544720208120401
0.0016353312715000532,0.0,0.0,0.0020969418864999934,0.05738535265878628
0.0016660941355000438,0.0,0.0,0.002157092885499993,0.058629015695149875
0.0016679932510000497,0.0,0.0,0.002158552703999993,0.05926615654793904
0.0016891612405000494,0.0,0.0,0.0021880525334999927,0.06087755687348456
0.001640592953500053,0.0,0.0,0.002126708488499993,0.05863424419633994
0.001649555857500052,0.0,0.0,0.0021313735834999925,0.0579990426672888
0.0016692104020000521,0.0,0.0,0.002164117293499993,0.05970835646703416
0.0015753760670000503,0.0,0.0,0.0021137207454999933,0.05304747509542835
0.00169350006400005,0.0,0.0,0.0022524171629999938,0.06183977330616622
0.001610855221000038,0.0,0.0,0.002206988257499993,0.058957665447728055
0.0016468221395000478,0.0,0.0,0.0021709135484999924,0.059960414841420465
0.00159581004050005,0.0,0.0,0.0021798672244999926,0.058577888954821834
0.0016258014865000517,0.0,0.0,0.0021760629314999925,0.05954762401447579
0.0017036690390000511,0.0,0.0,0.0021963247574999937,0.06064220145172933
0.0016854618365000499,0.0,0.0,0.0022363050024999938,0.06210202639228851
0.00163858031700004,0.0,0.0,0.0022816290874999932,0.06166432695211926
0.0016004976030000475,0.0,0.0,0.002207477968999993,0.05850229468675726
0.0014687701250000432,0.0,0.0,0.0021555675044999927,0.054316497758485446
0.001529492775000046,0.0,0.0,0.002183221421499993,0.056005674660811994
0.0016119093155000385,0.0,0.0,0.0022813595629999936,0.06080332741564513
0.0013708565554000477,0.0,0.0,0.001913422837399992,0.034365942242008375
0.0015660218185000446,0.0,0.0,0.002255075145499994,0.058907324488315656
0.0016241734810000486,0.0,0.0,0.002274994467999993,0.06125971907154792
0.0015682163125000253,0.0,0.0,0.0023009533324999942,0.059546581203932546
0.0014823498840000468,0.0,0.0,0.002132511965499992,0.049253894724136354
0.0016511648485000455,0.0,0.0,0.002325921808499994,0.06317609343497202
0.0015114862970000492,0.0,0.0,0.0021643668289999924,0.055323003189261456
0.0015007610485000384,0.0,0.0,0.002251168106999993,0.056353395021435514
0.0015386121560000475,0.0,0.0,0.002240066333499993,0.05849877608421916
0.0015039606240000493,0.0,0.0,0.0022475149054999926,0.056775312359805756
0.000640996633727245,0.0,0.0,0.0016951370357839919,0.009940632435748303
0.0015574684540000446,0.0,0.0,0.002210438116499994,0.05330868020427162
0.0014819134810000445,0.0,0.0,0.002253518090499993,0.05618919156576719
0.0014781105680000386,0.0,0.0,0.0022910444219999926,0.057070698920446764
0.0015003968780000396,0.0,0.0,0.0022869710464999923,0.057487760465599384
0.0015183399960000405,0.0,0.0,0.0023016966424999927,0.05825458138756289
0.001532693922000042,0.0,0.0,0.002303228752499993,0.058778691958240585
0.0015539550470000407,0.0,0.0,0.0023355509619999936,0.060882790391202396
0.0014943098535000353,0.0,0.0,0.0023303007044999935,0.05861184987454153
0.0014904479685000473,0.0,0.0,0.0022910816089999923,0.05735296364723972
0.0015374086570000343,0.0,0.0,0.0023791749729999926,0.06062276977414965
0.0015188094735000387,0.0,0.0,0.002335919756999994,0.05965247129854981
0.0015343405725000302,0.0,0.0,0.0023689483569999934,0.06011142231338674
0.0014386011545000407,0.0,0.0,0.0023063710619999926,0.05647797131098904
0.0014264665700000334,0.0,0.0,0.0023157309089999936,0.055834785846434615
0.0014579219990000444,0.0,0.0,0.002328334113999992,0.05794874583550596
0.0013682266725000432,0.0,0.0,0.0022727867704999925,0.05390126959854126
0.0013893772360000288,0.0,0.0,0.0023038627214999937,0.05521018412455157
0.00146072246600003,0.0,0.0,0.0024035482654999932,0.058362255519848444
0.0014243841715000424,0.0,0.0,0.0023890909154999926,0.059132176054399146
0.0014487127460000335,0.0,0.0,0.0024098343829999924,0.05934804164789835
0.0013897487875000388,0.0,0.0,0.002312065628999992,0.05524656164495164
0.0014478059550000289,0.0,0.0,0.0024058474739999934,0.05831034733338462
0.0014473384480000405,0.0,0.0,0.002356700270999993,0.058144703905395986
0.001374646713500039,0.0,0.0,0.002339118372499992,0.05545746499596085
0.0014338335380000389,0.0,0.0,0.0023915447034999924,0.058691591564047595
0.0013989744425000387,0.0,0.0,0.0023730235554999916,0.05502254091459264
0.0013676526625000358,0.0,0.0,0.0023472925149999923,0.055774470331032264
0.0013991006205000388,0.0,0.0,0.002368559548999992,0.057384847673406
0.0014148894420000352,0.0,0.0,0.0024464242914999925,0.0596922521614051
0.0013883575245000263,0.0,0.0,0.0024050707394999925,0.057703533381267505
0.0013540146350000297,0.0,0.0,0.002402049237499993,0.05657011000320641
0.0013027602895000399,0.0,0.0,0.002324844247499992,0.053121874147334575
0.0014084898475000376,0.0,0.0,0.0024050678769999925,0.05853358720145818
0.001372619940000029,0.0,0.0,0.002413280839999994,0.05561523036620672
0.0013887771315000369,0.0,0.0,0.0024122855519999936,0.05720171849070331
0.0014649729970000354,0.0,0.0,0.0024956682499999924,0.060973781969305356
0.001535258138500035,0.0,0.0,0.002489518465499992,0.06227061119096679
0.0013164840790000258,0.0,0.0,0.0024498036334999933,0.056361554832627024
0.0014254215380000335,0.0,0.0,0.002503743217499993,0.05944208314995712
0.0013195444595000242,0.0,0.0,0.002420469861999993,0.05493040733553826
0.001315916903500029,0.0,0.0,0.0024581858984999926,0.0570253504396926
0.001324141511500025,0.0,0.0,0.002452544615999993,0.05465331559465968
0.0012878950615000345,0.0,0.0,0.002427737684499993,0.05599099196759072
0.001289189396000036,0.0,0.0,0.0024181501874999934,0.05538369965041652
0.0013648218785000331,0.0,0.0,0.0024688870499999923,0.058496324264715266
0.0013136963870000332,0.0,0.0,0.0024535682874999923,0.057129308033384535
0.0013415519425000312,0.0,0.0,0.0025361121144999925,0.05879128284054693
0.00139274230950004,0.0,0.0,0.002501616872499992,0.06133110499562655
0.00126853472700004,0.0,0.0,0.002373067812499991,0.054542076521647276
0.0013532688325000376,0.0,0.0,0.0025361952504999916,0.060349214773409224
0.0013187403325000176,0.0,0.0,0.0024964514319999924,0.0575126621839494
0.0013646967070000404,0.0,0.0,0.002516721210999992,0.06073281471739039
0.0012450079820000366,0.0,0.0,0.0024477844974999923,0.05535176704768076
0.0012061146470000138,0.0,0.0,0.0025047394074999927,0.05433886701318593
0.001289975382000022,0.0,0.0,0.002541739309999992,0.057909092435059366
0.0012654565795000203,0.0,0.0,0.0025289733799999927,0.057547790401026075
0.0012724361295000232,0.0,0.0,0.0025147660634999933,0.05564066864320697
0.0012937684285000283,0.0,0.0,0.002555717639999993,0.058404877153754385
0.0012587872490000187,0.0,0.0,0.0025623561344999923,0.05708266912042205
0.0012585285515000228,0.0,0.0,0.002563989410499992,0.05793920368242983
0.0012683230280000376,0.0,0.0,0.0024739588169999903,0.057012671003364906
0.0013240817610000375,0.0,0.0,0.002519776151499991,0.06000210342556227
0.001276499238500026,0.0,0.0,0.0025703108219999925,0.05909378232966697
0.0012424055535000336,0.0,0.0,0.002510537569499992,0.05640614058108333
0.0012091233190000274,0.0,0.0,0.0025125401034999926,0.05468350702956873
0.0012214441580000307,0.0,0.0,0.0025112772144999917,0.05600912129062289
0.0012622850535000162,0.0,0.0,0.002595212516999993,0.0582451712330297
0.001237652853500025,0.0,0.0,0.002593378832499994,0.05838926105138492
0.0012097264490000257,0.0,0.0,0.0025579207634999924,0.05616360659318629
0.001200336220500023,0.0,0.0,0.0025664696909999925,0.0557212973258155
0.0012179703550000216,0.0,0.0,0.002603696525499992,0.05663320521370869
0.0011836878300000354,0.0,0.0,0.002480206462999991,0.054046564387758726
0.0012406214615000276,0.0,0.0,0.0025617171439999914,0.0572962123384493
0.0011516870235000365,0.0,0.0,0.0024917782784999913,0.05406283844345754
0.0012267490995000302,0.0,0.0,0.002605887232499992,0.05781551228269498
0.0011684021145000202,0.0,0.0,0.002595077893499993,0.05611818915142856
0.0012161945090000304,0.0,0.0,0.002588265458499991,0.05725577183569232
0.0011535270210000265,0.0,0.0,0.002553202910999992,0.0552779531327175
0.0011861162899999978,0.0,0.0,0.0026524720669999927,0.05660107735920725
0.001135064139000021,0.0,0.0,0.0026089585184999923,0.05552298496440599
0.0011831333515000281,0.0,0.0,0.002601764153999991,0.056574523349754616
0.0012033718285000196,0.0,0.0,0.0026613835219999925,0.05779227463308901
0.0011976628075000086,0.0,0.0,0.0026772591299999934,0.058005904679898315
0.0011414585165000074,0.0,0.0,0.002673958547999993,0.05404546271787771
0.0011545537580000208,0.0,0.0,0.0026504645949999924,0.0567796607579929
0.0011419533025000194,0.0,0.0,0.002694164219499993,0.058087308905569304
0.0011384386609999961,0.0,0.0,0.002699530530999992,0.055926290544561136
0.0011413766150000174,0.0,0.0,0.002646687893999993,0.05607025013705613
0.0011366417555000211,0.0,0.0,0.0026556676204999925,0.05613647005800104
0.0011409579410000294,0.0,0.0,0.0026493166504999916,0.05662895505337483
0.0011795181540000257,0.0,0.0,0.002694920518499993,0.05872938106321686
0.001124380719500018,0.0,0.0,0.002646150604999993,0.05591506851403371
0.0011298016420000232,0.0,0.0,0.0026656559134999916,0.056897745012939885
0.0010960015910000298,0.0,0.0,0.0025769534144999915,0.05472830594254152
0.0011182703920000216,0.0,0.0,0.002676064565499992,0.05763705538754105
0.0011110600794999941,0.0,0.0,0.0027264906509999937,0.05566712101117552
0.0011221646410000284,0.0,0.0,0.0026025076614999924,0.05272182727149651
0.0010568491270000267,0.0,0.0,0.0026617089444999913,0.05534544083596994
0.0010879205260000118,0.0,0.0,0.0027201878499999933,0.05683250212458732
0.0010309426560000143,0.0,0.0,0.0026670223064999923,0.05387859410922437
0.0011098147095000169,0.0,0.0,0.0026969045144999916,0.0573078593948572
0.0010458644055000217,0.0,0.0,0.002652302368499992,0.0530201572007739
0.0011347804000000168,0.0,0.0,0.002757909727999992,0.0589182684544425
0.0010695266885000073,0.0,0.0,0.002715998367499992,0.05498282391249301
0.001045284514500022,0.0,0.0,0.002671593124999991,0.05506459466066698
0.0010672628120000148,0.0,0.0,0.002717839494999993,0.055390335630267004
0.0010658810690000247,0.0,0.0,0.002694322641499992,0.05644754843489326
0.001071345466500014,0.0,0.0,0.002753684173999993,0.05725957993816762
0.001018748955000013,0.0,0.0,0.0027492529264999924,0.055388580924416356
0.001055010408500015,0.0,0.0,0.002746581096999992,0.05582262548436105
0.0010413080379999967,0.0,0.0,0.0027684937149999914,0.055086923294768345
0.0010473607840000131,0.0,0.0,0.0027699083109999916,0.05680187306037973
0.00103947431300002,0.0,0.0,0.0027376236574999913,0.05639044695879597
0.001064881522000018,0.0,0.0,0.0027876996209999926,0.05799302710634119
0.0010228975650000125,0.0,0.0,0.0027616977704999915,0.055335418285629476
0.0010118993145000054,0.0,0.0,0.0027740879319999925,0.05556599335826681
0.0009650242210000224,0.0,0.0,0.0026494954914999917,0.04847356657331277
0.0010854962910000156,0.0,0.0,0.002785258026999992,0.05865645659437067
0.0010309846844999996,0.0,0.0,0.0028077806384999926,0.05671618586972357
0.0010230625465000183,0.0,0.0,0.002802534675499992,0.05813053104029993
0.0009627222415000144,0.0,0.0,0.0027479714289999927,0.05371148516990746
0.0010318655714999993,0.0,0.0,0.0028486600014999927,0.05789929663587452
0.0009903260335000171,0.0,0.0,0.002780117800999992,0.0559262775308431
0.00103466546400001,0.0,0.0,0.002825102834999993,0.05596353143755019
0.0009892497215000164,0.0,0.0,0.0027873325609999926,0.055516332393005456
0.0009766039730000227,0.0,0.0,0.0027675358984999916,0.055501605221579306
0.0009752402570000079,0.0,0.0,0.0027933248499999916,0.054879905708298225
0.0010179701090000067,0.0,0.0,0.0028461999009999923,0.05744199978559948
0.0009989121060000167,0.0,0.0,0.0028380276469999917,0.0571710445488869
0.0010362701860000044,0.0,0.0,0.0028839922954999927,0.05908156080198222
0.0009731708680000107,0.0,0.0,0.0028349329464999926,0.05574502696046626
0.000960401907999999,0.0,0.0,0.002861964332499992,0.05652847975067968
0.000995673393500009,0.0,0.0,0.0028864577979999927,0.05771909364175767
0.0009390597080000162,0.0,0.0,0.0028466387479999925,0.05642854489329485
0.0009464912235000046,0.0,0.0,0.0028477032644999923,0.05554686347286273
0.0010069141120000015,0.0,0.0,0.002897483936999992,0.058376484943332696
0.0009544524755000104,0.0,0.0,0.002849681276999992,0.05641139236134568
0.0009202561545000097,0.0,0.0,0.002829248641999992,0.05436761028970219
0.0009207225705000086,0.0,0.0,0.002830437731499992,0.054295520719182644
0.0009067080925000097,0.0,0.0,0.0028860866964999917,0.05494301890139037
0.0009207672735000118,0.0,0.0,0.0027914140784999924,0.05367048662503071
0.0009346164860000113,0.0,0.0,0.0028798685324999914,0.055588885309462044
0.0009204907255000124,0.0,0.0,0.0028630056959999925,0.05532707050923448
0.0009063623305000084,0.0,0.0,0.002864520297499992,0.05177009903153069
0.0009145520825000097,0.0,0.0,0.002886177296999992,0.056347936540842275
0.0009447450824999973,0.0,0.0,0.0029472607474999913,0.05752366843726808
0.0009179347365000004,0.0,0.0,0.0029139618744999916,0.05622051593117845
0.0009190936060000125,0.0,0.0,0.0028839194814999913,0.05601248450096925
0.0008799372260000057,0.0,0.0,0.002928998819499992,0.0553057212928425
0.0009123387900000213,0.0,0.0,0.0028376808874999914,0.05451217907784328
0.0009369211990000086,0.0,0.0,0.002932853124499993,0.05766659053664505
0.0008905089485000061,0.0,0.0,0.0029185491299999916,0.05562450969179301
0.0009073697810000016,0.0,0.0,0.002954634427499992,0.05690908947490197
0.0008982155410000095,0.0,0.0,0.0029040485959999913,0.0557273579860499
0.0008037387294999954,0.0,0.0,0.002861642468499991,0.04516418125943298
0.0009533572150000009,0.0,0.0,0.002972233166499993,0.059209423505495684
0.0009255054955,0.0,0.0,0.002997281911499992,0.058526595063605545
0.0008941063470000062,0.0,0.0,0.0029804118589999914,0.05718745350705165
0.0008545619470000076,0.0,0.0,0.002965843112499991,0.055497127541103204
0.0008628118570000127,0.0,0.0,0.0029355597454999915,0.05578429343367079
0.0008370999694999992,0.0,0.0,0.0029739340689999916,0.05582323610314958
0.0008843695305000028,0.0,0.0,0.0029695256744999925,0.055042035185090835
0.0009072575680000013,0.0,0.0,0.003002249080499992,0.05781178460280857
0.000890840435000003,0.0,0.0,0.0029848467364999923,0.057496651505333854
0.0008655007835000035,0.0,0.0,0.0029903210274999925,0.05628582291534876
0.0008334595434999936,0.0,0.0,0.0029791605794999925,0.051584607034493066
0.0008481852624999949,0.0,0.0,0.003020056487999992,0.05671242319041684
0.0008408549134999993,0.0,0.0,0.003001375102999993,0.055584666684078014
0.000873834467000002,0.0,0.0,0.0030281582384999914,0.05795076766424682
0.0008140891890000017,0.0,0.0,0.002969348262999992,0.05436724318429792
0.0007762539200000032,0.0,0.0,0.0029069950884999924,0.046404154770866846
0.000842248197499997,0.0,0.0,0.0030571752129999923,0.05806841006639829
0.0007731028500000019,0.0,0.0,0.002991960117499992,0.05469259308048451
0.0007753937425000103,0.0,0.0,0.0029624580394999917,0.053410568820827335
0.0008528737789999992,0.0,0.0,0.003095215483499992,0.05814076451806923
0.0007902292460000013,0.0,0.0,0.0030221408694999924,0.05489904761550701
0.0008680748319999914,0.0,0.0,0.003132111719999992,0.05889230787523416
0.0007810255645000002,0.0,0.0,0.0030446615719999922,0.055276313404735045
0.0008338875755000048,0.0,0.0,0.0030551816544999917,0.05772924111836236
0.0007918074550000052,0.0,0.0,0.003014734604499991,0.05411569153852547
0.0007520261919999973,0.0,0.0,0.0030434210704999914,0.05426934691054218
0.0006671634046999947,0.0,0.0,0.0028775466884999918,0.04047187171025846
0.0008097609554999971,0.0,0.0,0.0030625815234999925,0.05605144974669423
0.0007648416105000084,0.0,0.0,0.0030129831199999916,0.05467837540682878
0.0008151473365000016,0.0,0.0,0.003141326553499992,0.058661833904586125
0.0007494241350000002,0.0,0.0,0.003011344020999991,0.04896976909636515
0.0007188768795000146,0.0,0.0,0.002937759897999991,0.04850035123537412
0.000793445140000001,0.0,0.0,0.003096361550999992,0.05691371419654723
0.0007580579024999931,0.0,0.0,0.003091178796999992,0.05560161590179667
0.0007426298460000008,0.0,0.0,0.0030858066044999913,0.05564874313078676
0.0007539117204999946,0.0,0.0,0.003099343388499992,0.05476534515658428
0.0007474465975000008,0.0,0.0,0.003102333475499992,0.05674775861512784
0.0007889871454999911,0.0,0.0,0.0031737271189999907,0.057771870029994794
0.0007358600450000007,0.0,0.0,0.0030694750404999917,0.05480011846377746
0.0007076718834999848,0.0,0.0,0.0031302419044999925,0.05400702566556024
0.0007560375550000007,0.0,0.0,0.003122464941999992,0.057205583861451206
0.0007148355199999993,0.0,0.0,0.003117485658999992,0.054488990697879505
0.0007059238429999968,0.0,0.0,0.003092797557999992,0.05427662394473992
0.0007562228204999971,0.0,0.0,0.0031351162649999914,0.0558693428470762
0.0006946087420000042,0.0,0.0,0.0030831868739999916,0.05321171147328224
0.0007202837005000005,0.0,0.0,0.0031365132034999912,0.05559209817165624
0.0007056598090000017,0.0,0.0,0.0031234402564999913,0.05499234892600081
0.0007395169305000049,0.0,0.0,0.0031184562129999917,0.05696089248541218
0.0007205691270000013,0.0,0.0,0.003129217309999993,0.054930577029399935
0.0007168838475000001,0.0,0.0,0.003140757903999992,0.0555313105121691
0.0006790560839999996,0.0,0.0,0.003128549782499991,0.05403246208090938
0.0007092218405000016,0.0,0.0,0.0031470862109999917,0.056223717691179426
0.0005746311859999955,0.0,0.0,0.002933452947499991,0.03831962196095777
0.0007240520854999977,0.0,0.0,0.0031913048709999916,0.05779457672291564
0.0006501135284999944,0.0,0.0,0.003159657345499991,0.05314126934993153
0.0006337355439999875,0.0,0.0,0.0032042474359999917,0.053111808938207876
0.0006572831129999989,0.0,0.0,0.003151401927999992,0.054177540586153865
0.0006480495394999986,0.0,0.0,0.0031382776234999917,0.05225081167143383
0.0007155863279999914,0.0,0.0,0.0032457772804999913,0.057669481406057904
0.0006880816319999963,0.0,0.0,0.0032011778774999923,0.05654076092873069
0.0006644145194999998,0.0,0.0,0.003179922489999991,0.05602840180300474
0.0006326954779999933,0.0,0.0,0.0031950158359999904,0.05433441520503496
0.0005512747244999924,0.0,0.0,0.003041661092499992,0.03997569004880169
0.0004993162138999926,0.0,0.0,0.002881936981499991,0.027377157643775765
0.0006706948244999974,0.0,0.0,0.0032038033409999916,0.05596147940897278
0.0006631612809999861,0.0,0.0,0.0032678160294999916,0.05615722890349065
0.000441631863299991,0.0,0.0,0.0028530252305999904,0.02098986874169235
0.0005828811509999775,0.0,0.0,0.0032610716089999914,0.05285911143218357
0.0005651385934999883,0.0,0.0,0.003053851095499991,0.03895755085201909
0.000595564500499987,0.0,0.0,0.00326672039199999,0.05321665599818663
0.0006400638750000017,0.0,0.0,0.003212070855499991,0.05524418505760896
0.0006008471284999954,0.0,0.0,0.0031950714934999903,0.05053487326696377
0.0005866075490000007,0.0,0.0,0.003161195702999992,0.05261416862248165
0.0005586734704999977,0.0,0.0,0.0031846686429999912,0.05174237314959384
0.0004937304372999914,0.0,0.0,0.0029489058914999914,0.02827917005485555
0.0006102823844999898,0.0,0.0,0.0032592414864999913,0.053062640448250736
0.0005713964654999925,0.0,0.0,0.003237284566499991,0.05390993724330226
0.0005909558574999881,0.0,0.0,0.0032293273934999914,0.048662705999899136
0.0005660732599999928,0.0,0.0,0.0032375214224999913,0.053622303554634466
0.0005998699959999871,0.0,0.0,0.0033211819774999914,0.055412122164599883
0.0005680037349999947,0.0,0.0,0.003239882864999992,0.0536504056287528
0.0006540706234999904,0.0,0.0,0.003334216383999992,0.05781496796039971
0.0006639347064999883,0.0,0.0,0.003387692796499991,0.05868942683441383
0.0005944374459999957,0.0,0.0,0.0033026492854999917,0.055566042532822046
0.0005396797514999902,0.0,0.0,0.003201387126499991,0.048085976447727774
0.0005387532944999823,0.0,0.0,0.003324660218999991,0.05409441567271154
0.0005862403339999935,0.0,0.0,0.0032927048244999913,0.05526824005925243
0.0005509122319999945,0.0,0.0,0.003287238922499991,0.054575385354736154
0.0005939191814999913,0.0,0.0,0.0033044275679999916,0.054440994309944965
0.0005380492039999889,0.0,0.0,0.0033221548034999913,0.054750739291447886
0.0005820086694999906,0.0,0.0,0.0033339862719999913,0.05603784670972622
0.0006356217694999931,0.0,0.0,0.003400705143499991,0.059470812652998
0.0005377397794999893,0.0,0.0,0.0033116457279999912,0.05434936374785637
0.000561761484000007,0.0,0.0,0.0032459905459999903,0.05515951925219894
0.0005492159409999837,0.0,0.0,0.003345837954999991,0.05097098555234911
0.0005569123354999936,0.0,0.0,0.003319259826999991,0.054032790388443
0.0005697067784999797,0.0,0.0,0.0032992624239999912,0.046913519715877025
0.0005535396004999935,0.0,0.0,0.003338208746999991,0.055966332956267836
0.0005683116684999906,0.0,0.0,0.0033742880599999907,0.05702655682496757
0.0005353224584999921,0.0,0.0,0.0033469090934999906,0.05428583264694063
0.0004882701664999839,0.0,0.0,0.0033003981304999914,0.04600134649364267
0.0004947893809999844,0.0,0.0,0.0032909220429999907,0.04700263950667391
0.000550444206999986,0.0,0.0,0.003404749929499991,0.05604496459757814
0.00055700990199999,0.0,0.0,0.0033952252814999917,0.05639977169451535
0.000493707541499984,0.0,0.0,0.003308107757499992,0.04649226745538036
0.0004408355719999811,0.0,0.0,0.003383129858999991,0.052218784909442484
0.0004994997594999941,0.0,0.0,0.003353814076499991,0.05448075688702888
0.0005086151229999875,0.0,0.0,0.0034143368104999914,0.056002842402711875
0.000539971678499997,0.0,0.0,0.003411397761999992,0.05703545197565488
0.00045727994699998494,0.0,0.0,0.0034055766729999917,0.05394965495194203
0.00047509333449998587,0.0,0.0,0.0034099383329999917,0.05439312194662928
0.0004534918299999879,0.0,0.0,0.003385278051999991,0.0538995010067234
0.0004743509634999863,0.0,0.0,0.0034100949999999906,0.05465857298201857
0.0004390851679999811,0.0,0.0,0.003337455814499991,0.044636893496729675
0.0004383989944999843,0.0,0.0,0.003412433847499991,0.05288918618303427
0.00044425962749998775,0.0,0.0,0.003425787455499991,0.05401699188424165
0.0005156509684999828,0.0,0.0,0.003448141939999991,0.05362754746385799
0.0005059793879999906,0.0,0.0,0.0034593309164999914,0.05654433142728765
0.00045015155799999103,0.0,0.0,0.0034587392204999917,0.055427132704371274
0.0004895568934999888,0.0,0.0,0.0034109748744999913,0.054364622386271585
0.0004428721969999851,0.0,0.0,0.0034408594074999913,0.05350001069623736
0.000480393510999991,0.0,0.0,0.003444447862499991,0.05611843721242636
0.0003975254904999806,0.0,0.0,0.0034726174829999906,0.05243208938109814
0.00045610005349998664,0.0,0.0,0.0034616414644999902,0.054686109163640265
0.00046809527599998586,0.0,0.0,0.00347375440549999,0.05525967037625154
0.0004359541524999902,0.0,0.0,0.0034630689009999905,0.05454119471404187
0.0004521651169999961,0.0,0.0,0.00343388427699999,0.055066842504702486
0.0004185386704999858,0.0,0.0,0.0034629382239999905,0.054170511223662114
0.00043284302899998875,0.0,0.0,0.0034881381394999906,0.055168587477682336
0.000530672383999994,0.0,0.0,0.0035430670709999906,0.05998625080238852
0.0004270522094999851,0.0,0.0,0.0034999963979999906,0.05439370500154708
0.00029909689594997436,0.0,0.0,0.0033608287659999897,0.03768762630245207
0.000379025155499985,0.0,0.0,0.0034843258674999906,0.05349541612615997
0.00042490788699998624,0.0,0.0,0.00350315353749999,0.05450774890096325
0.0003780487494999868,0.0,0.0,0.0034324691169999905,0.04873141204152425
0.00048104123049998756,0.0,0.0,0.0035456808344999915,0.05827608297154414
0.0003416632529999906,0.0,0.0,0.0034630470109999903,0.051974848234341606
0.00042504733849999205,0.0,0.0,0.0035023352519999913,0.0557906581382194
0.0004042616424999846,0.0,0.0,0.0035427222409999907,0.05476178085829935
0.0003733947219999891,0.0,0.0,0.0034968186084999913,0.05391419295003427
0.0003815035809999754,0.0,0.0,0.00361951247349999,0.05425506054938655
0.00036422625799997863,0.0,0.0,0.0035827812169999906,0.054158678956994485
0.00040983141599998884,0.0,0.0,0.0035502461844999908,0.05588486618054324
0.00034750715099998806,0.0,0.0,0.003446541693499991,0.04879243000609438
0.0003993673284999823,0.0,0.0,0.003572739220999991,0.055678581153222315
0.000349885702499986,0.0,0.0,0.0035593587659999907,0.053963232929789134
0.00037073854799998395,0.0,0.0,0.0035734455714999903,0.05490855124178455
0.00036649832199998314,0.0,0.0,0.003573061748499991,0.053652634658519535
0.0003471911369999877,0.0,0.0,0.003517679142499991,0.05305161761232281
0.00036270090349997707,0.0,0.0,0.003608532899999991,0.05433691585036839
0.0003735173194999844,0.0,0.0,0.003572064974999991,0.05497477237328
0.00035455792349998257,0.0,0.0,0.0035724504914999905,0.05340082799180907
0.00034549610899998497,0.0,0.0,0.0035373097414999914,0.052066995563521706
0.00036247983899998306,0.0,0.0,0.0036027283754999904,0.05476458120519037
0.0003136726654999828,0.0,0.0,0.003553644368999991,0.05123271115680247
0.00033618954049998405,0.0,0.0,0.0035824200404999903,0.05319383056046605
0.000338880280999991,0.0,0.0,0.003569887424999991,0.05481939530016193
0.0003326591559999853,0.0,0.0,0.0035922207734999908,0.054058315739537496
0.00031657428899997556,0.0,0.0,0.0036774691404999893,0.054168710151905414
0.00012666072109998453,0.0,0.0,0.0032221320874999894,0.023665285171192978
0.0003468972714999806,0.0,0.0,0.0036309813599999905,0.05389698677430307
0.00032797446399998587,0.0,0.0,0.0035907828764999905,0.05348172695973576
6.159495999998922e-05,0.0,0.0,0.003170626142999991,0.020640574637194146
0.0003221009859999854,0.0,0.0,0.00357449281999999,0.05226392694247991
0.0002562070104999819,0.0,0.0,0.0035854360074999907,0.05088021765359802
0.0003152221249999917,0.0,0.0,0.0035974334109999907,0.05473047001230491
0.00032290281149998507,0.0,0.0,0.0036374853934999906,0.053744724312008274
0.00030840570299997744,0.0,0.0,0.0037107512334999897,0.054850985942791086
0.00030314976049998315,0.0,0.0,0.00366009036699999,0.054696320776744495
0.0002671234864999833,0.0,0.0,0.0036347372029999895,0.05301239511847472
0.0003044572814999869,0.0,0.0,0.0036057779104999906,0.05367605921774256
0.00028477915199998094,0.0,0.0,0.003690357439999991,0.05472589905619569
0.0002387247814999863,0.0,0.0,0.00358782731349999,0.051554995183183364
0.0003029434974999817,0.0,0.0,0.0036750857989999897,0.05481307037439524
0.00032822695549998874,0.0,0.0,0.0036308759964999906,0.055403753886190434
0.0002667100989999832,0.0,0.0,0.003662039836499991,0.053455633598745236
0.0002682870014999734,0.0,0.0,0.00374495655999999,0.05298607254228085
0.00026771799949998245,0.0,0.0,0.00364322586899999,0.05226801026911515
0.00023643870099997785,0.0,0.0,0.00367757843099999,0.05136581633798906
0.0002708550294999801,0.0,0.0,0.00371417157699999,0.05459713948509103
0.0002863036934999838,0.0,0.0,0.0036685750449999897,0.05419300447547202
0.00029022053049997934,0.0,0.0,0.0037462931019999913,0.05510454005130021
0.0002493058489999821,0.0,0.0,0.00367115892499999,0.05414843343795191
0.00023093168049997828,0.0,0.0,0.0037134947939999902,0.05263871338481796
0.0002678610054999839,0.0,0.0,0.003706419529999991,0.05470918759791128
0.000259052860499969,0.0,0.0,0.0038972793619999873,0.05477207683545246
0.0002943445944999886,0.0,0.0,0.0036729153379999905,0.055742139244562096
0.00022663952099997824,0.0,0.0,0.00369106548949999,0.05021762427371387
0.0002029535684999824,0.0,0.0,0.0037055344994999895,0.05218144866620385
0.00018797145199997173,0.0,0.0,0.0038295637124999894,0.05276171467426598
0.0002270007124999798,0.0,0.0,0.0037393701809999903,0.05319239214569944
0.00024280859999997978,0.0,0.0,0.0037531308104999904,0.054063647327145185
0.0002405565269999741,0.0,0.0,0.0037959685909999892,0.0528871332554144
0.0002072681039999787,0.0,0.0,0.0037420284034999896,0.05157449726830564
0.0002211782224999829,0.0,0.0,0.00376608190749999,0.05398895824741455
0.00020145636949998034,0.0,0.0,0.00374824428249999,0.05332618019993035
4.885739649998597e-05,0.0,0.0,0.00327194785599999,0.016801483897669937
0.00017687174499997848,0.0,0.0,0.0037735291544999895,0.05269186860700936
0.0001538280379999844,0.0,0.0,0.003706599804499989,0.05235039272769991
0.00017364897599998698,0.0,0.0,0.0036965314929999905,0.05191351923781433
0.0002183861329999935,0.0,0.0,0.0037012454739999896,0.05336949020405288
0.0001837457019999778,0.0,0.0,0.00380907498749999,0.0533426463336208
0.0,0.0,0.0,0.00334403444399999,0.018452351510043194
0.0002254639579999802,0.0,0.0,0.00384490170149999,0.05611834511523735
0.00019570214299998324,0.0,0.0,0.0037591947814999893,0.054175819546830366
0.00014906408949998497,0.0,0.0,0.0037363801739999894,0.051598121180221
0.00022448594449997147,0.0,0.0,0.003966525420499989,0.05613363031659484
0.00017413619699997186,0.0,0.0,0.003933252274499989,0.054037220589226054
0.0,0.0,0.0,0.0034048463079999897,0.019616754518044795
8.572995719997e-05,0.0,0.0,0.003908370313999989,0.05030014985558502
0.00014913015299997383,0.0,0.0,0.0038936393544999896,0.05379651308480372
0.00020017691799997567,0.0,0.0,0.00387386648399999,0.055019147519990375
0.0001396191394999756,0.0,0.0,0.0038670117414999904,0.05316830117165719
0.00016817028399998015,0.0,0.0,0.0038173010374999896,0.05311160746473037
0.00016395127299998087,0.0,0.0,0.0038415400809999898,0.05319084380950384
5.8223230649977567e-05,0.0,0.0,0.0038100939909999896,0.049445375989147444
0.00013610814799998251,0.0,0.0,0.00382686060749999,0.053649214789562666
0.00013015314099998104,0.0,0.0,0.003819437657499991,0.05286380292073593
0.00012292448749997567,0.0,0.0,0.003881956172499989,0.052760345852426005
0.00017480168449997974,0.0,0.0,0.00386809720549999,0.054757775717244606
0.00012860668249997805,0.0,0.0,0.0038616742154999892,0.0525667422449788
0.00012915477749998738,0.0,0.0,0.0038108641589999896,0.05381419533970513
0.00010495136799997288,0.0,0.0,0.0038518101759999887,0.043284925833244774
0.0001417384709999815,0.0,0.0,0.0038131166419999897,0.05016887557004107
0.0,0.0,0.0,0.003367785650999989,0.014627450409083857
9.591101699998319e-05,0.0,0.0,0.00377467536199999,0.0471502057730832
0.0,0.0,0.0,0.003468825047999989,0.01736566115239204
0.0,0.0,0.0,0.003425210347999989,0.016481486478550612
0.0001575256409999785,0.0,0.0,0.003929073824499991,0.05397595798533503
0.0,0.0,0.0,0.00338501670449999,0.016971586891690787
0.00011562548099997938,0.0,0.0,0.0039060922224999897,0.0530869350214072
0.00012009537599998188,0.0,0.0,0.003884376851499989,0.05451425043256716
8.894251749997815e-05,0.0,0.0,0.0038940574954999902,0.05164314339424969
7.774870649997982e-05,0.0,0.0,0.00388848661149999,0.05280238103234535
8.548016199997851e-05,0.0,0.0,0.003913470770499989,0.05270315958890585
4.167801699997474e-05,0.0,0.0,0.003931028070499989,0.05086415566539598
4.045127949998126e-05,0.0,0.0,0.0038418177439999896,0.05004357740862267
0.00010167513449998327,0.0,0.0,0.00390065503499999,0.05456789365429944
0.0001246430649999873,0.0,0.0,0.0038731587949999893,0.055343790687013075
0.00010736938049998,0.0,0.0,0.0039595704239999896,0.055407735754709087
8.100131499998045e-05,0.0,0.0,0.0039258741164999895,0.05334431382392918
7.056300299998041e-05,0.0,0.0,0.003945771141999989,0.05309720101894727
4.8888076499982534e-05,0.0,0.0,0.0038299491999999897,0.04525911107115243
0.00012164729149998453,0.0,0.0,0.00392747959349999,0.054385654811889964
0.0,0.0,0.0,0.00346769886549999,0.017483965414159246
2.8746821499981605e-05,0.0,0.0,0.0038917643399999898,0.05122795866272022
0.0001215385374999814,0.0,0.0,0.003987187508499989,0.05642151258504251
6.52477839999799e-05,0.0,0.0,0.003931794805499989,0.0513148438044491
5.826135849998121e-05,0.0,0.0,0.00392405037499999,0.05193621659788043
8.625492249997898e-05,0.0,0.0,0.00401942418049999,0.055352318515853684
8.22713069999762e-05,0.0,0.0,0.004021957306999989,0.050634409570022534
6.496237499976974e-06,0.0,0.0,0.003984655949499989,0.05136503410887623
5.2584484499978924e-05,0.0,0.0,0.003997111681999989,0.053667140480366214
0.0,0.0,0.0,0.00385338831249999,0.04303058011303946
1.5413602999977136e-05,0.0,0.0,0.003998651580499989,0.05184559770403821
