ARR_DATA(I)			Integral(5.434,5.394)				Integral(5.255,5.224)				Integral(4.671,4.619)		Integral(4.027,3.987)		
0	0	0	128.635	0	0	0	29.5576	0	0	0	302.177	0	17.3021	0	
93	0	0	129.005	0	0	0	30.0569	0	0	0	304.892	0	17.5351	0	
182	0	0	129.095	0	0	0	30.3716	0	0	0	301.542	0	17.1749	0	
271	0	0	129.055	0	0	0	30.3476	0	0	0	299.768	0	17.2261	0	
364	0	0	129.095	0	0	0	30.604	0	0	0	301.899	0	17.5485	0	
454	0	0	128.74	0	0	0	30.2669	0	0	0	301.314	0	17.4666	0	
543	0	0	129.004	0	0	0	30.8736	0	0	0	301.029	0	17.633	0	
635	0	0	129.04	0	0	0	30.9974	0	0	0	303.995	0	17.6314	0	
727	0	0	128.555	0	0	0	30.8015	0	0	0	302.354	0	17.91	0	
816	0	0	128.354	0	0	0	30.7844	0	0	0	299.793	0	17.8584	0	
908	0	0	128.342	0	0	0	30.9738	0	0	0	300.747	0	17.9029	0	
999	0	0	128.052	0	0	0	30.6683	0	0	0	299.703	0	17.5124	0	
1088	0	0	128.394	0	0	0	31.3264	0	0	0	299.797	0	18.1635	0	
1180	0	0	128.441	0	0	0	31.336	0	0	0	299.617	0	17.8235	0	
1269	0	0	127.794	0	0	0	31.2291	0	0	0	302.175	0	18.3496	0	
1361	0	0	128.476	0	0	0	32.0224	0	0	0	301.908	0	18.3986	0	
1453	0	0	128.096	0	0	0	31.6329	0	0	0	302.553	0	18.4784	0	
1542	0	0	127.52	0	0	0	31.1055	0	0	0	296.897	0	18.17	0	
1641	0	0	127.612	0	0	0	31.6417	0	0	0	301.282	0	18.5189	0	
1733	0	0	127.725	0	0	0	31.9775	0	0	0	300.927	0	18.6168	0	
1825	0	0	127.922	0	0	0	32.0355	0	0	0	301.935	0	18.7099	0	
1922	0	0	128.428	0	0	0	33.4661	0	0	0	313.953	0	19.0258	0	
2010	0	0	127.488	0	0	0	31.6099	0	0	0	298.601	0	18.6168	0	
2100	0	0	127.105	0	0	0	31.8379	0	0	0	298.761	0	18.5792	0	
2189	0	0	127.256	0	0	0	31.9933	0	0	0	300.493	0	18.9704	0	
2281	0	0	127.124	0	0	0	32.1829	0	0	0	301.808	0	19.138	0	
2372	0	0	127.161	0	0	0	32.1783	0	0	0	300.157	0	18.7227	0	
2462	0	0	127.33	0	0	0	32.9446	0	0	0	304.326	0	19.5736	0	
2553	0	0	126.697	0	0	0	32.3735	0	0	0	301.708	0	19.252	0	
2642	0	0	126.613	0	0	0	32.4459	0	0	0	299.33	0	19.173	0	
2734	0	0	126.478	0	0	0	32.3108	0	0	0	299.937	0	19.3004	0	
2825	0	0	126.692	0	0	0	32.8064	0	0	0	301.585	0	19.6324	0	
2917	0	0	126.365	0	0	0	32.7642	0	0	0	299.816	0	19.4091	0	
3007	0	0	126.529	0	0	0	32.659	0	0	0	301.972	0	19.6424	0	
3097	0	0	126.525	0	0	0	32.955	0	0	0	302.878	0	19.6497	0	
3189	0	0	126.361	0	0	0	32.9319	0	0	0	300.078	0	19.6674	0	
3280	0	0	125.802	0	0	0	32.6261	0	0	0	299.835	0	19.7792	0	
3372	0	0	126.133	0	0	0	33.0758	0	0	0	302.053	0	19.9403	0	
3462	0	0	125.987	0	0	0	32.6962	0	0	0	301.225	0	20.0917	0	
3552	0	0	126.036	0	0	0	33.0106	0	0	0	300.441	0	20.1571	0	
3641	0	0	125.629	0	0	0	33.093	0	0	0	299.382	0	20.1571	0	
3732	0	0	125.829	0	0	0	33.3932	0	0	0	301.824	0	20.4196	0	
3821	0	0	125.614	0	0	0	33.2567	0	0	0	299.287	0	20.3464	0	
3913	0	0	125.774	0	0	0	33.7637	0	0	0	301.706	0	20.3574	0	
4002	0	0	125.16	0	0	0	33.2975	0	0	0	301.917	0	20.5237	0	
4094	0	0	125.609	0	0	0	33.6131	0	0	0	302.509	0	20.5025	0	
4184	0	0	125.208	0	0	0	33.5979	0	0	0	301.612	0	20.7703	0	
4275	0	0	125.232	0	0	0	33.5713	0	0	0	299.736	0	20.6982	0	
4367	0	0	125.154	0	0	0	33.6414	0	0	0	300.515	0	20.8393	0	
4456	0	0	125.131	0	0	0	33.8632	0	0	0	300.345	0	21.0347	0	
4548	0	0	124.656	0	0	0	33.8406	0	0	0	300.362	0	20.9591	0	
4639	0	0	124.398	0	0	0	33.8127	0	0	0	300.927	0	20.9271	0	
4731	0	0	124.468	0	0	0	33.972	0	0	0	302.857	0	21.393	0	
4820	0	0	124.656	0	0	0	33.8975	0	0	0	301.026	0	21.1948	0	
4910	0	0	124.327	0	0	0	34.0136	0	0	0	301.101	0	21.277	0	
5003	0	0	124.467	0	0	0	34.319	0	0	0	303.992	0	21.4291	0	
5095	0	0	124.118	0	0	0	34.0082	0	0	0	301.337	0	21.5484	0	
5188	0	0	124.033	0	0	0	34.1713	0	0	0	302.578	0	21.5303	0	
5278	0	0	123.925	0	0	0	34.0084	0	0	0	298.053	0	21.4615	0	
5372	0	0	124.02	0	0	0	34.5277	0	0	0	302.34	0	22.0687	0	
5461	0	0	123.961	0	0	0	34.2196	0	0	0	301.466	0	21.8356	0	
5554	0	0	123.856	0	0	0	34.5548	0	0	0	303.504	0	22.2043	0	
5644	0	0	123.526	0	0	0	34.5344	0	0	0	304.114	0	22.1114	0	
5734	0	0	123.412	0	0	0	34.3592	0	0	0	299.588	0	22.1158	0	
5822	0	0	123.518	0	0	0	34.2425	0	0	0	299.724	0	22.3769	0	
5911	0	0	123.195	0	0	0	34.5284	0	0	0	300.442	0	22.1721	0	
6001	0	0	123.144	0	0	0	34.2706	0	0	0	300.412	0	22.2364	0	
6092	0	0	122.98	0	0	0	34.707	0	0	0	302.561	0	22.6643	0	
6183	0	0	122.962	0	0	0	34.8988	0	0	0	303.222	0	22.7578	0	
6279	0	0	123.623	0	0	0	36.0876	0	0	0	315.203	0	23.403	0	
6368	0	0	123.006	0	0	0	34.9125	0	0	0	301.893	0	22.8538	0	
6457	0	0	122.934	0	0	0	35.0226	0	0	0	301.555	0	22.8468	0	
6549	0	0	122.551	0	0	0	35.0146	0	0	0	304.117	0	22.9731	0	
6640	0	0	122.568	0	0	0	34.9306	0	0	0	301.668	0	22.9429	0	
6731	0	0	122.572	0	0	0	35.3473	0	0	0	301.924	0	23.0662	0	
6819	0	0	122.581	0	0	0	34.9965	0	0	0	301.79	0	23.1576	0	
6910	0	0	122.244	0	0	0	35.0838	0	0	0	302.768	0	23.2251	0	
7001	0	0	122.262	0	0	0	35.3464	0	0	0	306.461	0	23.4646	0	
7094	0	0	121.967	0	0	0	35.2433	0	0	0	304.471	0	23.4863	0	
7183	0	0	122.085	0	0	0	35.4468	0	0	0	305.026	0	23.7132	0	
7275	0	0	121.596	0	0	0	35.1739	0	0	0	305.384	0	23.6901	0	
7365	0	0	121.628	0	0	0	35.2454	0	0	0	300.633	0	23.3831	0	
7456	0	0	121.534	0	0	0	35.4543	0	0	0	303.824	0	23.7146	0	
7548	0	0	121.392	0	0	0	35.2553	0	0	0	303.014	0	23.9056	0	
7642	0	0	121.249	0	0	0	35.5303	0	0	0	304.854	0	24.1808	0	
7734	0	0	121.182	0	0	0	35.4191	0	0	0	303.856	0	23.9309	0	
7823	0	0	121.476	0	0	0	35.6511	0	0	0	303.818	0	23.882	0	
7915	0	0	121.126	0	0	0	35.4198	0	0	0	303.902	0	24.1421	0	
8006	0	0	120.955	0	0	0	35.5767	0	0	0	306.707	0	24.4747	0	
8099	0	0	120.875	0	0	0	35.6434	0	0	0	304.324	0	24.4722	0	
8191	0	0	120.993	0	0	0	35.8824	0	0	0	308.464	0	24.7607	0	
8282	0	0	120.666	0	0	0	35.9305	0	0	0	303.816	0	24.3728	0	
8376	0	0	120.586	0	0	0	35.799	0	0	0	305.492	0	24.9284	0	
8469	0	0	120.403	0	0	0	35.9665	0	0	0	305.101	0	24.6789	0	
8561	0	0	120.265	0	0	0	35.805	0	0	0	302.992	0	24.5789	0	
8650	0	0	120.119	0	0	0	35.7091	0	0	0	302.89	0	24.8156	0	
8738	0	0	119.934	0	0	0	35.5869	0	0	0	301.225	0	24.6349	0	
8829	0	0	119.664	0	0	0	35.7299	0	0	0	303.202	0	25.0588	0	
8917	0	0	120.044	0	0	0	35.8667	0	0	0	303.54	0	24.9626	0	
9009	0	0	119.88	0	0	0	36.3526	0	0	0	309.027	0	25.3907	0	
9099	0	0	120.199	0	0	0	36.7095	0	0	0	307.279	0	25.5149	0	
9192	0	0	119.697	0	0	0	36.1087	0	0	0	306.795	0	25.4896	0	
9279	0	0	119.437	0	0	0	36.0429	0	0	0	303.942	0	25.4376	0	
9373	0	0	119.487	0	0	0	36.44	0	0	0	307.289	0	25.6595	0	
9463	0	0	119.372	0	0	0	36.2485	0	0	0	304.655	0	25.5192	0	
9563	0	0	119.271	0	0	0	36.0142	0	0	0	305.643	0	25.7791	0	
9653	0	0	119.121	0	0	0	36.5455	0	0	0	306.821	0	25.7033	0	
9742	0	0	119.259	0	0	0	36.6014	0	0	0	305.778	0	25.99	0	
9831	0	0	118.972	0	0	0	36.5	0	0	0	307.31	0	26.1693	0	
9920	0	0	118.666	0	0	0	36.1429	0	0	0	304.026	0	25.9845	0	
10011	0	0	118.566	0	0	0	36.2535	0	0	0	306.54	0	26.2359	0	
10099	0	0	118.401	0	0	0	36.4875	0	0	0	305.239	0	26.3291	0	
10189	0	0	118.392	0	0	0	36.4191	0	0	0	304.67	0	26.339	0	
10281	0	0	118.399	0	0	0	36.4132	0	0	0	306.112	0	26.4544	0	
10371	0	0	118.144	0	0	0	36.5801	0	0	0	306.095	0	26.5334	0	
10461	0	0	118.024	0	0	0	36.3591	0	0	0	306.03	0	26.6194	0	
10551	0	0	118.123	0	0	0	36.9064	0	0	0	309.856	0	26.6407	0	
10644	0	0	118.224	0	0	0	37.0847	0	0	0	308.348	0	26.9316	0	
10736	0	0	117.873	0	0	0	36.6396	0	0	0	307.676	0	27.0609	0	
10827	0	0	117.743	0	0	0	36.7187	0	0	0	306.537	0	27.0182	0	
10917	0	0	117.353	0	0	0	36.569	0	0	0	307.179	0	27.1545	0	
11007	0	0	117.348	0	0	0	36.5688	0	0	0	307.289	0	27.2312	0	
11095	0	0	117.391	0	0	0	36.8416	0	0	0	308.124	0	27.3377	0	
11188	0	0	117.306	0	0	0	36.9454	0	0	0	310.166	0	27.2545	0	
11277	0	0	117.326	0	0	0	37.1565	0	0	0	311.19	0	27.6663	0	
11365	0	0	117.138	0	0	0	36.7083	0	0	0	307.468	0	27.8339	0	
11462	0	0	117.872	0	0	0	38.3278	0	0	0	321.559	0	28.4	0	
11552	0	0	116.875	0	0	0	36.8168	0	0	0	307.132	0	27.6512	0	
11645	0	0	116.555	0	0	0	36.831	0	0	0	307.916	0	27.9592	0	
11739	0	0	117.355	0	0	0	38.429	0	0	0	320.622	0	28.5379	0	
11833	0	0	116.599	0	0	0	37.3237	0	0	0	308.72	0	28.212	0	
11926	0	0	116.182	0	0	0	36.9876	0	0	0	311.483	0	28.3484	0	
12016	0	0	116.013	0	0	0	36.8084	0	0	0	307.643	0	28.4445	0	
12108	0	0	116.012	0	0	0	37.1227	0	0	0	308.842	0	28.1256	0	
12197	0	0	115.773	0	0	0	36.7987	0	0	0	306.389	0	28.4285	0	
12287	0	0	115.855	0	0	0	37.0725	0	0	0	308.016	0	28.6481	0	
12380	0	0	115.861	0	0	0	37.3255	0	0	0	309.606	0	28.5146	0	
12470	0	0	115.715	0	0	0	37.6148	0	0	0	312.561	0	28.8134	0	
12562	0	0	115.469	0	0	0	37.1547	0	0	0	309.885	0	28.9232	0	
12653	0	0	115.306	0	0	0	36.789	0	0	0	310.247	0	28.9214	0	
12744	0	0	115.428	0	0	0	37.2039	0	0	0	311.285	0	29.0387	0	
12837	0	0	114.935	0	0	0	36.959	0	0	0	307.124	0	29.1079	0	
12929	0	0	114.957	0	0	0	37.0582	0	0	0	310.306	0	29.3114	0	
13019	0	0	115.125	0	0	0	37.4671	0	0	0	312.318	0	29.5244	0	
13111	0	0	114.655	0	0	0	37.031	0	0	0	308.68	0	29.2683	0	
13200	0	0	114.621	0	0	0	36.9011	0	0	0	308.185	0	29.4652	0	
13292	0	0	114.551	0	0	0	37.3795	0	0	0	312.068	0	29.8342	0	
13385	0	0	114.739	0	0	0	37.4591	0	0	0	312.497	0	29.83	0	
13474	0	0	114.348	0	0	0	37.2874	0	0	0	312.814	0	29.9053	0	
13563	0	0	114.311	0	0	0	37.0626	0	0	0	311.013	0	29.9568	0	
13652	0	0	114.4	0	0	0	37.4021	0	0	0	308.86	0	29.7663	0	
13742	0	0	114.028	0	0	0	37.3918	0	0	0	308.763	0	29.8256	0	
13834	0	0	114.052	0	0	0	37.4981	0	0	0	312.481	0	30.1021	0	
13925	0	0	114.005	0	0	0	37.5623	0	0	0	311.775	0	30.2882	0	
14014	0	0	113.739	0	0	0	37.4878	0	0	0	310.888	0	30.292	0	
14102	0	0	113.801	0	0	0	37.6081	0	0	0	313.757	0	30.4737	0	
14192	0	0	113.399	0	0	0	37.2868	0	0	0	310.496	0	30.5271	0	
14281	0	0	113.086	0	0	0	37.369	0	0	0	310.819	0	30.7596	0	
14372	0	0	113.345	0	0	0	37.4721	0	0	0	312.711	0	30.7177	0	
14461	0	0	113.174	0	0	0	37.6472	0	0	0	314.557	0	31.0931	0	
14552	0	0	112.982	0	0	0	37.4953	0	0	0	314.093	0	30.9549	0	
14642	0	0	113.147	0	0	0	38.0105	0	0	0	315.542	0	31.3656	0	
14732	0	0	112.829	0	0	0	37.4484	0	0	0	313.013	0	31.3332	0	
14822	0	0	113.311	0	0	0	38.5319	0	0	0	316.296	0	31.1377	0	
14914	0	0	112.35	0	0	0	37.4572	0	0	0	312.718	0	31.5858	0	
15002	0	0	111.931	0	0	0	37.1938	0	0	0	312.297	0	31.4536	0	
15093	0	0	112.486	0	0	0	37.7966	0	0	0	312.944	0	31.3841	0	
15184	0	0	112.316	0	0	0	37.781	0	0	0	312.433	0	31.76	0	
15276	0	0	112.17	0	0	0	37.7672	0	0	0	315.385	0	31.8182	0	
15366	0	0	112.271	0	0	0	37.8192	0	0	0	313.259	0	31.9219	0	
15455	0	0	111.671	0	0	0	37.4442	0	0	0	312.468	0	31.9215	0	
15545	0	0	111.921	0	0	0	37.7154	0	0	0	313.277	0	31.9178	0	
15634	0	0	111.728	0	0	0	37.8508	0	0	0	313.708	0	32.1279	0	
15723	0	0	111.78	0	0	0	37.7721	0	0	0	314.527	0	32.3646	0	
15815	0	0	111.586	0	0	0	37.9006	0	0	0	316.312	0	32.6378	0	
15906	0	0	111.263	0	0	0	37.7061	0	0	0	314.801	0	32.3876	0	
15994	0	0	111.098	0	0	0	37.6988	0	0	0	312.536	0	32.3883	0	
16083	0	0	111.254	0	0	0	37.9182	0	0	0	315.49	0	32.3818	0	
16172	0	0	110.988	0	0	0	37.8261	0	0	0	313.311	0	32.6328	0	
16261	0	0	111.291	0	0	0	38.431	0	0	0	314.773	0	32.7253	0	
16354	0	0	111.104	0	0	0	38.5936	0	0	0	314.749	0	32.9992	0	
16447	0	0	111.02	0	0	0	38.1065	0	0	0	314.834	0	32.878	0	
16538	0	0	110.737	0	0	0	38.0793	0	0	0	314.296	0	33.0597	0	
16638	0	0	111.019	0	0	0	38.6265	0	0	0	317.855	0	33.1827	0	
16727	0	0	110.752	0	0	0	38.3615	0	0	0	315.102	0	33.0152	0	
16820	0	0	110.429	0	0	0	38.3852	0	0	0	315.939	0	33.1948	0	
16912	0	0	110.557	0	0	0	38.4589	0	0	0	315.373	0	33.5328	0	
17001	0	0	110.198	0	0	0	38.1398	0	0	0	313.167	0	33.246	0	
17097	0	0	110.909	0	0	0	39.5901	0	0	0	328.442	0	34.2195	0	
17185	0	0	109.996	0	0	0	38.3656	0	0	0	315.686	0	33.8754	0	
17283	0	0	110.608	0	0	0	39.6959	0	0	0	329.091	0	34.3403	0	
17374	0	0	109.873	0	0	0	38.6798	0	0	0	315.476	0	33.865	0	
17466	0	0	109.816	0	0	0	38.363	0	0	0	316.082	0	33.8225	0	
17555	0	0	109.627	0	0	0	38.4996	0	0	0	317.819	0	34.0388	0	
17645	0	0	109.513	0	0	0	38.3655	0	0	0	314.272	0	34.0835	0	
17733	0	0	109.132	0	0	0	38.2964	0	0	0	314.996	0	33.9638	0	
17821	0	0	109.454	0	0	0	38.7711	0	0	0	316.665	0	34.0619	0	
17915	0	0	109.371	0	0	0	38.5757	0	0	0	318.068	0	34.4446	0	
18006	0	0	109.368	0	0	0	38.9461	0	0	0	320.103	0	34.4952	0	
18096	0	0	109.146	0	0	0	38.6528	0	0	0	317.538	0	34.5854	0	
18185	0	0	108.71	0	0	0	38.4038	0	0	0	314.348	0	34.5994	0	
18279	0	0	108.881	0	0	0	38.4908	0	0	0	317.348	0	34.6812	0	
18371	0	0	108.589	0	0	0	38.7865	0	0	0	318.919	0	34.8504	0	
18461	0	0	109.013	0	0	0	39.284	0	0	0	319.973	0	34.7951	0	
18555	0	0	108.726	0	0	0	39.0863	0	0	0	318.362	0	35.1115	0	
18647	0	0	108.499	0	0	0	39.1971	0	0	0	320.534	0	35.0839	0	
18736	0	0	108.496	0	0	0	39.0962	0	0	0	318.061	0	35.0919	0	
18826	0	0	108.229	0	0	0	38.99	0	0	0	319.643	0	35.3085	0	
18918	0	0	108.135	0	0	0	39.033	0	0	0	319.263	0	35.4942	0	
19009	0	0	108.292	0	0	0	39.0814	0	0	0	318.503	0	35.5467	0	
19100	0	0	108.033	0	0	0	39.0189	0	0	0	318.495	0	35.4268	0	
19190	0	0	107.922	0	0	0	38.9231	0	0	0	317.366	0	35.7688	0	
19279	0	0	107.677	0	0	0	39.1758	0	0	0	320.301	0	35.702	0	
19369	0	0	107.659	0	0	0	39.0555	0	0	0	319.624	0	35.8671	0	
19459	0	0	107.674	0	0	0	39.4018	0	0	0	320.99	0	36.0602	0	
19550	0	0	107.317	0	0	0	38.7966	0	0	0	322.004	0	36.0236	0	
19643	0	0	107.491	0	0	0	39.2747	0	0	0	320.212	0	36.1392	0	
19735	0	0	107.077	0	0	0	39.1351	0	0	0	320.301	0	36.2197	0	
19827	0	0	107.26	0	0	0	39.3415	0	0	0	321.701	0	36.333	0	
19919	0	0	106.848	0	0	0	39.2284	0	0	0	318.197	0	36.2407	0	
20011	0	0	106.931	0	0	0	39.3014	0	0	0	320.79	0	36.4996	0	
20102	0	0	106.591	0	0	0	38.7442	0	0	0	318.536	0	36.4274	0	
20191	0	0	106.619	0	0	0	39.3482	0	0	0	317.461	0	36.4854	0	
20283	0	0	106.552	0	0	0	39.2628	0	0	0	320.718	0	36.6341	0	
20372	0	0	106.131	0	0	0	39.1305	0	0	0	320.29	0	36.7817	0	
20461	0	0	106.374	0	0	0	39.2607	0	0	0	321.26	0	36.9895	0	
20551	0	0	106.228	0	0	0	39.3481	0	0	0	320.794	0	36.8785	0	
20640	0	0	106.324	0	0	0	39.1199	0	0	0	319.857	0	36.9517	0	
20732	0	0	106.1	0	0	0	39.5367	0	0	0	320.036	0	37.0242	0	
20824	0	0	105.909	0	0	0	39.3906	0	0	0	320.303	0	37.1882	0	
20913	0	0	105.801	0	0	0	39.5233	0	0	0	320.584	0	37.3673	0	
21006	0	0	105.922	0	0	0	39.7817	0	0	0	323.128	0	37.5111	0	
21096	0	0	105.414	0	0	0	39.0416	0	0	0	319.043	0	37.4111	0	
21187	0	0	105.727	0	0	0	39.7658	0	0	0	321.368	0	37.4586	0	
21277	0	0	105.555	0	0	0	39.9693	0	0	0	324.513	0	37.8816	0	
21367	0	0	105.339	0	0	0	39.5761	0	0	0	321.405	0	37.9387	0	
21455	0	0	105.265	0	0	0	39.7476	0	0	0	322.144	0	37.8762	0	
21547	0	0	105.106	0	0	0	39.7198	0	0	0	321.221	0	37.7923	0	
21619	0	0	105.102	0	0	0	39.6888	0	0	0	321.995	0	38.023	0	
21718	0	0	105.931	0	0	0	41.1496	0	0	0	336.827	0	38.8142	0	
21810	0	0	104.926	0	0	0	39.7511	0	0	0	319.824	0	38.2996	0	
21902	0	0	104.775	0	0	0	39.984	0	0	0	321.388	0	38.2009	0	
21996	0	0	104.662	0	0	0	40.0617	0	0	0	325.022	0	38.5608	0	
22088	0	0	104.705	0	0	0	39.7701	0	0	0	320.506	0	38.3877	0	
22177	0	0	104.378	0	0	0	39.9465	0	0	0	323.26	0	38.5954	0	
22267	0	0	104.228	0	0	0	39.6514	0	0	0	319.992	0	38.5575	0	
22357	0	0	104.401	0	0	0	40.1369	0	0	0	323.68	0	38.5537	0	
22448	0	0	104.179	0	0	0	39.9001	0	0	0	321.891	0	38.6503	0	
22538	0	0	104.174	0	0	0	39.921	0	0	0	321.306	0	38.7994	0	
22630	0	0	104.072	0	0	0	40.232	0	0	0	322.883	0	39.1379	0	
22720	0	0	104.314	0	0	0	40.5973	0	0	0	322.939	0	38.9879	0	
22810	0	0	103.886	0	0	0	40.2248	0	0	0	322.802	0	39.1186	0	
22900	0	0	103.895	0	0	0	40.4337	0	0	0	321.122	0	39.1803	0	
22992	0	0	103.85	0	0	0	40.4057	0	0	0	322.905	0	39.4579	0	
23085	0	0	103.696	0	0	0	40.7111	0	0	0	323.906	0	39.4767	0	
23174	0	0	103.668	0	0	0	40.4322	0	0	0	322.009	0	39.2602	0	
23266	0	0	103.536	0	0	0	40.7481	0	0	0	323.436	0	39.3928	0	
23358	0	0	103.526	0	0	0	40.7165	0	0	0	322.284	0	39.5816	0	
23448	0	0	103.253	0	0	0	40.7222	0	0	0	323.891	0	39.6836	0	
23540	0	0	103.291	0	0	0	40.7668	0	0	0	322.662	0	39.7822	0	
23632	0	0	103.031	0	0	0	40.5724	0	0	0	321.406	0	40.1241	0	
23724	0	0	103.115	0	0	0	40.7365	0	0	0	323.717	0	39.8418	0	
23813	0	0	103.02	0	0	0	40.6012	0	0	0	320.918	0	39.7969	0	
23905	0	0	103.018	0	0	0	40.9139	0	0	0	320.912	0	39.9144	0	
23995	0	0	102.796	0	0	0	40.9081	0	0	0	323.107	0	40.1071	0	
24087	0	0	102.791	0	0	0	41.0279	0	0	0	322.822	0	40.2132	0	
24176	0	0	102.643	0	0	0	40.8715	0	0	0	321.784	0	39.9691	0	
24266	0	0	102.573	0	0	0	40.9249	0	0	0	322.714	0	40.697	0	
24357	0	0	102.429	0	0	0	41.0117	0	0	0	321.689	0	40.3811	0	
24449	0	0	102.47	0	0	0	41.3694	0	0	0	322.193	0	40.4044	0	
24542	0	0	102.26	0	0	0	41.2929	0	0	0	323.333	0	40.5239	0	
24631	0	0	102.048	0	0	0	41.0408	0	0	0	321.31	0	40.7052	0	
24723	0	0	101.949	0	0	0	41.039	0	0	0	324.206	0	40.7662	0	
24815	0	0	101.852	0	0	0	41.1657	0	0	0	322.888	0	40.8801	0	
24905	0	0	101.789	0	0	0	41.1544	0	0	0	321.138	0	40.9526	0	
24993	0	0	101.574	0	0	0	40.9332	0	0	0	320.522	0	40.8545	0	
25083	0	0	101.716	0	0	0	41.2913	0	0	0	324.097	0	40.7007	0	
25172	0	0	101.868	0	0	0	41.5736	0	0	0	325.151	0	41.2612	0	
25264	0	0	101.671	0	0	0	41.746	0	0	0	323.562	0	41.327	0	
25354	0	0	101.246	0	0	0	41.3405	0	0	0	322.865	0	41.0969	0	
25443	0	0	101.365	0	0	0	41.0329	0	0	0	322.036	0	41.3134	0	
25535	0	0	101.581	0	0	0	41.5945	0	0	0	325.1	0	41.6241	0	
25627	0	0	101.351	0	0	0	41.5938	0	0	0	323.156	0	41.4729	0	
25720	0	0	101.177	0	0	0	41.6885	0	0	0	324.29	0	41.4986	0	
25809	0	0	100.899	0	0	0	41.6741	0	0	0	323.65	0	41.5878	0	
25898	0	0	101.105	0	0	0	41.5984	0	0	0	323.051	0	41.8145	0	
25989	0	0	100.925	0	0	0	41.6117	0	0	0	324.466	0	41.7565	0	
26080	0	0	100.752	0	0	0	41.7374	0	0	0	323.998	0	42.0387	0	
26169	0	0	100.589	0	0	0	41.4926	0	0	0	321.461	0	41.8985	0	
26261	0	0	100.75	0	0	0	41.8177	0	0	0	323.798	0	42.2002	0	
26350	0	0	100.252	0	0	0	41.5104	0	0	0	322.859	0	42.1734	0	
26441	0	0	100.566	0	0	0	41.9725	0	0	0	326.469	0	42.2567	0	
26530	0	0	100.602	0	0	0	42.1099	0	0	0	324.969	0	42.5013	0	
26619	0	0	100.17	0	0	0	41.8521	0	0	0	323.79	0	42.4282	0	
26710	0	0	100.491	0	0	0	42.0792	0	0	0	326.081	0	42.4971	0	
26802	0	0	100.093	0	0	0	41.901	0	0	0	324.107	0	42.6355	0	
26893	0	0	100.039	0	0	0	41.9311	0	0	0	324.476	0	42.6483	0	
26986	0	0	99.8861	0	0	0	42.0607	0	0	0	324.883	0	42.7157	0	
27077	0	0	99.7409	0	0	0	42.0407	0	0	0	324.532	0	42.9953	0	
27170	0	0	99.7607	0	0	0	42.4288	0	0	0	328.563	0	43.1097	0	
27260	0	0	99.7993	0	0	0	42.5386	0	0	0	323.963	0	42.8861	0	
27349	0	0	99.9511	0	0	0	42.4694	0	0	0	325.027	0	43.1999	0	
27441	0	0	99.8686	0	0	0	42.5717	0	0	0	326.671	0	43.0712	0	
27532	0	0	99.4313	0	0	0	42.3899	0	0	0	325.52	0	43.347	0	
27622	0	0	99.0505	0	0	0	42.1139	0	0	0	323.612	0	43.338	0	
27714	0	0	99.148	0	0	0	42.4648	0	0	0	325.553	0	43.3668	0	
27806	0	0	99.2708	0	0	0	42.6122	0	0	0	329.034	0	43.4397	0	
27903	0	0	100.022	0	0	0	43.8624	0	0	0	337.609	0	44.1584	0	
27995	0	0	98.7688	0	0	0	42.2039	0	0	0	323.447	0	43.5449	0	
28083	0	0	98.8169	0	0	0	42.268	0	0	0	324.624	0	43.6752	0	
28173	0	0	98.7193	0	0	0	42.5278	0	0	0	324.792	0	43.6112	0	
28266	0	0	98.3948	0	0	0	42.333	0	0	0	324.957	0	43.878	0	
28358	0	0	98.3299	0	0	0	42.4893	0	0	0	322.845	0	43.9493	0	
28447	0	0	98.4789	0	0	0	42.5697	0	0	0	326.32	0	44.2438	0	
28539	0	0	98.3349	0	0	0	42.6015	0	0	0	325.152	0	44.2357	0	
28631	0	0	98.4186	0	0	0	42.9679	0	0	0	325.75	0	44.2303	0	
28720	0	0	98.0659	0	0	0	42.4974	0	0	0	322.335	0	44.1353	0	
28815	0	0	98.1056	0	0	0	42.9926	0	0	0	327.754	0	44.4642	0	
28908	0	0	97.9743	0	0	0	42.6449	0	0	0	324.124	0	44.2751	0	
28999	0	0	97.9257	0	0	0	43.0381	0	0	0	328.176	0	44.7178	0	
29089	0	0	97.5013	0	0	0	42.7334	0	0	0	323.048	0	44.5068	0	
29181	0	0	97.7254	0	0	0	42.7944	0	0	0	326.026	0	44.606	0	
29273	0	0	97.6073	0	0	0	43.1536	0	0	0	324.727	0	44.8264	0	
29370	0	0	98.5894	0	0	0	44.6462	0	0	0	337.15	0	45.4793	0	
29461	0	0	97.3993	0	0	0	42.8278	0	0	0	324.596	0	44.9758	0	
29549	0	0	97.2066	0	0	0	42.9299	0	0	0	324.676	0	44.9308	0	
29638	0	0	96.9134	0	0	0	42.7336	0	0	0	324.95	0	45.1603	0	
29732	0	0	97.3027	0	0	0	43.3534	0	0	0	327.394	0	45.2691	0	
29823	0	0	97.1568	0	0	0	42.9368	0	0	0	326.294	0	45.168	0	
29915	0	0	97.2866	0	0	0	43.4255	0	0	0	329.317	0	45.4644	0	
30006	0	0	97.0895	0	0	0	43.3725	0	0	0	327.249	0	45.5072	0	
30097	0	0	96.6779	0	0	0	43.0414	0	0	0	325.561	0	45.383	0	
30189	0	0	97.0539	0	0	0	43.581	0	0	0	326.389	0	45.4499	0	
30280	0	0	97.0377	0	0	0	43.6308	0	0	0	327.302	0	45.6678	0	
30372	0	0	96.5837	0	0	0	43.3541	0	0	0	327.73	0	45.6402	0	
30462	0	0	96.5988	0	0	0	43.3136	0	0	0	326.876	0	45.8118	0	
30554	0	0	96.2903	0	0	0	43.2721	0	0	0	324.859	0	45.7693	0	
30644	0	0	96.4952	0	0	0	43.3985	0	0	0	325.757	0	45.9383	0	
30736	0	0	96.2802	0	0	0	43.25	0	0	0	324.311	0	46.0286	0	
30827	0	0	96.0429	0	0	0	43.3869	0	0	0	326.248	0	46.0939	0	
30917	0	0	95.9098	0	0	0	43.3934	0	0	0	326.76	0	46.447	0	
31009	0	0	96.0321	0	0	0	43.6582	0	0	0	326.14	0	46.1297	0	
31101	0	0	96.0286	0	0	0	43.7173	0	0	0	328.203	0	46.4009	0	
31193	0	0	96.0046	0	0	0	43.8614	0	0	0	329.598	0	46.3366	0	
31291	0	0	96.7315	0	0	0	45.1504	0	0	0	339.939	0	47.1164	0	
31383	0	0	95.6245	0	0	0	43.6902	0	0	0	328.944	0	46.5414	0	
31474	0	0	95.7659	0	0	0	43.5969	0	0	0	327.687	0	46.5235	0	
31563	0	0	95.6442	0	0	0	43.5999	0	0	0	325.213	0	46.6355	0	
31655	0	0	95.5016	0	0	0	43.8561	0	0	0	327.198	0	46.9213	0	
31745	0	0	95.2295	0	0	0	43.5736	0	0	0	326.616	0	47.0657	0	
31835	0	0	94.8906	0	0	0	43.5434	0	0	0	327.653	0	46.926	0	
31928	0	0	95.1502	0	0	0	43.9473	0	0	0	328.071	0	47.046	0	
32018	0	0	95.0144	0	0	0	44.0147	0	0	0	326.268	0	47.0022	0	
32108	0	0	95.0821	0	0	0	44.0707	0	0	0	327.868	0	47.292	0	
32198	0	0	94.912	0	0	0	44.0891	0	0	0	327.715	0	47.2824	0	
32287	0	0	94.9243	0	0	0	44.0431	0	0	0	326.818	0	47.3433	0	
32378	0	0	95.1811	0	0	0	44.5878	0	0	0	332.923	0	47.598	0	
32470	0	0	94.9266	0	0	0	44.2599	0	0	0	330.254	0	47.7139	0	
32562	0	0	94.7383	0	0	0	44.3637	0	0	0	329.926	0	47.7055	0	
32654	0	0	94.4294	0	0	0	44.1771	0	0	0	328.426	0	47.6338	0	
32746	0	0	94.3235	0	0	0	43.9647	0	0	0	325.656	0	47.9544	0	
32839	0	0	94.2869	0	0	0	44.1264	0	0	0	328.286	0	47.8517	0	
32931	0	0	94.5473	0	0	0	44.6201	0	0	0	329.25	0	48.0904	0	
33020	0	0	94.1488	0	0	0	44.3956	0	0	0	327.501	0	47.9569	0	
33109	0	0	94.3536	0	0	0	44.1913	0	0	0	326.959	0	47.8528	0	
33197	0	0	94.0386	0	0	0	44.3956	0	0	0	329.63	0	48.3931	0	
33290	0	0	94.1769	0	0	0	44.4858	0	0	0	329.984	0	48.1865	0	
33383	0	0	94.2006	0	0	0	44.7807	0	0	0	330.95	0	48.3217	0	
33480	0	0	94.6854	0	0	0	45.9305	0	0	0	341.958	0	49.0467	0	
33572	0	0	93.8315	0	0	0	44.766	0	0	0	329.768	0	48.4798	0	
33661	0	0	93.5905	0	0	0	44.5265	0	0	0	329.112	0	48.3532	0	
33753	0	0	93.6144	0	0	0	44.5576	0	0	0	330.767	0	48.6781	0	
33843	0	0	93.6643	0	0	0	45.0297	0	0	0	327.811	0	48.8397	0	
33934	0	0	93.1991	0	0	0	44.6228	0	0	0	328.291	0	48.7497	0	
34026	0	0	93.3288	0	0	0	44.8752	0	0	0	330.003	0	48.8414	0	
34123	0	0	94.0825	0	0	0	46.239	0	0	0	341.328	0	49.4563	0	
34214	0	0	93.3027	0	0	0	45.0825	0	0	0	328.834	0	48.8544	0	
34306	0	0	93.0075	0	0	0	44.7237	0	0	0	329.112	0	49.0305	0	
34396	0	0	93.1132	0	0	0	44.573	0	0	0	328.339	0	49.0085	0	
34488	0	0	92.9713	0	0	0	44.9993	0	0	0	329.42	0	49.096	0	
34580	0	0	93.0186	0	0	0	44.9204	0	0	0	330.165	0	49.2044	0	
34669	0	0	92.6281	0	0	0	44.7525	0	0	0	327.546	0	49.4487	0	
34762	0	0	92.8149	0	0	0	45.1923	0	0	0	330.548	0	49.5706	0	
34855	0	0	92.7687	0	0	0	45.3062	0	0	0	328.596	0	49.6928	0	
34948	0	0	92.5285	0	0	0	45.1318	0	0	0	328.867	0	49.7119	0	
35041	0	0	92.4162	0	0	0	45.2815	0	0	0	330.889	0	49.6719	0	
35138	0	0	93.2359	0	0	0	46.5724	0	0	0	341.303	0	50.4701	0	
35226	0	0	91.9722	0	0	0	44.8663	0	0	0	327.353	0	49.7984	0	
35317	0	0	92.1828	0	0	0	45.3221	0	0	0	329.006	0	49.8485	0	
35406	0	0	92.2086	0	0	0	45.2657	0	0	0	326.98	0	49.9199	0	
35499	0	0	92.122	0	0	0	45.5327	0	0	0	329.681	0	50.0686	0	
35590	0	0	92.1647	0	0	0	45.6173	0	0	0	331.361	0	50.0593	0	
35682	0	0	92.0109	0	0	0	45.4408	0	0	0	329.39	0	50.0035	0	
35774	0	0	91.8784	0	0	0	45.6324	0	0	0	331.63	0	50.48	0	
35863	0	0	91.7436	0	0	0	45.4452	0	0	0	327.717	0	50.2748	0	
35954	0	0	91.6431	0	0	0	45.3987	0	0	0	329.901	0	50.335	0	
36046	0	0	91.7473	0	0	0	45.9189	0	0	0	330.53	0	50.4611	0	
36138	0	0	91.5088	0	0	0	45.5998	0	0	0	331.017	0	50.5541	0	
36227	0	0	91.6157	0	0	0	45.6215	0	0	0	329.127	0	50.5269	0	
36318	0	0	91.3455	0	0	0	45.5147	0	0	0	327.174	0	50.544	0	
36407	0	0	91.3781	0	0	0	45.5949	0	0	0	328.965	0	50.7615	0	
36499	0	0	91.2214	0	0	0	45.59	0	0	0	329.85	0	50.9808	0	
36591	0	0	91.217	0	0	0	45.8892	0	0	0	330.618	0	50.8458	0	
36683	0	0	90.9987	0	0	0	45.6323	0	0	0	328.586	0	50.9389	0	
36772	0	0	90.9246	0	0	0	45.5616	0	0	0	329.655	0	50.943	0	
36861	0	0	90.6858	0	0	0	45.8863	0	0	0	331.144	0	51.2776	0	
36953	0	0	90.8915	0	0	0	46.0212	0	0	0	331.28	0	51.1733	0	
37042	0	0	90.453	0	0	0	45.5998	0	0	0	329.705	0	51.1982	0	
37132	0	0	90.8587	0	0	0	46.3053	0	0	0	331.845	0	51.3587	0	
37224	0	0	90.5683	0	0	0	45.7032	0	0	0	329.45	0	51.3272	0	
37315	0	0	90.3231	0	0	0	45.7914	0	0	0	329.711	0	51.4832	0	
37406	0	0	90.6392	0	0	0	46.5381	0	0	0	333.055	0	51.861	0	
37498	0	0	90.4432	0	0	0	45.98	0	0	0	328.87	0	51.3603	0	
37588	0	0	90.017	0	0	0	45.9182	0	0	0	330.308	0	51.6542	0	
37680	0	0	90.4925	0	0	0	46.3143	0	0	0	332.597	0	51.6865	0	
37772	0	0	90.1604	0	0	0	46.1628	0	0	0	333.152	0	52.013	0	
37861	0	0	90.2124	0	0	0	46.3929	0	0	0	331.069	0	51.7388	0	
37952	0	0	90.0133	0	0	0	46.2106	0	0	0	329.373	0	52.1858	0	
38043	0	0	90.0005	0	0	0	46.4184	0	0	0	330.842	0	52.1246	0	
38136	0	0	89.8874	0	0	0	46.3163	0	0	0	332.925	0	52.2355	0	
38228	0	0	89.7304	0	0	0	46.5555	0	0	0	335.423	0	52.5273	0	
38320	0	0	89.7958	0	0	0	46.6229	0	0	0	332.318	0	52.5391	0	
38410	0	0	90.1253	0	0	0	46.8056	0	0	0	334.536	0	52.5012	0	
38501	0	0	89.8213	0	0	0	46.6117	0	0	0	332.475	0	52.5203	0	
38590	0	0	89.2819	0	0	0	46.3208	0	0	0	332.853	0	52.6056	0	
38679	0	0	89.4145	0	0	0	46.6703	0	0	0	330.274	0	52.5878	0	
38768	0	0	88.9951	0	0	0	46.3847	0	0	0	329.285	0	52.6736	0	
38857	0	0	89.1061	0	0	0	46.6028	0	0	0	331.455	0	52.7757	0	
38949	0	0	89.1752	0	0	0	46.4961	0	0	0	330.158	0	52.6745	0	
39040	0	0	89.2642	0	0	0	46.9396	0	0	0	330.462	0	52.8531	0	
39129	0	0	88.8558	0	0	0	46.4625	0	0	0	329.974	0	52.9633	0	
39217	0	0	88.8753	0	0	0	46.6347	0	0	0	332.082	0	53.1974	0	
39310	0	0	88.8901	0	0	0	47.0113	0	0	0	332.633	0	53.1663	0	
39403	0	0	88.7783	0	0	0	46.8969	0	0	0	332.219	0	53.1482	0	
39495	0	0	88.7023	0	0	0	46.8054	0	0	0	332.658	0	53.3355	0	
39585	0	0	88.3687	0	0	0	46.4706	0	0	0	331.488	0	53.4773	0	
39675	0	0	88.6596	0	0	0	47.1364	0	0	0	330.24	0	53.3787	0	
39763	0	0	88.5053	0	0	0	47.1025	0	0	0	332.739	0	53.5799	0	
39856	0	0	88.4805	0	0	0	47.1181	0	0	0	334.452	0	53.4667	0	
39948	0	0	88.1993	0	0	0	46.8775	0	0	0	332.004	0	53.8532	0	
40039	0	0	88.3506	0	0	0	47.1115	0	0	0	331.496	0	53.7783	0	
40130	0	0	88.0992	0	0	0	46.6515	0	0	0	331.783	0	53.9148	0	
40221	0	0	88.3543	0	0	0	47.4702	0	0	0	336.665	0	54.1582	0	
40313	0	0	88.1446	0	0	0	47.1322	0	0	0	333.313	0	53.9775	0	
40404	0	0	88.1032	0	0	0	47.116	0	0	0	331.801	0	53.6854	0	
40496	0	0	88.2422	0	0	0	47.3501	0	0	0	334.122	0	53.8698	0	
40586	0	0	87.5008	0	0	0	46.8424	0	0	0	332.786	0	54.3509	0	
40678	0	0	87.942	0	0	0	47.5013	0	0	0	335.199	0	54.2965	0	
40773	0	0	87.5011	0	0	0	47.1763	0	0	0	333.343	0	54.3659	0	
40866	0	0	87.4858	0	0	0	47.2154	0	0	0	334.356	0	54.6294	0	
40958	0	0	87.6223	0	0	0	47.2512	0	0	0	334.91	0	54.4845	0	
41049	0	0	87.4605	0	0	0	47.4759	0	0	0	334.447	0	54.5281	0	
41140	0	0	87.2176	0	0	0	47.3318	0	0	0	333.95	0	54.6933	0	
41232	0	0	87.4275	0	0	0	47.6385	0	0	0	335.538	0	54.7919	0	
41325	0	0	87.2494	0	0	0	47.8086	0	0	0	336.809	0	55.0132	0	
41415	0	0	87.2704	0	0	0	47.9118	0	0	0	338.17	0	54.8434	0	
41507	0	0	86.9708	0	0	0	47.4757	0	0	0	335.89	0	55.0622	0	
41598	0	0	87.0225	0	0	0	47.2738	0	0	0	330.592	0	54.7556	0	
41688	0	0	87.1992	0	0	0	48.1042	0	0	0	338.941	0	55.2654	0	
41777	0	0	86.8268	0	0	0	47.5569	0	0	0	332.694	0	54.9001	0	
41869	0	0	86.8407	0	0	0	47.6778	0	0	0	336.186	0	55.1523	0	
41960	0	0	86.6916	0	0	0	47.6945	0	0	0	333.006	0	55.2138	0	
42050	0	0	86.6114	0	0	0	47.5569	0	0	0	335.054	0	55.296	0	
42143	0	0	86.6038	0	0	0	47.8972	0	0	0	335.35	0	55.5301	0	
42232	0	0	86.5444	0	0	0	47.8455	0	0	0	335.056	0	55.5793	0	
42324	0	0	86.3844	0	0	0	47.6163	0	0	0	333.03	0	55.4722	0	
42416	0	0	86.5969	0	0	0	48.2901	0	0	0	335.113	0	55.6153	0	
42507	0	0	86.3483	0	0	0	47.8113	0	0	0	334.356	0	55.7185	0	
42599	0	0	86.0128	0	0	0	47.714	0	0	0	335.483	0	55.9945	0	
42692	0	0	86.065	0	0	0	47.6099	0	0	0	333.602	0	55.8381	0	
42783	0	0	85.933	0	0	0	48.0724	0	0	0	334.804	0	55.9988	0	
42881	0	0	85.9561	0	0	0	47.987	0	0	0	334.815	0	56.0297	0	
42972	0	0	86.1437	0	0	0	48.3903	0	0	0	339.166	0	56.391	0	
43064	0	0	85.7654	0	0	0	47.8895	0	0	0	334.814	0	56.282	0	
43154	0	0	86.0064	0	0	0	48.4867	0	0	0	338.631	0	56.2899	0	
43245	0	0	85.926	0	0	0	48.4911	0	0	0	336.406	0	56.499	0	
43336	0	0	85.6131	0	0	0	48.1634	0	0	0	334.607	0	56.2854	0	
43424	0	0	85.5513	0	0	0	48.2435	0	0	0	335.993	0	56.3987	0	
43513	0	0	85.323	0	0	0	48.023	0	0	0	334.603	0	56.4742	0	
43605	0	0	85.4819	0	0	0	48.1592	0	0	0	333.676	0	56.5151	0	
43697	0	0	85.4732	0	0	0	48.3595	0	0	0	334.116	0	56.6922	0	
43788	0	0	85.3954	0	0	0	48.649	0	0	0	336.431	0	56.7321	0	
43880	0	0	85.0059	0	0	0	48.4523	0	0	0	336.372	0	57.0149	0	
43973	0	0	85.5569	0	0	0	48.7783	0	0	0	336.007	0	56.782	0	
44066	0	0	85.202	0	0	0	48.6093	0	0	0	338.702	0	57.1782	0	
44155	0	0	84.8783	0	0	0	48.4327	0	0	0	336.399	0	57.2548	0	
44245	0	0	84.9033	0	0	0	48.4519	0	0	0	335.035	0	57.1875	0	
44336	0	0	84.8302	0	0	0	48.6571	0	0	0	336.12	0	57.1611	0	
44431	0	0	85.0266	0	0	0	49.0758	0	0	0	337.831	0	57.4853	0	
44521	0	0	84.6106	0	0	0	48.6312	0	0	0	335.662	0	57.2674	0	
44613	0	0	84.6052	0	0	0	48.6667	0	0	0	337.782	0	57.4539	0	
44706	0	0	84.4402	0	0	0	48.5229	0	0	0	334.627	0	57.4327	0	
44797	0	0	84.2901	0	0	0	48.4757	0	0	0	334.705	0	57.5848	0	
44886	0	0	84.3219	0	0	0	48.8639	0	0	0	337.193	0	57.6478	0	
44978	0	0	84.5482	0	0	0	49.0036	0	0	0	338.531	0	57.7396	0	
45070	0	0	84.3319	0	0	0	48.907	0	0	0	337.004	0	57.8402	0	
45162	0	0	84.2435	0	0	0	49.1198	0	0	0	337.711	0	58.0706	0	
45251	0	0	84.1147	0	0	0	49.1271	0	0	0	336.081	0	57.9204	0	
45343	0	0	83.8592	0	0	0	48.7941	0	0	0	335.725	0	58.1092	0	
45434	0	0	83.8212	0	0	0	49.0224	0	0	0	336.583	0	58.2245	0	
45523	0	0	83.8806	0	0	0	48.7189	0	0	0	333.679	0	58.0326	0	
45614	0	0	83.4739	0	0	0	48.8747	0	0	0	335.986	0	58.2833	0	
45703	0	0	83.8398	0	0	0	49.2361	0	0	0	336.816	0	58.3749	0	
45795	0	0	83.5675	0	0	0	48.9707	0	0	0	335.935	0	58.367	0	
45887	0	0	83.5926	0	0	0	49.2971	0	0	0	335.441	0	58.5146	0	
45978	0	0	83.6416	0	0	0	49.5475	0	0	0	337.869	0	58.6887	0	
46070	0	0	83.3935	0	0	0	49.1241	0	0	0	336.622	0	58.69	0	
46160	0	0	83.3386	0	0	0	49.3024	0	0	0	335.227	0	58.6074	0	
46252	0	0	83.4456	0	0	0	49.318	0	0	0	335.198	0	58.7477	0	
46344	0	0	83.2576	0	0	0	49.1444	0	0	0	337.912	0	58.7921	0	
46435	0	0	82.9612	0	0	0	49.1699	0	0	0	337.796	0	58.9089	0	
46526	0	0	82.7832	0	0	0	49.1695	0	0	0	336.36	0	59.0613	0	
46616	0	0	83.2836	0	0	0	49.6775	0	0	0	337.283	0	58.8346	0	
46707	0	0	83.0485	0	0	0	49.361	0	0	0	336.675	0	59.0339	0	
46799	0	0	82.8266	0	0	0	49.4047	0	0	0	338.809	0	59.3967	0	
46892	0	0	83.0453	0	0	0	49.8438	0	0	0	339.087	0	59.3487	0	
46982	0	0	82.6445	0	0	0	49.4029	0	0	0	335.028	0	59.4637	0	
47075	0	0	82.5746	0	0	0	49.3128	0	0	0	339.048	0	59.4452	0	
47164	0	0	82.5033	0	0	0	49.658	0	0	0	337.272	0	59.4842	0	
47257	0	0	82.3563	0	0	0	49.4182	0	0	0	337.669	0	59.4633	0	
47346	0	0	82.1926	0	0	0	49.6139	0	0	0	338.108	0	59.5341	0	
47435	0	0	82.4633	0	0	0	49.5824	0	0	0	335.584	0	59.8021	0	
47523	0	0	82.072	0	0	0	49.5844	0	0	0	336.159	0	59.5245	0	
47612	0	0	82.1779	0	0	0	49.6013	0	0	0	336.381	0	59.7342	0	
47701	0	0	81.8108	0	0	0	49.4051	0	0	0	335.027	0	59.9892	0	
47792	0	0	82.3784	0	0	0	50.1449	0	0	0	340.631	0	60.062	0	
47884	0	0	81.6562	0	0	0	49.3552	0	0	0	336.282	0	60.0898	0	
47974	0	0	81.8112	0	0	0	49.4165	0	0	0	334.894	0	60.1723	0	
48066	0	0	81.9604	0	0	0	49.8004	0	0	0	338.439	0	60.1865	0	
48157	0	0	81.8732	0	0	0	50.0917	0	0	0	340.105	0	60.379	0	
48246	0	0	81.6016	0	0	0	49.8828	0	0	0	336.643	0	60.087	0	
48339	0	0	81.8358	0	0	0	49.9369	0	0	0	341.244	0	60.3192	0	
48428	0	0	81.5725	0	0	0	49.8334	0	0	0	338.222	0	60.537	0	
48519	0	0	81.8309	0	0	0	50.0825	0	0	0	340.786	0	60.6012	0	
48608	0	0	81.296	0	0	0	49.8518	0	0	0	336.513	0	60.4403	0	
48700	0	0	81.3096	0	0	0	49.948	0	0	0	338.894	0	60.5781	0	
48790	0	0	81.1832	0	0	0	49.8223	0	0	0	337.527	0	60.5141	0	
48880	0	0	81.1865	0	0	0	49.9457	0	0	0	336.496	0	60.7176	0	
48972	0	0	81.3473	0	0	0	50.3097	0	0	0	338.648	0	60.974	0	
49061	0	0	80.8299	0	0	0	49.8861	0	0	0	337.145	0	60.7914	0	
49153	0	0	80.8433	0	0	0	49.8695	0	0	0	337.198	0	61.1427	0	
49244	0	0	80.8802	0	0	0	50.0606	0	0	0	339.881	0	61.2131	0	
49336	0	0	81.0324	0	0	0	50.5159	0	0	0	340.327	0	61.5134	0	
49429	0	0	80.7184	0	0	0	49.8062	0	0	0	338.162	0	61.2107	0	
49521	0	0	80.8509	0	0	0	50.318	0	0	0	339.893	0	61.5265	0	
49617	0	0	81.4929	0	0	0	51.5629	0	0	0	350.309	0	61.8716	0	
49708	0	0	80.4256	0	0	0	50.0656	0	0	0	339.311	0	61.544	0	
49800	0	0	80.472	0	0	0	50.3945	0	0	0	336.273	0	61.3579	0	
49893	0	0	80.6812	0	0	0	50.352	0	0	0	338.904	0	61.5656	0	
49983	0	0	80.2145	0	0	0	50.2142	0	0	0	339.071	0	61.5954	0	
50075	0	0	80.0452	0	0	0	50.1877	0	0	0	338.039	0	61.6862	0	
50167	0	0	79.9599	0	0	0	50.1074	0	0	0	338.412	0	61.6615	0	
50258	0	0	80.5713	0	0	0	50.8672	0	0	0	340.235	0	61.9156	0	
50348	0	0	79.9875	0	0	0	50.3655	0	0	0	340.648	0	62.1073	0	
50438	0	0	80.0277	0	0	0	50.468	0	0	0	338.426	0	61.923	0	
50530	0	0	79.78	0	0	0	50.47	0	0	0	340.098	0	62.0835	0	
50622	0	0	79.7875	0	0	0	50.2211	0	0	0	337.899	0	62.035	0	
50710	0	0	79.7482	0	0	0	50.6611	0	0	0	339.752	0	62.3033	0	
50799	0	0	79.6262	0	0	0	50.3031	0	0	0	338.994	0	62.2496	0	
50888	0	0	79.8237	0	0	0	50.8014	0	0	0	338.415	0	62.3285	0	
50978	0	0	79.8853	0	0	0	50.9106	0	0	0	340.997	0	62.3475	0	
51069	0	0	79.7473	0	0	0	51.0031	0	0	0	341.231	0	62.4318	0	
51158	0	0	79.349	0	0	0	50.4893	0	0	0	339.993	0	62.5762	0	
51246	0	0	79.4002	0	0	0	50.7442	0	0	0	339.938	0	62.6323	0	
51338	0	0	79.5567	0	0	0	51.0276	0	0	0	340.763	0	62.7604	0	
51429	0	0	79.226	0	0	0	50.497	0	0	0	338.23	0	62.5911	0	
51518	0	0	79.6834	0	0	0	51.2763	0	0	0	344.13	0	62.9828	0	
51608	0	0	78.9597	0	0	0	50.5992	0	0	0	340.715	0	62.9329	0	
51698	0	0	78.8653	0	0	0	50.5053	0	0	0	338.087	0	62.9023	0	
51790	0	0	78.9435	0	0	0	50.6011	0	0	0	342.037	0	63.1129	0	
51881	0	0	78.8835	0	0	0	51.0656	0	0	0	342.067	0	63.3847	0	
51954	0	0	79.047	0	0	0	50.9865	0	0	0	340.742	0	63.3471	0	
52043	0	0	78.6482	0	0	0	50.8558	0	0	0	340.763	0	63.1206	0	
52133	0	0	78.6892	0	0	0	50.9163	0	0	0	339.428	0	63.1854	0	
52223	0	0	78.6149	0	0	0	50.9976	0	0	0	341.265	0	63.3517	0	
52316	0	0	78.6331	0	0	0	51.1124	0	0	0	340.133	0	63.2934	0	
52408	0	0	78.3436	0	0	0	50.5781	0	0	0	342.478	0	63.7135	0	
52500	0	0	78.1682	0	0	0	50.6927	0	0	0	342.032	0	63.7911	0	
52593	0	0	78.1634	0	0	0	50.6421	0	0	0	340.317	0	63.7914	0	
52683	0	0	77.8313	0	0	0	50.5742	0	0	0	340.404	0	63.7707	0	
52774	0	0	78.2507	0	0	0	51.012	0	0	0	341.272	0	64.0531	0	
52862	0	0	78.2655	0	0	0	51.06	0	0	0	339.017	0	63.7334	0	
52954	0	0	77.9996	0	0	0	50.889	0	0	0	339.42	0	63.8783	0	
53046	0	0	77.892	0	0	0	51.17	0	0	0	343.705	0	64.266	0	
53138	0	0	77.7845	0	0	0	50.9023	0	0	0	340.864	0	64.1899	0	
53231	0	0	77.6995	0	0	0	51.0608	0	0	0	343.175	0	64.4549	0	
53320	0	0	77.6845	0	0	0	51.1949	0	0	0	341.62	0	64.1178	0	
53412	0	0	77.9004	0	0	0	51.425	0	0	0	343.631	0	64.3425	0	
53504	0	0	77.571	0	0	0	50.9776	0	0	0	341.945	0	64.3537	0	
53594	0	0	77.2619	0	0	0	50.9286	0	0	0	340.802	0	64.474	0	
53686	0	0	77.737	0	0	0	51.4845	0	0	0	343.614	0	64.6824	0	
53779	0	0	77.546	0	0	0	51.345	0	0	0	344.176	0	64.8907	0	
53870	0	0	76.9788	0	0	0	51.3622	0	0	0	341.821	0	64.4102	0	
53960	0	0	77.1155	0	0	0	51.1093	0	0	0	343.904	0	64.8892	0	
54052	0	0	77.2068	0	0	0	51.3467	0	0	0	342.593	0	64.6185	0	
54142	0	0	76.9657	0	0	0	51.2307	0	0	0	343.378	0	64.8957	0	
54232	0	0	76.9151	0	0	0	51.2672	0	0	0	345.201	0	65.09	0	
54323	0	0	76.8195	0	0	0	51.2907	0	0	0	342.92	0	65.3833	0	
54412	0	0	76.7969	0	0	0	51.4225	0	0	0	342.765	0	65.147	0	
54502	0	0	76.5678	0	0	0	51.3066	0	0	0	344.446	0	65.3543	0	
54594	0	0	76.4094	0	0	0	51.1734	0	0	0	342.971	0	65.3636	0	
54683	0	0	76.5115	0	0	0	51.2801	0	0	0	344.534	0	65.5804	0	
54776	0	0	76.3574	0	0	0	51.2861	0	0	0	342.819	0	65.3383	0	
54866	0	0	76.2117	0	0	0	51.039	0	0	0	342.029	0	65.7002	0	
54959	0	0	76.4646	0	0	0	51.4425	0	0	0	342.086	0	65.4487	0	
55051	0	0	76.1831	0	0	0	51.291	0	0	0	345.802	0	66.0585	0	
55143	0	0	76.4017	0	0	0	51.7418	0	0	0	343.709	0	65.5879	0	
55235	0	0	76.302	0	0	0	51.5656	0	0	0	345.11	0	65.7318	0	
55327	0	0	76.0178	0	0	0	51.5171	0	0	0	344.07	0	65.6524	0	
55418	0	0	76.0465	0	0	0	51.3843	0	0	0	343.005	0	66.0198	0	
55511	0	0	76.2081	0	0	0	51.6694	0	0	0	344.208	0	65.7048	0	
55600	0	0	75.8735	0	0	0	51.6193	0	0	0	342.426	0	66.1532	0	
55692	0	0	69.3759	0	0	0	41.8417	0	0	0	263.812	0	62.3736	0	
55781	0	0	75.4026	0	0	0	51.2533	0	0	0	342.551	0	66.2458	0	
55873	0	0	75.6782	0	0	0	51.783	0	0	0	342.612	0	66.2655	0	
55965	0	0	75.6147	0	0	0	51.7805	0	0	0	347.342	0	66.6254	0	
56057	0	0	75.4282	0	0	0	51.4044	0	0	0	344.929	0	66.4723	0	
56146	0	0	75.2708	0	0	0	51.5404	0	0	0	344.191	0	66.5312	0	
56237	0	0	75.3431	0	0	0	51.5714	0	0	0	344.553	0	66.5421	0	
56326	0	0	75.4345	0	0	0	51.8295	0	0	0	344.799	0	66.5401	0	
56416	0	0	75.2263	0	0	0	51.764	0	0	0	345.379	0	66.7549	0	
56505	0	0	75.1959	0	0	0	51.57	0	0	0	341.868	0	66.6946	0	
56598	0	0	75.0384	0	0	0	51.6785	0	0	0	344.068	0	66.9106	0	
56691	0	0	75.3022	0	0	0	52.1689	0	0	0	345.318	0	66.9373	0	
56783	0	0	74.7746	0	0	0	51.325	0	0	0	343.903	0	67.0899	0	
56874	0	0	75.0273	0	0	0	52.0945	0	0	0	345.488	0	67.1952	0	
56967	0	0	74.8924	0	0	0	51.9972	0	0	0	345.639	0	67.3446	0	
57057	0	0	74.5668	0	0	0	51.7395	0	0	0	343.334	0	67.336	0	
57146	0	0	74.8423	0	0	0	52.0737	0	0	0	343.956	0	67.1418	0	
57239	0	0	74.5996	0	0	0	51.9466	0	0	0	345.213	0	67.2531	0	
57327	0	0	74.8589	0	0	0	52.1168	0	0	0	346.298	0	67.766	0	
57416	0	0	74.3221	0	0	0	51.9331	0	0	0	342.529	0	67.4454	0	
57505	0	0	74.2201	0	0	0	51.7315	0	0	0	343.927	0	67.6467	0	
57597	0	0	74.5937	0	0	0	52.431	0	0	0	346.159	0	67.5311	0	
57686	0	0	74.3149	0	0	0	52.2018	0	0	0	347.191	0	67.7701	0	
57778	0	0	74.1173	0	0	0	51.8644	0	0	0	344.659	0	67.5836	0	
57868	0	0	74.0753	0	0	0	52.1109	0	0	0	343.713	0	67.6578	0	
57957	0	0	74.0286	0	0	0	51.8396	0	0	0	343.651	0	67.8851	0	
58046	0	0	74.144	0	0	0	52.3446	0	0	0	343.894	0	67.9498	0	
58138	0	0	73.8085	0	0	0	52.0748	0	0	0	345.594	0	67.9495	0	
58230	0	0	73.8837	0	0	0	52.1238	0	0	0	344.218	0	67.8261	0	
58323	0	0	73.8173	0	0	0	52.5087	0	0	0	344.744	0	68.3192	0	
58415	0	0	73.7902	0	0	0	52.1214	0	0	0	346.108	0	68.2684	0	
58508	0	0	73.8181	0	0	0	52.3242	0	0	0	346.253	0	68.3947	0	
58600	0	0	73.7448	0	0	0	52.4793	0	0	0	346.271	0	68.2588	0	
58690	0	0	73.7103	0	0	0	52.5771	0	0	0	347.68	0	68.2239	0	
58783	0	0	73.7142	0	0	0	52.5149	0	0	0	346.298	0	68.6006	0	
58874	0	0	73.4855	0	0	0	52.4232	0	0	0	346.677	0	68.6458	0	
58963	0	0	73.3889	0	0	0	52.3098	0	0	0	343.55	0	68.4941	0	
59054	0	0	73.1184	0	0	0	52.2965	0	0	0	344.309	0	68.7737	0	
59145	0	0	73.2043	0	0	0	52.223	0	0	0	345.781	0	68.8077	0	
59235	0	0	73.4227	0	0	0	52.8738	0	0	0	348.808	0	69.133	0	
59324	0	0	73.2107	0	0	0	52.5995	0	0	0	347.357	0	69.0218	0	
59414	0	0	73.0856	0	0	0	52.5578	0	0	0	345.96	0	69.0192	0	
59503	0	0	72.8592	0	0	0	52.1121	0	0	0	342.409	0	68.9071	0	
59592	0	0	72.6903	0	0	0	52.4419	0	0	0	345.412	0	68.9748	0	
59681	0	0	72.8326	0	0	0	52.5423	0	0	0	345.095	0	68.9594	0	
59766	0	0	73.7112	0	0	0	53.9777	0	0	0	358.115	0	69.5797	0	
59867	0	0	72.6304	0	0	0	52.5726	0	0	0	346.786	0	69.2393	0	
59959	0	0	72.5667	0	0	0	52.5203	0	0	0	345.496	0	69.3858	0	
60051	0	0	72.4893	0	0	0	52.7939	0	0	0	343.439	0	69.1389	0	
60143	0	0	72.6523	0	0	0	53.0203	0	0	0	346.367	0	69.0516	0	
60233	0	0	72.5787	0	0	0	52.9797	0	0	0	347.729	0	69.5533	0	
60324	0	0	72.4362	0	0	0	52.5284	0	0	0	345.677	0	69.7166	0	
60416	0	0	72.3049	0	0	0	52.7236	0	0	0	342.728	0	69.2838	0	
60508	0	0	72.3145	0	0	0	52.7328	0	0	0	345.056	0	69.577	0	
60602	0	0	72.4147	0	0	0	53.2003	0	0	0	350.752	0	70.174	0	
60691	0	0	72.0447	0	0	0	52.8144	0	0	0	346.122	0	69.9218	0	
60782	0	0	71.9203	0	0	0	52.6922	0	0	0	344.441	0	69.9539	0	
60873	0	0	71.9927	0	0	0	52.7079	0	0	0	345.927	0	70.0532	0	
60965	0	0	72.0088	0	0	0	52.9766	0	0	0	346.263	0	70.2584	0	
61054	0	0	71.7792	0	0	0	52.7497	0	0	0	345.722	0	70.2421	0	
61144	0	0	71.7536	0	0	0	52.9766	0	0	0	345.519	0	70.3249	0	
61234	0	0	71.811	0	0	0	52.9048	0	0	0	343.2	0	69.7555	0	
61325	0	0	71.8516	0	0	0	53.0999	0	0	0	346.218	0	70.0444	0	
61417	0	0	71.5137	0	0	0	52.8483	0	0	0	345.35	0	70.4631	0	
61508	0	0	71.6598	0	0	0	53.1135	0	0	0	346.135	0	70.2961	0	
61600	0	0	71.6486	0	0	0	53.0648	0	0	0	345.296	0	70.4683	0	
61692	0	0	71.254	0	0	0	52.7581	0	0	0	346.011	0	70.3918	0	
61780	0	0	71.395	0	0	0	52.9004	0	0	0	346.047	0	70.773	0	
61871	0	0	71.6525	0	0	0	53.496	0	0	0	350.198	0	70.8187	0	
61964	0	0	71.3823	0	0	0	53.3734	0	0	0	348.882	0	70.7815	0	
62053	0	0	71.0923	0	0	0	52.9086	0	0	0	348.628	0	70.9677	0	
62143	0	0	71.2714	0	0	0	53.3311	0	0	0	347.384	0	71.1344	0	
62233	0	0	71.0229	0	0	0	53.12	0	0	0	346.106	0	70.6078	0	
62322	0	0	71.0573	0	0	0	52.9821	0	0	0	346.076	0	70.6272	0	
62410	0	0	70.7754	0	0	0	53.1578	0	0	0	345.088	0	70.7555	0	
62500	0	0	70.9949	0	0	0	53.2712	0	0	0	348.767	0	71.072	0	
62593	0	0	70.869	0	0	0	53.2199	0	0	0	349.063	0	71.4388	0	
62681	0	0	70.877	0	0	0	53.1098	0	0	0	345.59	0	71.1884	0	
62774	0	0	71.0838	0	0	0	53.7266	0	0	0	348.289	0	71.2588	0	
62862	0	0	70.5851	0	0	0	53.2263	0	0	0	347.72	0	71.7637	0	
62951	0	0	70.4671	0	0	0	53.1923	0	0	0	344.927	0	71.5871	0	
63042	0	0	70.707	0	0	0	53.4673	0	0	0	349.303	0	71.5631	0	
63135	0	0	70.5168	0	0	0	53.2919	0	0	0	349.024	0	71.624	0	
63227	0	0	70.6681	0	0	0	53.6042	0	0	0	350.511	0	72.0781	0	
63317	0	0	70.2581	0	0	0	53.3114	0	0	0	347.888	0	72.2681	0	
63407	0	0	70.453	0	0	0	53.7195	0	0	0	349.301	0	72.1318	0	
63499	0	0	70.0403	0	0	0	53.353	0	0	0	347.951	0	72.1377	0	
63591	0	0	70.3099	0	0	0	53.5593	0	0	0	352.079	0	72.6071	0	
63680	0	0	70.3837	0	0	0	53.8027	0	0	0	352.017	0	72.1644	0	
63770	0	0	69.894	0	0	0	53.3917	0	0	0	348.588	0	72.2845	0	
63862	0	0	70.0652	0	0	0	53.6918	0	0	0	348.229	0	72.2493	0	
63950	0	0	69.8695	0	0	0	53.5048	0	0	0	347.784	0	72.1297	0	
64042	0	0	69.8893	0	0	0	53.3689	0	0	0	346.535	0	71.9778	0	
64131	0	0	69.7728	0	0	0	53.5789	0	0	0	347.99	0	72.2624	0	
64223	0	0	69.9408	0	0	0	54.1373	0	0	0	348.496	0	72.1007	0	
64314	0	0	69.9732	0	0	0	53.8682	0	0	0	347.941	0	72.2027	0	
64403	0	0	69.7234	0	0	0	53.5267	0	0	0	351.128	0	72.8448	0	
64492	0	0	70.0349	0	0	0	54.0731	0	0	0	347.119	0	72.3553	0	
64582	0	0	69.4143	0	0	0	53.8479	0	0	0	348.825	0	72.724	0	
64671	0	0	69.6681	0	0	0	53.8118	0	0	0	348.13	0	72.8717	0	
64764	0	0	69.5389	0	0	0	53.9218	0	0	0	350.147	0	72.8047	0	
64853	0	0	69.2929	0	0	0	53.632	0	0	0	348.144	0	72.6671	0	
64943	0	0	69.3421	0	0	0	53.882	0	0	0	347.17	0	72.8133	0	
65033	0	0	69.5154	0	0	0	53.955	0	0	0	346.996	0	73.017	0	
65125	0	0	69.4223	0	0	0	54.1561	0	0	0	350.114	0	73.2079	0	
65214	0	0	69.3558	0	0	0	54.1592	0	0	0	347.599	0	72.8439	0	
65306	0	0	69.1507	0	0	0	53.8074	0	0	0	349.092	0	73.216	0	
65399	0	0	69.2172	0	0	0	54.1384	0	0	0	348.025	0	73.0172	0	
65491	0	0	69.1203	0	0	0	54.1719	0	0	0	351.446	0	73.4676	0	
65588	0	0	69.6463	0	0	0	55.3976	0	0	0	362.677	0	73.9496	0	
65679	0	0	69.181	0	0	0	54.2519	0	0	0	348.906	0	73.406	0	
65769	0	0	69.1549	0	0	0	54.1874	0	0	0	349.974	0	73.5935	0	
65862	0	0	69.0207	0	0	0	54.4007	0	0	0	350.994	0	73.5548	0	
65954	0	0	68.5643	0	0	0	54.0837	0	0	0	349.023	0	73.4687	0	
66044	0	0	68.6937	0	0	0	54.2244	0	0	0	347.048	0	73.5323	0	
66133	0	0	68.6287	0	0	0	54.2222	0	0	0	348.589	0	73.7918	0	
66222	0	0	68.6703	0	0	0	54.2118	0	0	0	351.476	0	73.8655	0	
66312	0	0	68.5466	0	0	0	54.2602	0	0	0	348.64	0	73.5104	0	
66400	0	0	68.6326	0	0	0	54.239	0	0	0	348.018	0	73.6897	0	
66492	0	0	68.2767	0	0	0	54.1282	0	0	0	349.424	0	73.9704	0	
66581	0	0	68.1919	0	0	0	54.2357	0	0	0	349.033	0	74.0027	0	
66671	0	0	68.4312	0	0	0	54.5653	0	0	0	351.607	0	74.1544	0	
66764	0	0	68.242	0	0	0	54.2615	0	0	0	348.666	0	74.4159	0	
66853	0	0	67.8543	0	0	0	54.1182	0	0	0	345.843	0	73.9621	0	
66945	0	0	68.0937	0	0	0	54.5859	0	0	0	349.369	0	74.3446	0	
67035	0	0	68.1898	0	0	0	54.5236	0	0	0	347.437	0	74.1748	0	
67125	0	0	67.953	0	0	0	54.462	0	0	0	349.386	0	74.129	0	
67217	0	0	68.3129	0	0	0	54.8768	0	0	0	351.07	0	74.3746	0	
67306	0	0	67.5785	0	0	0	53.9534	0	0	0	349.063	0	74.638	0	
67395	0	0	67.869	0	0	0	54.4879	0	0	0	349.792	0	74.6668	0	
67488	0	0	67.9429	0	0	0	54.8052	0	0	0	350.635	0	74.6868	0	
67576	0	0	67.5796	0	0	0	54.318	0	0	0	349.6	0	74.8097	0	
67666	0	0	67.6475	0	0	0	54.6036	0	0	0	351.521	0	74.9142	0	
67757	0	0	67.6872	0	0	0	54.7248	0	0	0	352.872	0	74.9867	0	
67850	0	0	67.5394	0	0	0	54.9887	0	0	0	350.404	0	74.9807	0	
67942	0	0	67.5508	0	0	0	54.5965	0	0	0	351.857	0	74.8778	0	
68031	0	0	67.3026	0	0	0	54.507	0	0	0	348.209	0	75.1236	0	
68124	0	0	67.3161	0	0	0	54.6079	0	0	0	350.646	0	75.0677	0	
68216	0	0	67.5611	0	0	0	54.8791	0	0	0	351.553	0	74.976	0	
68309	0	0	67.372	0	0	0	54.9283	0	0	0	353.275	0	75.2106	0	
68400	0	0	67.2664	0	0	0	55.0756	0	0	0	350.611	0	75.408	0	
68492	0	0	67.1884	0	0	0	54.8027	0	0	0	348.901	0	74.9512	0	
68583	0	0	67.3151	0	0	0	55.1182	0	0	0	351.871	0	75.4702	0	
68672	0	0	67.2789	0	0	0	55.0486	0	0	0	350.152	0	75.3216	0	
68766	0	0	66.9048	0	0	0	54.8757	0	0	0	349.249	0	75.647	0	
68859	0	0	67.0265	0	0	0	54.9465	0	0	0	349.929	0	75.4945	0	
68951	0	0	66.8223	0	0	0	54.7822	0	0	0	350.801	0	75.848	0	
69040	0	0	67.0724	0	0	0	55.0833	0	0	0	350.683	0	75.6551	0	
69130	0	0	67.0362	0	0	0	55.2123	0	0	0	351.33	0	75.6876	0	
69219	0	0	66.6101	0	0	0	54.8879	0	0	0	350.494	0	75.9448	0	
69309	0	0	66.5544	0	0	0	54.9091	0	0	0	350.061	0	75.4872	0	
69398	0	0	66.7492	0	0	0	55.0275	0	0	0	351.464	0	75.8128	0	
69490	0	0	66.7442	0	0	0	54.9233	0	0	0	348.608	0	75.8382	0	
69581	0	0	66.5964	0	0	0	55.2689	0	0	0	352.11	0	76.1894	0	
69672	0	0	66.3785	0	0	0	55.1116	0	0	0	352.717	0	76.1619	0	
69768	0	0	67.5092	0	0	0	56.6441	0	0	0	363.97	0	76.9763	0	
69860	0	0	66.5547	0	0	0	55.2698	0	0	0	353.724	0	76.2749	0	
69951	0	0	66.0568	0	0	0	54.9138	0	0	0	348.411	0	76.3954	0	
70044	0	0	66.444	0	0	0	55.5316	0	0	0	352.507	0	76.5293	0	
70136	0	0	66.4688	0	0	0	55.6428	0	0	0	352.408	0	76.5807	0	
70225	0	0	65.8975	0	0	0	55.0954	0	0	0	347.554	0	76.3195	0	
70315	0	0	66.1347	0	0	0	55.1343	0	0	0	348.932	0	76.5121	0	
70404	0	0	66.387	0	0	0	55.3201	0	0	0	350.798	0	76.6744	0	
70493	0	0	66.2684	0	0	0	55.5294	0	0	0	352.462	0	76.6065	0	
70584	0	0	65.9055	0	0	0	55.3957	0	0	0	351.102	0	76.6182	0	
70673	0	0	66.129	0	0	0	55.6387	0	0	0	352.418	0	76.6927	0	
70765	0	0	65.8878	0	0	0	55.5387	0	0	0	352.636	0	77.1238	0	
70855	0	0	65.9645	0	0	0	55.5135	0	0	0	350.232	0	76.9073	0	
70947	0	0	66.0759	0	0	0	55.8064	0	0	0	354.236	0	77.0211	0	
71041	0	0	65.7634	0	0	0	55.6767	0	0	0	352.489	0	77.0737	0	
71141	0	0	65.6455	0	0	0	55.5039	0	0	0	348.864	0	76.8443	0	
71231	0	0	65.7482	0	0	0	55.6244	0	0	0	352.846	0	77.1075	0	
71328	0	0	65.4448	0	0	0	55.5342	0	0	0	351.153	0	77.2789	0	
71419	0	0	65.244	0	0	0	55.2634	0	0	0	350.043	0	77.2437	0	
71511	0	0	65.4683	0	0	0	55.6266	0	0	0	352.199	0	77.3046	0	
71601	0	0	65.086	0	0	0	55.4345	0	0	0	350.112	0	77.4752	0	
71693	0	0	65.4258	0	0	0	55.7715	0	0	0	350.596	0	77.435	0	
71781	0	0	65.0746	0	0	0	55.3789	0	0	0	350.969	0	77.9288	0	
71872	0	0	65.2558	0	0	0	55.7632	0	0	0	353.154	0	77.8405	0	
71962	0	0	65.2171	0	0	0	55.6901	0	0	0	351.008	0	77.4135	0	
72053	0	0	65.2962	0	0	0	55.9306	0	0	0	351.841	0	77.6122	0	
72145	0	0	65.266	0	0	0	56.1835	0	0	0	351.975	0	77.936	0	
72234	0	0	65.2403	0	0	0	56.0838	0	0	0	352.219	0	77.8945	0	
72325	0	0	65.2009	0	0	0	55.999	0	0	0	352.9	0	77.9502	0	
72418	0	0	64.7819	0	0	0	55.6985	0	0	0	351.035	0	77.7154	0	
72511	0	0	64.9024	0	0	0	56.0786	0	0	0	351.094	0	78.0873	0	
72599	0	0	64.6412	0	0	0	55.7429	0	0	0	349.511	0	78.0226	0	
72691	0	0	64.9264	0	0	0	56.2138	0	0	0	352.338	0	77.761	0	
72781	0	0	64.9863	0	0	0	56.2445	0	0	0	352.303	0	78.118	0	
72873	0	0	64.834	0	0	0	56.2474	0	0	0	352.903	0	78.293	0	
72962	0	0	64.6567	0	0	0	56.071	0	0	0	350.866	0	78.231	0	
73054	0	0	64.6997	0	0	0	56.1665	0	0	0	352.642	0	78.4044	0	
73146	0	0	64.5337	0	0	0	56.3634	0	0	0	351.144	0	78.4517	0	
73235	0	0	64.6427	0	0	0	56.2794	0	0	0	352.628	0	78.6854	0	
73326	0	0	64.605	0	0	0	56.3642	0	0	0	352.673	0	78.4335	0	
73415	0	0	64.1291	0	0	0	55.8718	0	0	0	353.705	0	78.7243	0	
73505	0	0	64.4602	0	0	0	56.4777	0	0	0	353.551	0	78.5717	0	
73595	0	0	63.8819	0	0	0	55.682	0	0	0	349.233	0	78.6164	0	
73683	0	0	63.9723	0	0	0	55.8505	0	0	0	349.515	0	78.6237	0	
73773	0	0	64.13	0	0	0	56.161	0	0	0	352.283	0	78.8416	0	
73865	0	0	64.1309	0	0	0	56.4832	0	0	0	351.783	0	78.6679	0	
73957	0	0	64.1385	0	0	0	56.3589	0	0	0	355.33	0	78.9335	0	
74049	0	0	63.9126	0	0	0	56.1479	0	0	0	352.686	0	78.9665	0	
74137	0	0	63.7137	0	0	0	56.11	0	0	0	351.182	0	78.7911	0	
74229	0	0	64.072	0	0	0	56.3757	0	0	0	353.913	0	79.1242	0	
74318	0	0	63.5475	0	0	0	56.0031	0	0	0	349.871	0	78.9657	0	
74411	0	0	63.8992	0	0	0	56.4325	0	0	0	353.963	0	79.0612	0	
74503	0	0	63.7452	0	0	0	56.3648	0	0	0	352.675	0	79.0297	0	
74594	0	0	63.7836	0	0	0	56.4102	0	0	0	353.758	0	79.3118	0	
74684	0	0	63.2719	0	0	0	56.1752	0	0	0	351.411	0	79.2778	0	
74776	0	0	63.544	0	0	0	56.3001	0	0	0	352.547	0	79.5946	0	
74869	0	0	63.3455	0	0	0	56.3618	0	0	0	352.511	0	79.8281	0	
74962	0	0	63.5625	0	0	0	56.6123	0	0	0	353.793	0	79.525	0	
75053	0	0	63.3232	0	0	0	56.2452	0	0	0	352.258	0	79.6879	0	
75146	0	0	63.1876	0	0	0	56.0852	0	0	0	352.028	0	79.7773	0	
75237	0	0	63.5402	0	0	0	56.8201	0	0	0	352.699	0	79.7368	0	
75328	0	0	63.2067	0	0	0	56.766	0	0	0	355.129	0	79.6735	0	
75418	0	0	63.023	0	0	0	56.5054	0	0	0	351.553	0	79.9087	0	
75511	0	0	63.4205	0	0	0	56.8641	0	0	0	355.132	0	80.1741	0	
75603	0	0	63.2709	0	0	0	56.6636	0	0	0	354.457	0	80.1509	0	
75696	0	0	63.28	0	0	0	56.8913	0	0	0	354.688	0	80.0158	0	
75788	0	0	62.9064	0	0	0	56.6028	0	0	0	352.154	0	80.2407	0	
75881	0	0	63.0932	0	0	0	56.772	0	0	0	355.691	0	80.4053	0	
75972	0	0	62.8403	0	0	0	56.4232	0	0	0	353.538	0	80.6451	0	
76065	0	0	63.1653	0	0	0	56.8913	0	0	0	355.263	0	80.3084	0	
76157	0	0	62.5755	0	0	0	56.5542	0	0	0	352.704	0	80.7296	0	
76247	0	0	62.7061	0	0	0	56.5157	0	0	0	352.561	0	80.134	0	
76336	0	0	62.8996	0	0	0	56.987	0	0	0	353.722	0	80.4874	0	
76427	0	0	62.4784	0	0	0	56.6253	0	0	0	351.347	0	80.1696	0	
76519	0	0	62.6041	0	0	0	56.7404	0	0	0	353.854	0	80.5754	0	
76616	0	0	63.8126	0	0	0	58.325	0	0	0	365.398	0	80.9367	0	
76706	0	0	62.8469	0	0	0	57.2303	0	0	0	357.176	0	80.8226	0	
76795	0	0	62.4832	0	0	0	56.9676	0	0	0	352.6	0	80.5716	0	
76886	0	0	62.8184	0	0	0	57.3354	0	0	0	355.764	0	80.9056	0	
76976	0	0	62.4121	0	0	0	57.1647	0	0	0	358.466	0	81.0991	0	
77067	0	0	62.2786	0	0	0	56.7624	0	0	0	353.81	0	81.2169	0	
77157	0	0	62.0137	0	0	0	56.7398	0	0	0	353.38	0	80.8966	0	
77247	0	0	62.1575	0	0	0	56.9619	0	0	0	352.174	0	80.8636	0	
77339	0	0	62.4577	0	0	0	57.2861	0	0	0	354.892	0	81.2289	0	
77428	0	0	62.1232	0	0	0	57.0105	0	0	0	351.817	0	81.0107	0	
77516	0	0	62.0055	0	0	0	56.7401	0	0	0	353.087	0	80.904	0	
77605	0	0	62.0957	0	0	0	57.1625	0	0	0	354.755	0	81.423	0	
77694	0	0	62.031	0	0	0	57.1777	0	0	0	351.643	0	81.1199	0	
77783	0	0	62.1738	0	0	0	57.2477	0	0	0	352.845	0	81.0529	0	
77873	0	0	62.1152	0	0	0	57.3926	0	0	0	354.856	0	81.4811	0	
77966	0	0	61.9479	0	0	0	57.3271	0	0	0	353.632	0	81.481	0	
78058	0	0	61.6912	0	0	0	57.1495	0	0	0	354.987	0	81.565	0	
78147	0	0	61.8213	0	0	0	57.412	0	0	0	355.15	0	81.5227	0	
78241	0	0	61.688	0	0	0	57.1381	0	0	0	355.838	0	81.6892	0	
78330	0	0	61.946	0	0	0	57.5809	0	0	0	352.89	0	81.075	0	
78423	0	0	61.8283	0	0	0	57.5717	0	0	0	355.78	0	81.9952	0	
78513	0	0	61.6645	0	0	0	57.2268	0	0	0	351.97	0	81.5691	0	
78604	0	0	61.5341	0	0	0	57.2454	0	0	0	354.498	0	82.2142	0	
78695	0	0	61.4205	0	0	0	57.306	0	0	0	354.044	0	81.8601	0	
78783	0	0	61.2831	0	0	0	57.1901	0	0	0	352.996	0	81.7633	0	
78873	0	0	61.6082	0	0	0	57.3144	0	0	0	351.902	0	81.7905	0	
78966	0	0	61.622	0	0	0	57.5926	0	0	0	356.731	0	82.3678	0	
79055	0	0	61.5208	0	0	0	57.4755	0	0	0	352.692	0	82.091	0	
79145	0	0	61.4779	0	0	0	57.4608	0	0	0	353.944	0	82.2773	0	
79237	0	0	61.3871	0	0	0	57.7562	0	0	0	354.493	0	82.2324	0	
79328	0	0	61.6352	0	0	0	57.8477	0	0	0	355.255	0	82.4071	0	
79419	0	0	61.432	0	0	0	57.7709	0	0	0	352.02	0	82.3797	0	
79508	0	0	60.8768	0	0	0	57.2252	0	0	0	352.663	0	82.2215	0	
79600	0	0	60.9704	0	0	0	57.6003	0	0	0	354.391	0	82.5098	0	
79692	0	0	61.2837	0	0	0	57.9677	0	0	0	353.241	0	82.3803	0	
79780	0	0	60.4403	0	0	0	57.2102	0	0	0	353.7	0	82.7993	0	
79869	0	0	60.9479	0	0	0	57.8234	0	0	0	355.886	0	82.6667	0	
79961	0	0	60.8869	0	0	0	57.8992	0	0	0	353.767	0	82.5518	0	
80053	0	0	60.9548	0	0	0	57.96	0	0	0	356.714	0	82.7277	0	
80141	0	0	60.7176	0	0	0	57.6347	0	0	0	354.546	0	83.044	0	
80234	0	0	60.7067	0	0	0	57.9418	0	0	0	356.672	0	83.1709	0	
80323	0	0	60.6091	0	0	0	57.8662	0	0	0	354.534	0	82.9459	0	
80415	0	0	60.5478	0	0	0	57.8856	0	0	0	355.954	0	83.1448	0	
80505	0	0	60.8429	0	0	0	57.885	0	0	0	355.801	0	83.1321	0	
80593	0	0	60.418	0	0	0	57.945	0	0	0	354.069	0	83.0898	0	
80683	0	0	60.6969	0	0	0	57.8416	0	0	0	354.011	0	83.0539	0	
80774	0	0	60.7132	0	0	0	58.2108	0	0	0	356.751	0	83.4576	0	
80865	0	0	60.3696	0	0	0	57.8852	0	0	0	354.603	0	83.1433	0	
80956	0	0	60.4523	0	0	0	58.0358	0	0	0	356.532	0	83.7109	0	
81046	0	0	60.3024	0	0	0	57.9395	0	0	0	354.353	0	83.4462	0	
81135	0	0	60.4546	0	0	0	58.0801	0	0	0	354.217	0	83.4458	0	
81224	0	0	60.1938	0	0	0	57.9627	0	0	0	354.251	0	83.5105	0	
81317	0	0	60.3762	0	0	0	58.1638	0	0	0	354.426	0	83.3039	0	
81408	0	0	60.3043	0	0	0	58.395	0	0	0	356.377	0	83.575	0	
81500	0	0	60.0835	0	0	0	58.2951	0	0	0	355.169	0	83.7651	0	
81589	0	0	60.16	0	0	0	58.1774	0	0	0	354.659	0	83.4243	0	
81681	0	0	60.0901	0	0	0	58.1752	0	0	0	356.141	0	83.8079	0	
81773	0	0	60.0398	0	0	0	58.1628	0	0	0	357.936	0	84.3222	0	
81866	0	0	59.9133	0	0	0	58.2641	0	0	0	357.99	0	84.0963	0	
81957	0	0	60.1587	0	0	0	58.6272	0	0	0	358.121	0	84.1316	0	
82046	0	0	59.7346	0	0	0	58.1603	0	0	0	355.893	0	83.9628	0	
82137	0	0	59.7951	0	0	0	58.4756	0	0	0	357.503	0	84.1624	0	
82229	0	0	59.9062	0	0	0	58.6208	0	0	0	357.36	0	84.0272	0	
82321	0	0	60.0349	0	0	0	58.7156	0	0	0	355.33	0	83.808	0	
82411	0	0	59.8351	0	0	0	58.6062	0	0	0	356.153	0	84.2647	0	
82503	0	0	59.7244	0	0	0	58.3541	0	0	0	355.519	0	83.9581	0	
82593	0	0	59.3523	0	0	0	58.291	0	0	0	358.071	0	85.1006	0	
82683	0	0	59.164	0	0	0	58.1115	0	0	0	356.039	0	84.6758	0	
82776	0	0	60.0588	0	0	0	59.3381	0	0	0	363.213	0	84.5728	0	
82864	0	0	59.4522	0	0	0	58.1809	0	0	0	355.8	0	84.2386	0	
82955	0	0	59.4265	0	0	0	58.562	0	0	0	357.877	0	84.5533	0	
83044	0	0	59.3351	0	0	0	58.5447	0	0	0	353.919	0	84.6047	0	
83136	0	0	59.4058	0	0	0	58.6856	0	0	0	358.348	0	84.7621	0	
83225	0	0	59.2649	0	0	0	58.3978	0	0	0	355.117	0	84.7965	0	
83317	0	0	59.2796	0	0	0	58.6699	0	0	0	356.913	0	84.6535	0	
83410	0	0	59.2114	0	0	0	58.5502	0	0	0	356.559	0	85.1242	0	
83503	0	0	59.0903	0	0	0	58.7106	0	0	0	357.221	0	84.7981	0	
83595	0	0	59.0116	0	0	0	58.6484	0	0	0	357.48	0	84.9307	0	
83688	0	0	59.0289	0	0	0	58.5036	0	0	0	356.953	0	84.8628	0	
83780	0	0	58.8833	0	0	0	58.6666	0	0	0	356.894	0	85.1871	0	
83870	0	0	58.6857	0	0	0	58.5988	0	0	0	357.361	0	85.1435	0	
83960	0	0	58.9605	0	0	0	58.7266	0	0	0	358.639	0	85.3511	0	
84052	0	0	58.7707	0	0	0	58.5575	0	0	0	356.88	0	84.9834	0	
84142	0	0	58.3666	0	0	0	58.1416	0	0	0	355.565	0	85.4016	0	
84231	0	0	58.7027	0	0	0	58.59	0	0	0	355.888	0	85.7307	0	
84328	0	0	59.7203	0	0	0	60.2304	0	0	0	368.571	0	85.5412	0	
84417	0	0	58.4957	0	0	0	58.698	0	0	0	357.599	0	85.6468	0	
84509	0	0	58.5758	0	0	0	58.8428	0	0	0	358.024	0	85.5222	0	
84602	0	0	58.7936	0	0	0	59.2038	0	0	0	359.877	0	85.4395	0	
84693	0	0	58.6077	0	0	0	59.0183	0	0	0	356.482	0	85.3395	0	
84785	0	0	58.5558	0	0	0	59.0215	0	0	0	357.346	0	85.6761	0	
84874	0	0	58.3831	0	0	0	58.8796	0	0	0	355.632	0	85.3063	0	
84966	0	0	58.4183	0	0	0	58.9015	0	0	0	357.198	0	85.866	0	
85056	0	0	58.1547	0	0	0	58.8368	0	0	0	359.214	0	86.3146	0	
85146	0	0	58.2919	0	0	0	58.8894	0	0	0	357.774	0	85.9834	0	
85236	0	0	58.2192	0	0	0	58.8691	0	0	0	356.336	0	85.8514	0	
85327	0	0	58.427	0	0	0	59.2727	0	0	0	359.538	0	85.9231	0	
85419	0	0	58.1327	0	0	0	59.1471	0	0	0	359.438	0	86.25	0	
85512	0	0	58.0919	0	0	0	59.2545	0	0	0	357.723	0	85.9957	0	
85603	0	0	58.2251	0	0	0	59.2445	0	0	0	358.142	0	86.1691	0	
85693	0	0	58.0751	0	0	0	59.1733	0	0	0	358.422	0	85.9029	0	
85785	0	0	58.1178	0	0	0	59.2922	0	0	0	359.334	0	86.3195	0	
85876	0	0	57.8903	0	0	0	58.9671	0	0	0	355.279	0	86.7863	0	
85965	0	0	57.7086	0	0	0	58.8991	0	0	0	355.837	0	86.3038	0	
86054	0	0	57.8356	0	0	0	59.0008	0	0	0	356.432	0	86.6164	0	
86145	0	0	57.9158	0	0	0	59.2904	0	0	0	355.844	0	86.4939	0	
86235	0	0	57.7537	0	0	0	59.0149	0	0	0	354.234	0	86.1969	0	
86328	0	0	57.8728	0	0	0	59.4313	0	0	0	359.394	0	86.8513	0	
86417	0	0	57.8084	0	0	0	59.4421	0	0	0	356.815	0	86.3905	0	
86509	0	0	57.371	0	0	0	59.0212	0	0	0	359.201	0	86.9554	0	
86598	0	0	57.279	0	0	0	58.8727	0	0	0	355.097	0	86.586	0	
86689	0	0	57.5462	0	0	0	59.2463	0	0	0	362.039	0	88.0886	0	
86782	0	0	57.5016	0	0	0	59.352	0	0	0	354.528	0	86.2835	0	
86870	0	0	57.4926	0	0	0	59.3349	0	0	0	357.855	0	87.1934	0	
86960	0	0	57.4163	0	0	0	59.3967	0	0	0	355.784	0	86.8899	0	
87051	0	0	57.2957	0	0	0	59.1405	0	0	0	360.263	0	87.9243	0	
87145	0	0	57.9131	0	0	0	60.1433	0	0	0	360.515	0	87.3764	0	
87236	0	0	57.5776	0	0	0	59.4406	0	0	0	358.533	0	87.111	0	
87326	0	0	57.4328	0	0	0	59.6788	0	0	0	361.687	0	87.8451	0	
87416	0	0	57.7161	0	0	0	60.0861	0	0	0	360.546	0	87.3732	0	
87506	0	0	57.1775	0	0	0	59.4636	0	0	0	357.527	0	87.343	0	
87596	0	0	56.9251	0	0	0	59.3735	0	0	0	355.46	0	87.3281	0	
87687	0	0	57.4876	0	0	0	59.9228	0	0	0	356.491	0	86.8978	0	
87779	0	0	57.3592	0	0	0	59.9314	0	0	0	358.099	0	87.633	0	
87869	0	0	56.9858	0	0	0	59.5897	0	0	0	355.587	0	87.2293	0	
87959	0	0	56.8845	0	0	0	59.6126	0	0	0	356.699	0	87.2633	0	
88051	0	0	57.2868	0	0	0	60.0594	0	0	0	358.317	0	87.2342	0	
88140	0	0	56.6552	0	0	0	59.3099	0	0	0	355.741	0	87.911	0	
88230	0	0	56.7817	0	0	0	59.5311	0	0	0	356.148	0	87.5402	0	
88320	0	0	56.4973	0	0	0	59.2149	0	0	0	355.543	0	87.9289	0	
88409	0	0	56.8473	0	0	0	59.6082	0	0	0	356.653	0	87.4732	0	
88502	0	0	57.0811	0	0	0	59.9995	0	0	0	357.678	0	87.555	0	
88591	0	0	56.6014	0	0	0	59.5815	0	0	0	357.139	0	88.6811	0	
88682	0	0	56.4771	0	0	0	59.5656	0	0	0	357.343	0	88.757	0	
88778	0	0	56.8788	0	0	0	59.7447	0	0	0	357.737	0	88.072	0	
88869	0	0	56.5524	0	0	0	59.8864	0	0	0	360.518	0	89.1889	0	
88961	0	0	56.3433	0	0	0	59.8691	0	0	0	359.737	0	88.6148	0	
89053	0	0	56.6347	0	0	0	60.0239	0	0	0	359.82	0	88.546	0	
89145	0	0	56.3522	0	0	0	59.8176	0	0	0	356.71	0	88.5218	0	
89234	0	0	56.4165	0	0	0	59.8092	0	0	0	357.088	0	88.2433	0	
89328	0	0	56.4316	0	0	0	60.032	0	0	0	358.973	0	88.4793	0	
89418	0	0	56.2757	0	0	0	59.9295	0	0	0	358.49	0	88.6216	0	
89507	0	0	56.1088	0	0	0	59.8541	0	0	0	357.788	0	88.3681	0	
89599	0	0	56.1307	0	0	0	59.8656	0	0	0	357.818	0	88.4925	0	
89692	0	0	56.0233	0	0	0	59.9662	0	0	0	362.559	0	88.9986	0	
89782	0	0	56.3233	0	0	0	60.0704	0	0	0	358.651	0	88.6305	0	
89874	0	0	56.2263	0	0	0	60.074	0	0	0	358.378	0	88.6988	0	
89963	0	0	56.0141	0	0	0	60.1132	0	0	0	357.922	0	88.4375	0	
90056	0	0	56.1175	0	0	0	60.102	0	0	0	358.583	0	89.4453	0	
90148	0	0	55.9376	0	0	0	60.2822	0	0	0	359.991	0	88.835	0	
90241	0	0	56.3372	0	0	0	60.3881	0	0	0	357.426	0	88.5109	0	
90330	0	0	55.8225	0	0	0	60.0161	0	0	0	356.501	0	88.5894	0	
90423	0	0	55.8084	0	0	0	60.1301	0	0	0	358.775	0	89.0972	0	
90513	0	0	56.0549	0	0	0	60.3502	0	0	0	358.984	0	89.0669	0	
90604	0	0	55.9558	0	0	0	60.4251	0	0	0	360.532	0	89.4004	0	
90697	0	0	55.6739	0	0	0	60.1567	0	0	0	355.202	0	88.6191	0	
90790	0	0	55.8007	0	0	0	60.248	0	0	0	360.452	0	89.3113	0	
90879	0	0	55.5472	0	0	0	60.0275	0	0	0	356.433	0	89.0015	0	
90971	0	0	55.5492	0	0	0	60.0373	0	0	0	358.959	0	89.5375	0	
91063	0	0	55.7093	0	0	0	60.2055	0	0	0	359.211	0	89.1908	0	
91159	0	0	56.6605	0	0	0	61.8363	0	0	0	370.93	0	89.7924	0	
91250	0	0	55.2454	0	0	0	60.0023	0	0	0	359.95	0	89.822	0	
91342	0	0	55.4328	0	0	0	60.2312	0	0	0	357.306	0	89.234	0	
91435	0	0	55.4273	0	0	0	60.6179	0	0	0	357.911	0	89.3759	0	
91525	0	0	55.2203	0	0	0	60.288	0	0	0	355.56	0	88.9429	0	
91613	0	0	55.3171	0	0	0	60.2189	0	0	0	357.488	0	89.6606	0	
91705	0	0	55.2906	0	0	0	60.2895	0	0	0	357.616	0	89.6035	0	
91794	0	0	54.9949	0	0	0	60.1217	0	0	0	357.28	0	89.8704	0	
91885	0	0	55.2679	0	0	0	60.5889	0	0	0	357.832	0	89.5652	0	
91978	0	0	55.5662	0	0	0	60.7485	0	0	0	361.172	0	89.7103	0	
92071	0	0	55.0457	0	0	0	60.402	0	0	0	356.117	0	89.5854	0	
92162	0	0	55.0558	0	0	0	60.3005	0	0	0	358.577	0	89.8437	0	
92255	0	0	55.0644	0	0	0	60.4891	0	0	0	358.975	0	90.0096	0	
92348	0	0	55.3427	0	0	0	60.9998	0	0	0	360.408	0	90.0828	0	
92440	0	0	55.0315	0	0	0	60.6372	0	0	0	358.099	0	89.9926	0	
92532	0	0	55.1038	0	0	0	60.8779	0	0	0	363.091	0	90.4683	0	
92622	0	0	54.6392	0	0	0	60.2636	0	0	0	356.749	0	90.6534	0	
92721	0	0	55.8437	0	0	0	61.9855	0	0	0	371.43	0	91.0312	0	
92813	0	0	54.5711	0	0	0	60.3059	0	0	0	358.951	0	90.5837	0	
92903	0	0	54.9253	0	0	0	60.8456	0	0	0	359.387	0	90.3655	0	
92993	0	0	54.2856	0	0	0	60.0947	0	0	0	358.319	0	90.8479	0	
