ARR_DATA(I)	Integral(5.444,5.381)		Integral(5.258,5.220)		Integral(4.667,4.622)		Integral(4.013,3.980)		
0	50.938	0	0.0560519	0	0.0089122	0	0.0532067	0	
93	50.8876	0	0.0811853	0	0.0100483	0	0.113395	0	
182	50.8332	0	0.103627	0	0.00958562	0	0.118683	0	
271	50.9525	0	0.123608	0	0.00939351	0	0.12044	0	
364	50.8683	0	0.12954	0	0.00998188	0	0.143952	0	
454	50.6682	0	0.14158	0	0.00959397	0	0.157803	0	
543	50.5849	0	0.158718	0	0.00989478	0	0.137409	0	
635	50.6086	0	0.174806	0	0.0108027	0	0.200657	0	
727	50.5747	0	0.189563	0	0.00976625	0	0.213035	0	
816	50.5526	0	0.197901	0	0.0104345	0	0.201174	0	
908	50.4383	0	0.215576	0	0.0106892	0	0.221029	0	
999	50.3697	0	0.228235	0	0.0109895	0	0.279952	0	
1088	50.3548	0	0.227356	0	0.0106527	0	0.31589	0	
1180	50.4109	0	0.257342	0	0.0112393	0	0.30599	0	
1269	50.3113	0	0.268911	0	0.0116901	0	0.303787	0	
1361	50.1784	0	0.301643	0	0.0111973	0	0.227381	0	
1453	50.1574	0	0.297985	0	0.0120888	0	0.391169	0	
1542	50.2397	0	0.305085	0	0.0105896	0	0.44205	0	
1641	49.9461	0	0.319695	0	0.0118096	0	0.495337	0	
1733	49.9848	0	0.322666	0	0.0123971	0	0.436613	0	
1825	49.8004	0	0.353282	0	0.0119153	0	0.516421	0	
1922	46.0672	0	0.360202	0	0.0144559	0	0.555773	0	
2010	49.9289	0	0.371111	0	0.0119501	0	0.649984	0	
2100	46.017	0	0.3853	0	0.0123211	0	0.573411	0	
2189	48.5283	0	0.393665	0	0.0126388	0	0.68966	0	
2281	49.6082	0	0.400471	0	0.0127228	0	0.716912	0	
2372	49.6511	0	0.406282	0	0.0134793	0	0.741921	0	
2462	49.5759	0	0.436411	0	0.0135612	0	0.833581	0	
2553	45.5031	0	0.431949	0	0.0138082	0	0.731001	0	
2642	48.2121	0	0.461401	0	0.0136477	0	0.756051	0	
2734	49.2953	0	0.457969	0	0.0143156	0	0.813821	0	
2825	49.3426	0	0.452412	0	0.0145266	0	0.813448	0	
2917	49.2097	0	0.468726	0	0.014386	0	0.827418	0	
3007	47.9053	0	0.473602	0	0.0150582	0	1.03378	0	
3097	49.0521	0	0.483495	0	0.0156326	0	0.908431	0	
3189	45.4735	0	0.527915	0	0.0148356	0	0.993583	0	
3280	49.0743	0	0.546638	0	0.0159312	0	0.863396	0	
3372	48.9747	0	0.528122	0	0.0154676	0	1.06987	0	
3462	48.8895	0	0.536414	0	0.0153903	0	1.15588	0	
3552	48.909	0	0.536449	0	0.0160552	0	1.10596	0	
3641	48.9216	0	0.567459	0	0.0159887	0	1.22654	0	
3732	48.822	0	0.568727	0	0.0158787	0	1.06874	0	
3821	48.8014	0	0.576888	0	0.0165091	0	1.18005	0	
3913	48.644	0	0.599519	0	0.0174371	0	1.24863	0	
4002	48.6614	0	0.611815	0	0.0204107	0	1.22567	0	
4094	48.5403	0	0.620478	0	0.0222272	0	1.32603	0	
4184	48.4733	0	0.625292	0	0.0232866	0	1.35532	0	
4275	44.6758	0	0.634381	0	0.0174547	0	1.38982	0	
4367	47.1079	0	0.643915	0	0.0215017	0	1.45276	0	
4456	44.8611	0	0.648097	0	0.0233967	0	1.38215	0	
4548	48.3886	0	0.634443	0	0.0288859	0	1.56611	0	
4639	48.1948	0	0.67147	0	0.0281962	0	1.5088	0	
4731	48.326	0	0.681758	0	0.0328102	0	1.44254	0	
4820	48.1747	0	0.684606	0	0.0340441	0	1.56936	0	
4910	44.3662	0	0.7016	0	0.0344803	0	1.59112	0	
5003	48.0553	0	0.703165	0	0.0354926	0	1.57696	0	
5095	48.0148	0	0.713598	0	0.038108	0	1.72691	0	
5188	47.9253	0	0.717309	0	0.0380363	0	1.69161	0	
5278	47.887	0	0.726564	0	0.0395988	0	1.60374	0	
5372	47.8573	0	0.726874	0	0.0490041	0	1.80093	0	
5461	47.8535	0	0.733911	0	0.0466487	0	1.81121	0	
5554	47.7094	0	0.805481	0	0.0505106	0	1.74801	0	
5644	39.5657	0	0.779583	0	0.0543112	0	1.74417	0	
5734	47.6022	0	0.765135	0	0.0495256	0	1.79079	0	
5822	39.5946	0	0.801305	0	0.0574101	0	1.80077	0	
5911	47.5424	0	0.810452	0	0.0572437	0	1.97482	0	
6001	47.4782	0	0.789447	0	0.0605422	0	1.92748	0	
6092	47.4237	0	0.794325	0	0.0608716	0	1.91446	0	
6183	47.3435	0	0.791334	0	0.0586203	0	2.01333	0	
6279	47.251	0	0.798088	0	0.0654971	0	1.85588	0	
6368	46.0575	0	0.815823	0	0.0676337	0	2.07411	0	
6457	47.3412	0	0.817512	0	0.0727638	0	1.97865	0	
6549	47.1435	0	0.860821	0	0.0756622	0	2.29631	0	
6640	47.1554	0	0.869892	0	0.0745151	0	2.28141	0	
6731	47.0728	0	0.842319	0	0.0850729	0	2.16371	0	
6819	46.9535	0	0.873631	0	0.0842188	0	2.11457	0	
6910	46.9077	0	0.856992	0	0.0843849	0	2.17483	0	
7001	46.7959	0	0.926113	0	0.0857658	0	2.35155	0	
7094	46.6423	0	0.866583	0	0.0865317	0	2.15875	0	
7183	46.7803	0	0.908566	0	0.0876435	0	2.29406	0	
7275	46.7437	0	0.893289	0	0.0969519	0	2.44201	0	
7365	46.7028	0	0.935515	0	0.100143	0	2.16596	0	
7456	45.233	0	0.978208	0	0.100398	0	2.27262	0	
7548	46.4636	0	0.938003	0	0.102971	0	2.43382	0	
7642	46.4368	0	0.976567	0	0.104823	0	2.34793	0	
7734	46.4092	0	0.918866	0	0.102221	0	2.47684	0	
7823	46.2339	0	0.915929	0	0.10635	0	2.63517	0	
7915	45.0473	0	0.928487	0	0.109208	0	2.40015	0	
8006	42.7036	0	0.945174	0	0.115279	0	2.63485	0	
8099	46.1914	0	0.977291	0	0.112633	0	2.68482	0	
8191	44.8261	0	0.975728	0	0.113764	0	2.80619	0	
8282	46.0431	0	0.994031	0	0.120072	0	2.78557	0	
8376	46.0805	0	0.992117	0	0.121916	0	2.45952	0	
8469	41.5273	0	0.975822	0	0.125568	0	2.85056	0	
8561	46.0107	0	0.975642	0	0.131183	0	2.75997	0	
8650	45.9335	0	1.01643	0	0.132551	0	2.69975	0	
8738	45.8163	0	1.0297	0	0.13294	0	2.76332	0	
8829	45.7535	0	1.0352	0	0.135571	0	3.02926	0	
8917	44.4954	0	1.04293	0	0.131847	0	2.91591	0	
9009	45.6769	0	1.09058	0	0.135316	0	2.77382	0	
9099	45.5919	0	1.08338	0	0.138688	0	2.90083	0	
9192	45.5057	0	1.05749	0	0.141139	0	2.97253	0	
9279	45.4707	0	1.09767	0	0.137997	0	2.97464	0	
9373	45.398	0	1.11169	0	0.152456	0	3.08096	0	
9463	45.3808	0	1.02361	0	0.149107	0	3.10461	0	
9563	44.0247	0	1.0351	0	0.149396	0	3.0594	0	
9653	45.276	0	1.13875	0	0.155793	0	3.32447	0	
9742	43.8518	0	1.14438	0	0.153222	0	3.22427	0	
9831	45.0957	0	1.06609	0	0.159727	0	3.38076	0	
9920	45.1446	0	1.11337	0	0.15891	0	3.27081	0	
10011	44.9822	0	1.11575	0	0.165593	0	3.22678	0	
10099	45.0091	0	1.12991	0	0.166254	0	3.36943	0	
10189	43.5924	0	1.12183	0	0.168555	0	3.37689	0	
10281	44.8854	0	1.09812	0	0.165344	0	3.21381	0	
10371	44.8615	0	1.1829	0	0.17152	0	3.58281	0	
10461	44.7295	0	1.15509	0	0.179208	0	3.44293	0	
10551	44.642	0	1.15269	0	0.175245	0	3.33027	0	
10644	44.637	0	1.12322	0	0.179376	0	3.16467	0	
10736	44.6028	0	1.12521	0	0.178348	0	3.71683	0	
10827	43.3096	0	1.17699	0	0.174275	0	3.58576	0	
10917	44.545	0	1.18559	0	0.189803	0	3.59218	0	
11007	43.1781	0	1.18617	0	0.184858	0	3.57829	0	
11095	41.0078	0	1.18982	0	0.195468	0	3.74518	0	
11188	40.9355	0	1.24316	0	0.197322	0	3.4595	0	
11277	44.3253	0	1.19851	0	0.190107	0	3.4496	0	
11365	44.248	0	1.21566	0	0.19693	0	3.76617	0	
11462	42.7592	0	1.16668	0	0.1917	0	3.64586	0	
11552	44.1828	0	1.2155	0	0.199941	0	4.06126	0	
11645	44.0015	0	1.2312	0	0.197168	0	3.77308	0	
11739	40.8569	0	1.2615	0	0.188949	0	3.95835	0	
11833	43.9915	0	1.23685	0	0.208404	0	3.87142	0	
11926	43.9471	0	1.24305	0	0.210185	0	4.03069	0	
12016	42.5612	0	1.25239	0	0.204945	0	3.64789	0	
12108	43.762	0	1.28006	0	0.213065	0	4.11294	0	
12197	43.7063	0	1.25856	0	0.208234	0	3.91546	0	
12287	43.6225	0	1.33761	0	0.212496	0	4.31984	0	
12380	42.3929	0	1.2767	0	0.212755	0	4.20363	0	
12470	43.5765	0	1.29877	0	0.21129	0	4.32335	0	
12562	40.195	0	1.2267	0	0.216216	0	4.12366	0	
12653	43.4653	0	1.29568	0	0.228813	0	4.15194	0	
12744	42.1225	0	1.29461	0	0.224004	0	3.88349	0	
12837	40.1776	0	1.25725	0	0.226805	0	4.02498	0	
12929	41.939	0	1.34743	0	0.224697	0	4.11716	0	
13019	43.2661	0	1.31142	0	0.2303	0	4.54622	0	
13111	41.8855	0	1.32845	0	0.234547	0	4.43011	0	
13200	43.1097	0	1.28346	0	0.227382	0	4.20028	0	
13292	39.8388	0	1.32228	0	0.236705	0	4.50883	0	
13385	42.968	0	1.34026	0	0.240793	0	4.46819	0	
13474	42.9486	0	1.3435	0	0.237344	0	4.69886	0	
13563	43.0133	0	1.34803	0	0.243214	0	4.35641	0	
13652	42.8429	0	1.37716	0	0.243477	0	4.13003	0	
13742	42.7696	0	1.37562	0	0.246922	0	4.74855	0	
13834	42.7749	0	1.36956	0	0.249204	0	4.54425	0	
13925	42.7033	0	1.36976	0	0.250414	0	4.72772	0	
14014	42.6705	0	1.44438	0	0.252313	0	4.3421	0	
14102	39.7008	0	1.34605	0	0.253465	0	4.61839	0	
14192	39.6013	0	1.32994	0	0.253387	0	5.10396	0	
14281	41.2422	0	1.40917	0	0.265312	0	4.51782	0	
14372	42.4508	0	1.39306	0	0.270408	0	5.03327	0	
14461	42.4492	0	1.42556	0	0.271593	0	4.55774	0	
14552	42.3201	0	1.40495	0	0.262609	0	4.95304	0	
14642	39.305	0	1.41275	0	0.261976	0	5.3656	0	
14732	39.3613	0	1.42422	0	0.2678	0	4.9678	0	
14822	42.1114	0	1.43018	0	0.269246	0	5.28782	0	
14914	42.0974	0	1.42857	0	0.271954	0	5.71614	0	
15002	42.1053	0	1.45754	0	0.281872	0	5.34521	0	
15093	40.7857	0	1.46159	0	0.273271	0	5.56673	0	
15184	41.9824	0	1.46306	0	0.285585	0	5.76142	0	
15276	39.0529	0	1.50635	0	0.278544	0	5.48771	0	
15366	41.8602	0	1.47347	0	0.288571	0	4.95377	0	
15455	40.54	0	1.41552	0	0.278731	0	5.37727	0	
15545	41.8257	0	1.49548	0	0.284232	0	5.50136	0	
15634	41.664	0	1.49156	0	0.293727	0	5.64318	0	
15723	38.5564	0	1.48012	0	0.286058	0	5.26232	0	
15815	41.5729	0	1.53836	0	0.287297	0	5.4153	0	
15906	41.4794	0	1.53828	0	0.300825	0	5.28337	0	
15994	41.5591	0	1.53646	0	0.288492	0	5.46498	0	
16083	41.5494	0	1.53277	0	0.285652	0	5.52655	0	
16172	41.3856	0	1.52405	0	0.280218	0	5.2994	0	
16261	38.5762	0	1.48103	0	0.279799	0	5.89722	0	
16354	38.4989	0	1.55027	0	0.285901	0	5.8205	0	
16447	38.2767	0	1.55682	0	0.291388	0	5.52802	0	
16538	41.1779	0	1.53969	0	0.299103	0	5.82155	0	
16638	41.0929	0	1.54463	0	0.297354	0	6.19131	0	
16727	41.0626	0	1.57695	0	0.297187	0	5.4182	0	
16820	38.3089	0	1.61662	0	0.300448	0	5.61238	0	
16912	39.7113	0	1.62153	0	0.304349	0	6.093	0	
17001	40.8512	0	1.5845	0	0.291499	0	5.87441	0	
17097	40.7881	0	1.55856	0	0.294406	0	5.76162	0	
17185	40.8408	0	1.60284	0	0.316602	0	6.22395	0	
17283	39.4335	0	1.56339	0	0.29107	0	6.15404	0	
17374	39.5165	0	1.63313	0	0.298546	0	5.70452	0	
17466	40.6183	0	1.60346	0	0.307698	0	6.05732	0	
17555	37.6656	0	1.59435	0	0.312691	0	6.45706	0	
17645	40.579	0	1.57564	0	0.316269	0	5.80779	0	
17733	37.8993	0	1.6467	0	0.330504	0	6.17968	0	
17821	39.2036	0	1.67583	0	0.318272	0	5.71526	0	
17915	36.5752	0	1.6226	0	0.332007	0	6.21713	0	
18006	39.0691	0	1.57013	0	0.331624	0	7.02336	0	
18096	37.4233	0	1.64379	0	0.322086	0	6.13031	0	
18185	39.0585	0	1.66799	0	0.333381	0	6.43547	0	
18279	37.3408	0	1.61258	0	0.325944	0	6.63658	0	
18371	40.1589	0	1.64826	0	0.328343	0	6.57309	0	
18461	40.0518	0	1.67544	0	0.330428	0	6.61475	0	
18555	40.0778	0	1.66582	0	0.331696	0	6.0071	0	
18647	39.9478	0	1.69464	0	0.331146	0	6.02376	0	
18736	39.9586	0	1.71337	0	0.345092	0	5.75464	0	
18826	39.8333	0	1.76339	0	0.335521	0	6.18925	0	
18918	39.7761	0	1.68872	0	0.349652	0	6.84978	0	
19009	36.1092	0	1.71082	0	0.349813	0	6.94202	0	
19100	39.7612	0	1.69799	0	0.340079	0	6.7301	0	
19190	39.7099	0	1.71497	0	0.343714	0	6.33016	0	
19279	39.5838	0	1.73642	0	0.353696	0	6.03634	0	
19369	39.5849	0	1.79592	0	0.355648	0	6.32536	0	
19459	36.629	0	1.77299	0	0.356646	0	6.66784	0	
19550	39.4436	0	1.73607	0	0.34134	0	6.24746	0	
19643	39.3672	0	1.74303	0	0.355986	0	6.92007	0	
19735	39.2858	0	1.689	0	0.343875	0	6.06896	0	
19827	39.2762	0	1.75101	0	0.361506	0	6.47121	0	
19919	39.1905	0	1.83957	0	0.361531	0	6.27221	0	
20011	39.2005	0	1.73546	0	0.36012	0	6.3541	0	
20102	36.4519	0	1.75834	0	0.369746	0	6.16459	0	
20191	39.0725	0	1.85061	0	0.376339	0	6.24684	0	
20283	39.0367	0	1.84211	0	0.373835	0	6.34838	0	
20372	38.9254	0	1.7588	0	0.364059	0	6.16392	0	
20461	38.9477	0	1.76931	0	0.370208	0	6.91694	0	
20551	36.41	0	1.79466	0	0.366626	0	6.72826	0	
20640	36.1753	0	1.78496	0	0.381407	0	7.53879	0	
20732	36.0987	0	1.8243	0	0.380438	0	6.81136	0	
20824	38.6795	0	1.81119	0	0.379657	0	6.70372	0	
20913	38.6447	0	1.82531	0	0.386356	0	6.59756	0	
21006	38.5636	0	1.84428	0	0.387692	0	6.44255	0	
21096	37.3861	0	1.82661	0	0.394311	0	6.24815	0	
21187	37.2838	0	1.83194	0	0.395323	0	6.71063	0	
21277	38.3724	0	1.83679	0	0.379758	0	6.43262	0	
21367	37.1699	0	1.81371	0	0.384258	0	6.03402	0	
21455	38.3258	0	1.85215	0	0.394561	0	6.20896	0	
21547	38.1712	0	1.79729	0	0.400098	0	6.31164	0	
21619	35.7691	0	1.85193	0	0.405805	0	6.32557	0	
21718	38.068	0	1.7778	0	0.400879	0	6.17546	0	
21810	38.0742	0	1.87173	0	0.402031	0	6.2354	0	
21902	38.0111	0	1.87473	0	0.405585	0	7.27241	0	
21996	35.5781	0	1.86453	0	0.391624	0	5.87283	0	
22088	35.5637	0	1.89574	0	0.412062	0	6.98501	0	
22177	37.9329	0	1.89168	0	0.410105	0	6.78172	0	
22267	37.8514	0	1.89069	0	0.410442	0	6.3825	0	
22357	37.7996	0	1.89519	0	0.411574	0	6.89513	0	
22448	37.7602	0	1.911	0	0.413237	0	6.29638	0	
22538	37.7124	0	1.89122	0	0.407366	0	7.03864	0	
22630	35.25	0	1.85217	0	0.403935	0	6.7481	0	
22720	36.409	0	1.98262	0	0.417139	0	6.9517	0	
22810	37.567	0	1.976	0	0.418217	0	6.27638	0	
22900	35.1169	0	1.9054	0	0.425076	0	6.56664	0	
22992	37.3638	0	1.92827	0	0.422568	0	6.2316	0	
23085	36.173	0	2.00191	0	0.422492	0	6.81674	0	
23174	37.3003	0	1.95728	0	0.441588	0	6.88538	0	
23266	37.3401	0	1.93167	0	0.43096	0	7.00345	0	
23358	37.1707	0	1.94596	0	0.445089	0	7.3535	0	
23448	37.1564	0	1.96934	0	0.429977	0	7.60349	0	
23540	34.8365	0	1.97321	0	0.438501	0	7.02859	0	
23632	37.0994	0	1.96859	0	0.434972	0	6.67754	0	
23724	34.6825	0	2.01654	0	0.430856	0	7.80145	0	
23813	34.5005	0	1.97702	0	0.447149	0	7.16619	0	
23905	35.783	0	1.99255	0	0.441838	0	7.19005	0	
23995	34.6083	0	2.00433	0	0.458971	0	7.43092	0	
24087	34.3686	0	1.92797	0	0.445135	0	7.5669	0	
24176	34.534	0	2.01661	0	0.457064	0	7.12801	0	
24266	36.7808	0	2.00245	0	0.446909	0	6.25422	0	
24357	36.746	0	1.94763	0	0.44131	0	7.34342	0	
24449	35.4629	0	2.02105	0	0.44244	0	7.64673	0	
24542	34.1032	0	2.0252	0	0.452546	0	7.34893	0	
24631	35.3487	0	2.03709	0	0.453318	0	7.52928	0	
24723	36.488	0	1.97419	0	0.456494	0	7.24775	0	
24815	33.9959	0	2.03799	0	0.470215	0	7.02115	0	
24905	36.4067	0	2.12028	0	0.461456	0	7.63556	0	
24993	36.3691	0	2.10753	0	0.458337	0	6.78073	0	
25083	32.7692	0	2.05317	0	0.470081	0	7.14695	0	
25172	36.2282	0	2.06494	0	0.468065	0	7.27982	0	
25264	36.1655	0	2.15334	0	0.46723	0	8.07699	0	
25354	33.9131	0	2.10906	0	0.478502	0	7.44573	0	
25443	36.0912	0	2.06825	0	0.483981	0	7.95146	0	
25535	34.8988	0	2.07454	0	0.495166	0	7.95036	0	
25627	36.0353	0	2.0745	0	0.46643	0	8.02045	0	
25720	35.845	0	2.0499	0	0.471342	0	7.16251	0	
25809	35.8405	0	2.06727	0	0.472864	0	8.01883	0	
25898	32.3656	0	2.10392	0	0.495226	0	6.95232	0	
25989	33.4219	0	2.11618	0	0.491536	0	8.67872	0	
26080	35.7918	0	2.09884	0	0.475482	0	8.0517	0	
26169	33.5491	0	2.21882	0	0.499842	0	8.09561	0	
26261	35.6606	0	2.12328	0	0.499514	0	8.44037	0	
26350	34.4983	0	2.11721	0	0.501542	0	7.26997	0	
26441	35.5422	0	2.05299	0	0.48328	0	8.13496	0	
26530	34.3951	0	2.19198	0	0.49614	0	6.24529	0	
26619	35.473	0	2.12846	0	0.504004	0	7.84507	0	
26710	35.4989	0	2.14753	0	0.506235	0	8.506	0	
26802	33.191	0	2.14752	0	0.505088	0	7.26153	0	
26893	35.348	0	2.21853	0	0.519401	0	7.12741	0	
26986	35.2657	0	2.15337	0	0.509262	0	8.54545	0	
27077	35.1985	0	2.15774	0	0.523113	0	7.63168	0	
27170	35.1366	0	2.22144	0	0.496974	0	6.57658	0	
27260	31.9156	0	2.14302	0	0.516868	0	7.76304	0	
27349	35.0301	0	2.10055	0	0.516816	0	7.32103	0	
27441	34.9161	0	2.18656	0	0.521089	0	6.96392	0	
27532	34.9244	0	2.25544	0	0.519745	0	7.98142	0	
27622	34.9068	0	2.18635	0	0.502114	0	7.16876	0	
27714	34.8514	0	2.20484	0	0.533989	0	7.52592	0	
27806	34.828	0	2.10246	0	0.5256	0	6.47486	0	
27903	34.6304	0	2.18729	0	0.520804	0	7.19932	0	
27995	34.7666	0	2.21518	0	0.514185	0	8.14266	0	
28083	34.6812	0	2.22037	0	0.508802	0	7.15541	0	
28173	34.5941	0	2.2443	0	0.529087	0	7.19715	0	
28266	32.3207	0	2.14644	0	0.513899	0	6.92082	0	
28358	33.457	0	2.15313	0	0.518318	0	7.19343	0	
28447	34.4187	0	2.3203	0	0.5469	0	7.18201	0	
28539	33.2558	0	2.22488	0	0.538204	0	6.86591	0	
28631	34.3204	0	2.32065	0	0.550534	0	6.60002	0	
28720	34.318	0	2.31486	0	0.551542	0	7.85147	0	
28815	34.1886	0	2.31685	0	0.541016	0	6.54144	0	
28908	34.2387	0	2.34191	0	0.54291	0	7.49894	0	
28999	34.1684	0	2.2519	0	0.547223	0	6.51555	0	
29089	34.1433	0	2.32405	0	0.557682	0	7.88625	0	
29181	32.9715	0	2.34308	0	0.562874	0	7.8112	0	
29273	33.9985	0	2.35488	0	0.560689	0	6.86786	0	
29370	32.7975	0	2.34544	0	0.542261	0	6.68783	0	
29461	33.9709	0	2.26172	0	0.535354	0	6.3879	0	
29549	31.8719	0	2.28605	0	0.535445	0	7.47802	0	
29638	33.8158	0	2.22606	0	0.555032	0	7.44665	0	
29732	32.627	0	2.30563	0	0.551014	0	7.95045	0	
29823	33.7742	0	2.22736	0	0.554815	0	7.5708	0	
29915	33.7009	0	2.22729	0	0.558972	0	6.33795	0	
30006	33.6769	0	2.3178	0	0.54556	0	6.72034	0	
30097	31.479	0	2.31467	0	0.563433	0	7.15723	0	
30189	33.5606	0	2.24024	0	0.56282	0	7.33101	0	
30280	33.4507	0	2.29863	0	0.581906	0	7.93965	0	
30372	31.3093	0	2.40583	0	0.568757	0	7.45422	0	
30462	32.2835	0	2.32584	0	0.567674	0	6.79321	0	
30554	31.2276	0	2.43296	0	0.552119	0	7.91291	0	
30644	31.3839	0	2.42384	0	0.547509	0	7.40538	0	
30736	31.3082	0	2.35901	0	0.554988	0	6.59401	0	
30827	31.2693	0	2.3785	0	0.556493	0	7.5367	0	
30917	29.1709	0	2.44414	0	0.557647	0	8.71205	0	
31009	33.0898	0	2.37119	0	0.573447	0	7.34839	0	
31101	31.0986	0	2.44341	0	0.559288	0	7.52113	0	
31193	30.8838	0	2.44365	0	0.579418	0	7.50602	0	
31291	29.0346	0	2.4478	0	0.554474	0	8.16119	0	
31383	32.8931	0	2.38984	0	0.579988	0	7.4556	0	
31474	31.8149	0	2.30725	0	0.597926	0	6.54689	0	
31563	31.0184	0	2.47754	0	0.566295	0	6.58677	0	
31655	31.7897	0	2.31932	0	0.603284	0	7.27801	0	
31745	31.6689	0	2.32393	0	0.590467	0	7.59718	0	
31835	31.6414	0	2.29351	0	0.590875	0	7.36343	0	
31928	31.5691	0	2.32976	0	0.590914	0	7.3691	0	
32018	30.7171	0	2.50535	0	0.592982	0	8.36322	0	
32108	32.5885	0	2.3405	0	0.577468	0	8.21621	0	
32198	30.4885	0	2.34788	0	0.60938	0	6.95132	0	
32287	30.6416	0	2.52426	0	0.60181	0	7.26509	0	
32378	31.3199	0	2.33667	0	0.599938	0	8.47114	0	
32470	30.5355	0	2.35752	0	0.611546	0	8.49124	0	
32562	30.4478	0	2.52387	0	0.596416	0	7.47272	0	
32654	30.2634	0	2.37124	0	0.613982	0	8.48349	0	
32746	32.2958	0	2.52899	0	0.5866	0	7.71975	0	
32839	30.2205	0	2.37009	0	0.621522	0	8.17303	0	
32931	30.1893	0	2.37008	0	0.621453	0	6.94263	0	
33020	30.3133	0	2.39244	0	0.587462	0	7.23439	0	
33109	32.0915	0	2.4553	0	0.613916	0	9.28243	0	
33197	31.9162	0	2.39289	0	0.608596	0	7.55593	0	
33290	31.9763	0	2.48906	0	0.616645	0	7.59323	0	
33383	30.8352	0	2.60512	0	0.613899	0	7.75417	0	
33480	30.7144	0	2.46467	0	0.612035	0	7.53022	0	
33572	30.7468	0	2.57852	0	0.616571	0	8.69721	0	
33661	29.998	0	2.41912	0	0.635231	0	7.82656	0	
33753	29.9324	0	2.42963	0	0.632499	0	8.13223	0	
33843	29.7607	0	2.42187	0	0.630939	0	8.554	0	
33934	31.6727	0	2.6397	0	0.625337	0	7.5294	0	
34026	31.6342	0	2.43673	0	0.639937	0	8.20972	0	
34123	31.412	0	2.62691	0	0.617568	0	8.15303	0	
34214	31.5315	0	2.66173	0	0.628165	0	8.56406	0	
34306	30.4448	0	2.52467	0	0.627176	0	9.18798	0	
34396	31.4331	0	2.44171	0	0.645652	0	8.17	0	
34488	31.3601	0	2.45813	0	0.65116	0	9.01653	0	
34580	31.3642	0	2.4638	0	0.652041	0	9.13941	0	
34669	31.254	0	2.64391	0	0.634874	0	8.40665	0	
34762	31.2002	0	2.61831	0	0.633666	0	9.05644	0	
34855	31.2034	0	2.47754	0	0.635211	0	8.88529	0	
34948	30.0978	0	2.4736	0	0.650941	0	9.95825	0	
35041	28.3704	0	2.47381	0	0.655975	0	9.4994	0	
35138	31.0529	0	2.61857	0	0.630772	0	9.21903	0	
35226	29.3422	0	2.49595	0	0.656983	0	9.43463	0	
35317	29.9835	0	2.49778	0	0.660452	0	8.96376	0	
35406	31.0233	0	2.6798	0	0.669253	0	8.54929	0	
35499	30.8688	0	2.49634	0	0.661044	0	8.68003	0	
35590	28.1865	0	2.49535	0	0.662183	0	9.26686	0	
35682	29.1245	0	2.6217	0	0.653475	0	9.16539	0	
35774	30.7161	0	2.50704	0	0.66232	0	9.14095	0	
35863	30.7209	0	2.64617	0	0.672439	0	9.26461	0	
35954	30.6459	0	2.52188	0	0.672485	0	8.85302	0	
36046	30.5827	0	2.53824	0	0.657557	0	9.17277	0	
36138	28.7261	0	2.53492	0	0.67856	0	8.31699	0	
36227	30.5574	0	2.53865	0	0.679657	0	9.62248	0	
36318	28.6784	0	2.6372	0	0.655859	0	8.66979	0	
36407	30.4675	0	2.5518	0	0.679711	0	9.83312	0	
36499	28.5675	0	2.5427	0	0.657062	0	9.45429	0	
36591	28.547	0	2.55958	0	0.677393	0	10.1171	0	
36683	28.5231	0	2.59967	0	0.662365	0	9.59519	0	
36772	30.2972	0	2.69454	0	0.667578	0	8.60572	0	
36861	28.4251	0	2.55778	0	0.676668	0	9.76316	0	
36953	29.171	0	2.78646	0	0.685311	0	9.64653	0	
37042	30.1251	0	2.58202	0	0.684805	0	9.69763	0	
37132	27.5289	0	2.66119	0	0.687858	0	11.2684	0	
37224	28.2165	0	2.58371	0	0.676065	0	10.2048	0	
37315	28.2585	0	2.58641	0	0.708555	0	9.03054	0	
37406	28.3688	0	2.68274	0	0.688219	0	9.98064	0	
37498	28.3295	0	2.58814	0	0.695054	0	9.25621	0	
37588	28.1327	0	2.60668	0	0.689809	0	9.35402	0	
37680	29.8518	0	2.59733	0	0.673207	0	10.1051	0	
37772	29.8694	0	2.70003	0	0.682212	0	9.43407	0	
37861	28.0464	0	2.60547	0	0.695152	0	10.0517	0	
37952	28.0063	0	2.6145	0	0.72217	0	10.2979	0	
38043	27.9297	0	2.6254	0	0.699072	0	10.4619	0	
38136	27.9276	0	2.61959	0	0.700026	0	10.232	0	
38228	27.0794	0	2.62236	0	0.683828	0	9.51023	0	
38320	29.61	0	2.63982	0	0.72297	0	9.18871	0	
38410	28.5388	0	2.66801	0	0.705843	0	10.5105	0	
38501	27.8978	0	2.76031	0	0.704157	0	11.2702	0	
38590	28.4555	0	2.63722	0	0.709318	0	9.74761	0	
38679	29.3753	0	2.64938	0	0.735632	0	9.4914	0	
38768	27.6838	0	2.65869	0	0.729955	0	10.0683	0	
38857	29.3393	0	2.6542	0	0.737179	0	9.69936	0	
38949	27.5645	0	2.69587	0	0.714305	0	10.694	0	
39040	28.3182	0	2.81455	0	0.700956	0	9.08666	0	
39129	29.1957	0	2.67017	0	0.735636	0	8.88993	0	
39217	29.1425	0	2.66219	0	0.735203	0	9.89275	0	
39310	27.5779	0	2.81563	0	0.717274	0	10.3981	0	
39403	27.3601	0	2.69748	0	0.719525	0	9.53234	0	
39495	28.1062	0	2.68017	0	0.729698	0	9.84922	0	
39585	27.3072	0	2.73483	0	0.72024	0	10.1421	0	
39675	27.2588	0	2.74157	0	0.727874	0	11.1405	0	
39763	27.9472	0	2.70649	0	0.734598	0	10.9261	0	
39856	27.1792	0	2.74392	0	0.7282	0	9.55613	0	
39948	28.7949	0	2.80086	0	0.748748	0	10.2384	0	
40039	26.3684	0	2.81429	0	0.750914	0	10.1676	0	
40130	27.2655	0	2.80668	0	0.729139	0	10.9942	0	
40221	28.7137	0	2.76497	0	0.723992	0	9.34933	0	
40313	27.7532	0	2.72751	0	0.73523	0	10.2206	0	
40404	26.9918	0	2.7643	0	0.73095	0	10.9937	0	
40496	26.928	0	2.87474	0	0.738009	0	10.3274	0	
40586	28.5567	0	2.79177	0	0.734054	0	10.134	0	
40678	27.5598	0	2.82265	0	0.734506	0	9.93194	0	
40773	25.4016	0	2.75234	0	0.736184	0	10.8807	0	
40866	27.479	0	2.83135	0	0.760497	0	10.4135	0	
40958	27.4598	0	2.75494	0	0.766951	0	10.1684	0	
41049	27.4479	0	2.74475	0	0.769384	0	12.667	0	
41140	26.8141	0	2.75901	0	0.745849	0	12.2269	0	
41232	28.2215	0	2.80576	0	0.74173	0	10.9724	0	
41325	28.1754	0	2.81794	0	0.747912	0	10.3621	0	
41415	28.1631	0	2.66667	0	0.743143	0	11.121	0	
41507	28.1456	0	2.86671	0	0.744874	0	11.1605	0	
41598	25.1399	0	2.77938	0	0.74837	0	11.8256	0	
41688	26.4555	0	2.83456	0	0.753166	0	10.2697	0	
41777	27.1001	0	2.80079	0	0.753253	0	10.3823	0	
41869	27.9497	0	2.94923	0	0.74991	0	10.4232	0	
41960	28.0013	0	2.80313	0	0.761619	0	10.6769	0	
42050	27.0185	0	2.85915	0	0.756678	0	11.9939	0	
42143	27.9043	0	2.84982	0	0.757014	0	10.2728	0	
42232	27.7817	0	2.80118	0	0.753536	0	11.9123	0	
42324	24.8517	0	2.82833	0	0.759643	0	11.9211	0	
42416	27.7925	0	2.81696	0	0.787055	0	11.5903	0	
42507	24.7361	0	2.90168	0	0.793745	0	11.6744	0	
42599	27.683	0	2.82182	0	0.788205	0	11.2387	0	
42692	27.6759	0	2.82568	0	0.768744	0	10.3839	0	
42783	24.6372	0	2.74805	0	0.775912	0	11.3094	0	
42881	26.12	0	2.83825	0	0.795914	0	12.1154	0	
42972	27.5681	0	2.83651	0	0.769187	0	11.3831	0	
43064	27.491	0	2.89865	0	0.764148	0	10.7415	0	
43154	27.4096	0	2.85166	0	0.796997	0	10.9256	0	
43245	27.4109	0	2.85521	0	0.768912	0	13.1143	0	
43336	25.7955	0	2.86341	0	0.802204	0	10.5731	0	
43424	24.4172	0	2.85988	0	0.824606	0	11.1262	0	
43513	27.3077	0	2.91203	0	0.809858	0	11.0608	0	
43605	26.3951	0	2.88085	0	0.784947	0	10.4577	0	
43697	24.3141	0	2.86886	0	0.822675	0	12.0234	0	
43788	25.6652	0	2.88724	0	0.80616	0	11.3418	0	
43880	27.1801	0	2.93482	0	0.810851	0	12.1962	0	
43973	27.1086	0	2.95504	0	0.785551	0	10.7514	0	
44066	25.4972	0	2.93404	0	0.785487	0	10.9959	0	
44155	27.054	0	2.8863	0	0.782841	0	12.3159	0	
44245	26.0736	0	2.94987	0	0.810547	0	11.0473	0	
44336	27.0002	0	2.94141	0	0.814499	0	12.1592	0	
44431	24.0086	0	2.8954	0	0.831557	0	12.1372	0	
44521	25.3699	0	2.96769	0	0.820655	0	12.2927	0	
44613	25.2547	0	2.89709	0	0.816165	0	11.1635	0	
44706	25.3022	0	2.97039	0	0.820956	0	12.0947	0	
44797	25.3398	0	3.01033	0	0.836545	0	12.5295	0	
44886	26.7061	0	2.97364	0	0.79761	0	11.8906	0	
44978	25.329	0	2.92789	0	0.824084	0	11.7182	0	
45070	24.3218	0	3.03071	0	0.799538	0	11.9383	0	
45162	25.1167	0	2.9851	0	0.794838	0	12.6922	0	
45251	25.0871	0	3.03751	0	0.828207	0	11.8929	0	
45343	25.6617	0	2.85885	0	0.85297	0	11.5699	0	
45434	23.6839	0	3.00925	0	0.845616	0	12.1536	0	
45523	26.5502	0	3.01639	0	0.846841	0	12.6109	0	
45614	25.58	0	2.94502	0	0.811665	0	12.3269	0	
45703	23.6457	0	3.0217	0	0.836935	0	11.902	0	
45795	24.996	0	2.97242	0	0.863012	0	12.3908	0	
45887	24.8918	0	2.96514	0	0.812736	0	11.1152	0	
45978	24.7989	0	3.12709	0	0.81186	0	12.8374	0	
46070	24.1065	0	2.97559	0	0.864777	0	11.8337	0	
46160	24.0437	0	2.97618	0	0.865224	0	13.0567	0	
46252	24.0381	0	2.9815	0	0.820747	0	13.8806	0	
46344	24.6569	0	2.98802	0	0.815674	0	11.9851	0	
46435	24.648	0	3.15512	0	0.843801	0	12.9362	0	
46526	24.6365	0	2.90514	0	0.82828	0	11.9142	0	
46616	25.9954	0	2.9877	0	0.825433	0	11.5229	0	
46707	24.715	0	3.05099	0	0.868886	0	13.5833	0	
46799	24.651	0	3.0542	0	0.850258	0	11.9697	0	
46892	24.4661	0	3.08908	0	0.827689	0	11.5844	0	
46982	23.8277	0	3.06971	0	0.852635	0	12.7266	0	
47075	24.3799	0	2.91995	0	0.831011	0	12.6918	0	
47164	24.4168	0	3.00691	0	0.829625	0	12.6368	0	
47257	23.6504	0	3.0285	0	0.879908	0	13.6653	0	
47346	24.4209	0	3.07917	0	0.843246	0	12.3916	0	
47435	24.294	0	3.03003	0	0.835902	0	12.2305	0	
47523	24.2242	0	3.03877	0	0.861426	0	12.5836	0	
47612	24.2024	0	2.95489	0	0.839004	0	13.6277	0	
47701	24.1536	0	3.25294	0	0.84402	0	12.0916	0	
47792	24.2509	0	3.10284	0	0.870128	0	11.9445	0	
47884	23.4626	0	3.11623	0	0.888822	0	12.7887	0	
47974	24.074	0	3.06756	0	0.84331	0	14.0545	0	
48066	24.1643	0	3.16442	0	0.868614	0	12.3062	0	
48157	23.3012	0	3.10681	0	0.891094	0	12.6708	0	
48246	24.0543	0	2.97325	0	0.851445	0	11.7299	0	
48339	23.906	0	3.06901	0	0.876245	0	14.2105	0	
48428	23.8979	0	3.06808	0	0.849002	0	13.2867	0	
48519	23.2086	0	2.93485	0	0.878219	0	15.4381	0	
48608	23.2142	0	3.14712	0	0.879562	0	15.7559	0	
48700	23.7759	0	3.07704	0	0.847565	0	14.481	0	
48790	23.0937	0	3.05073	0	0.856981	0	14.2958	0	
48880	24.2922	0	3.16701	0	0.88207	0	13.2937	0	
48972	25.0507	0	3.09346	0	0.888868	0	13.5459	0	
49061	23.6707	0	3.10906	0	0.855359	0	13.6069	0	
49153	22.9818	0	3.05887	0	0.907473	0	14.191	0	
49244	23.6065	0	3.00029	0	0.866687	0	13.9621	0	
49336	23.7333	0	2.90319	0	0.863813	0	12.9979	0	
49429	21.5977	0	3.08233	0	0.910469	0	14.909	0	
49521	22.8801	0	3.08122	0	0.907042	0	14.1049	0	
49617	24.7759	0	3.10137	0	0.863166	0	12.5847	0	
49708	22.8059	0	3.07321	0	0.896506	0	15.0479	0	
49800	22.2575	0	3.09382	0	0.915545	0	14.5682	0	
49893	22.7242	0	3.13252	0	0.874649	0	15.5775	0	
49983	22.7531	0	3.09951	0	0.901505	0	14.599	0	
50075	24.6552	0	3.14906	0	0.872756	0	13.9552	0	
50167	23.8016	0	3.13139	0	0.901103	0	15.9729	0	
50258	24.6568	0	3.14547	0	0.875002	0	13.8967	0	
50348	21.3422	0	3.21752	0	0.876632	0	14.633	0	
50438	21.3113	0	3.1644	0	0.925742	0	14.076	0	
50530	21.2533	0	3.07454	0	0.889469	0	13.1754	0	
50622	21.9796	0	3.13424	0	0.927152	0	15.6356	0	
50710	21.9904	0	3.01888	0	0.926158	0	15.4182	0	
50799	21.2085	0	3.07103	0	0.915706	0	15.3054	0	
50888	21.891	0	3.24154	0	0.906531	0	15.4664	0	
50978	22.9716	0	3.24298	0	0.926688	0	13.6808	0	
51069	21.1188	0	3.18034	0	0.934471	0	14.4352	0	
51158	22.3155	0	3.18478	0	0.916915	0	16.3744	0	
51246	21.8034	0	3.13693	0	0.934413	0	14.6921	0	
51338	21.7227	0	3.16392	0	0.913969	0	15.3112	0	
51429	24.1965	0	3.19192	0	0.94357	0	13.3019	0	
51518	21.6734	0	3.18541	0	0.892262	0	13.9906	0	
51608	24.0539	0	3.17719	0	0.935705	0	15.1023	0	
51698	22.742	0	3.0635	0	0.934492	0	13.6391	0	
51790	24.0283	0	3.1556	0	0.898468	0	13.4848	0	
51881	23.2021	0	3.21411	0	0.896682	0	14.3453	0	
51954	24.007	0	3.17316	0	0.938859	0	14.6333	0	
52043	23.9806	0	3.13	0	0.931589	0	14.4836	0	
52133	23.8609	0	3.076	0	0.955004	0	13.6154	0	
52223	21.4473	0	3.22755	0	0.925598	0	16.4466	0	
52316	23.8117	0	3.19887	0	0.932012	0	14.3685	0	
52408	22.9698	0	3.13013	0	0.942728	0	13.5469	0	
52500	23.808	0	3.18481	0	0.911916	0	15.7561	0	
52593	22.9539	0	3.23409	0	0.934597	0	15.5051	0	
52683	21.8122	0	3.26261	0	0.931905	0	14.8197	0	
52774	21.2856	0	3.26491	0	0.960554	0	13.6083	0	
52862	22.8671	0	3.25464	0	0.912603	0	16.304	0	
52954	21.2201	0	3.26052	0	0.940921	0	14.2426	0	
53046	21.2019	0	3.25829	0	0.944619	0	15.7715	0	
53138	22.7483	0	3.22761	0	0.949031	0	14.7961	0	
53231	22.7625	0	3.22817	0	0.964543	0	14.9064	0	
53320	21.1266	0	3.26758	0	0.961721	0	15.7934	0	
53412	23.4258	0	3.12731	0	0.973187	0	14.6919	0	
53504	23.3971	0	3.3425	0	0.94537	0	14.9443	0	
53594	22.625	0	3.08672	0	0.922524	0	15.8147	0	
53686	22.1192	0	3.17403	0	0.917925	0	14.6011	0	
53779	20.9994	0	3.34563	0	0.958488	0	15.3061	0	
53870	20.913	0	3.31513	0	0.974233	0	14.6322	0	
53960	21.2183	0	3.19165	0	0.920538	0	14.0537	0	
54052	23.1876	0	3.39979	0	0.845383	0	16.3121	0	
54142	22.3697	0	3.26403	0	0.92885	0	16.0805	0	
54232	20.8067	0	3.31033	0	0.949235	0	15.3567	0	
54323	20.8474	0	3.21141	0	0.986323	0	16.2701	0	
54412	21.1163	0	3.16492	0	0.985633	0	14.7188	0	
54502	20.7564	0	3.10486	0	0.981545	0	15.827	0	
54594	20.7384	0	3.28851	0	0.941701	0	16.1823	0	
54683	21.7328	0	3.10492	0	0.938636	0	15.2696	0	
54776	20.6673	0	3.24022	0	0.944862	0	14.3542	0	
54866	20.6198	0	3.23631	0	0.978617	0	16.1118	0	
54959	19.9213	0	3.29422	0	0.982144	0	14.5876	0	
55051	22.8854	0	3.33028	0	0.989493	0	13.7033	0	
55143	22.0355	0	3.29761	0	0.969518	0	15.2013	0	
55235	21.5168	0	3.34753	0	0.937929	0	17.0678	0	
55327	20.4688	0	3.25666	0	0.956319	0	14.6977	0	
55418	19.8571	0	3.31163	0	0.956482	0	14.7707	0	
55511	20.7254	0	3.30152	0	0.965763	0	15.3457	0	
55600	21.9072	0	3.32162	0	0.990552	0	17.0431	0	
55692	21.3604	0	3.08102	0	1.04718	0	14.8427	0	
55781	20.3732	0	3.33059	0	0.976975	0	14.826	0	
55873	20.3287	0	3.43927	0	0.949798	0	15.9147	0	
55965	21.7607	0	3.15434	0	0.99124	0	14.926	0	
56057	21.4748	0	3.27593	0	0.957642	0	15.7472	0	
56146	21.4138	0	3.33842	0	1.0161	0	16.2272	0	
56237	20.6556	0	3.29585	0	0.985853	0	16.8551	0	
56326	21.2198	0	3.32743	0	0.957893	0	15.0686	0	
56416	20.1686	0	3.29061	0	0.964601	0	16.9713	0	
56505	19.4129	0	3.30095	0	1.00179	0	16.107	0	
56598	20.12	0	3.38764	0	0.960286	0	15.0858	0	
56691	21.1738	0	3.30374	0	0.977743	0	16.5068	0	
56783	20.0459	0	3.47868	0	1.02759	0	16.7642	0	
56874	20.3084	0	3.31751	0	0.994455	0	14.9371	0	
56967	19.3565	0	3.29748	0	0.996327	0	15.7209	0	
57057	20.9531	0	3.30159	0	0.984914	0	16.496	0	
57146	20.9546	0	3.36181	0	1.00628	0	16.575	0	
57239	19.9387	0	3.48613	0	1.00493	0	16.4848	0	
57327	20.9042	0	3.25868	0	1.00605	0	16.7463	0	
57416	20.8892	0	3.38269	0	0.969708	0	16.7563	0	
57505	19.1832	0	3.31998	0	1.02566	0	16.6459	0	
57597	20.1783	0	3.32194	0	0.969127	0	15.6212	0	
57686	19.7348	0	3.50749	0	0.98112	0	15.8123	0	
57778	20.7134	0	3.38844	0	1.01755	0	16.6984	0	
57868	20.03	0	3.35071	0	0.980101	0	16.3873	0	
57957	19.0147	0	3.34538	0	1.02652	0	15.998	0	
58046	19.9403	0	3.34688	0	0.98685	0	15.1557	0	
58138	20.018	0	3.33416	0	0.980348	0	15.7118	0	
58230	20.6894	0	3.3506	0	0.984755	0	16.0882	0	
58323	18.8621	0	3.35457	0	1.02161	0	16.5196	0	
58415	19.9535	0	3.34638	0	1.02122	0	15.7804	0	
58508	19.4823	0	3.36344	0	1.01587	0	16.0286	0	
58600	20.6065	0	3.31614	0	1.03302	0	15.6737	0	
58690	18.81	0	3.36577	0	0.988329	0	16.114	0	
58783	19.8401	0	3.35042	0	0.983052	0	17.5845	0	
58874	20.3653	0	3.37171	0	1.03812	0	15.3796	0	
58963	19.3937	0	3.45349	0	1.05312	0	15.5134	0	
59054	18.702	0	3.48787	0	0.999556	0	15.6741	0	
59145	19.7516	0	3.44396	0	1.00173	0	17.1097	0	
59235	20.2811	0	3.49715	0	1.03627	0	14.9211	0	
59324	18.6461	0	3.56508	0	1.06662	0	15.7992	0	
59414	19.2442	0	3.40393	0	1.00533	0	15.7379	0	
59503	18.6147	0	3.36503	0	1.0262	0	16.4485	0	
59592	19.5866	0	3.35434	0	1.00561	0	15.8227	0	
59681	20.0955	0	3.30176	0	1.0353	0	16.1966	0	
59766	18.4387	0	3.33514	0	0.994703	0	15.6062	0	
59867	19.122	0	3.39335	0	1.03028	0	17.0835	0	
59959	20.0683	0	3.42175	0	1.01376	0	16.4709	0	
60051	19.0048	0	3.31455	0	0.988072	0	15.9665	0	
60143	19.264	0	3.48255	0	1.00628	0	15.7246	0	
60233	19.3332	0	3.4985	0	1.03556	0	16.0944	0	
60324	18.986	0	3.30011	0	0.923384	0	16.8863	0	
60416	19.8657	0	3.32473	0	0.957546	0	17.0154	0	
60508	19.947	0	3.32512	0	1.00352	0	15.2708	0	
60602	18.8958	0	3.42229	0	1.05296	0	16.0655	0	
60691	19.923	0	3.4363	0	1.01563	0	16.7646	0	
60782	19.8126	0	3.44827	0	1.05392	0	17.6079	0	
60873	19.8609	0	3.3268	0	1.02372	0	15.9076	0	
60965	18.1732	0	3.54659	0	1.06656	0	17.1303	0	
61054	20.0763	0	3.2086	0	1.02087	0	15.9882	0	
61144	19.0928	0	3.40442	0	1.0718	0	15.4706	0	
61234	19.7508	0	3.4301	0	1.02861	0	16.5903	0	
61325	18.6736	0	3.33827	0	1.01482	0	16.4033	0	
61417	18.7026	0	3.46891	0	1.0584	0	15.2085	0	
61508	19.6589	0	3.3541	0	1.03072	0	15.0885	0	
61600	17.9761	0	3.45957	0	1.02361	0	15.7845	0	
61692	19.5398	0	3.5733	0	1.06018	0	15.4487	0	
61780	19.4835	0	3.45924	0	1.00331	0	17.758	0	
61871	19.536	0	3.35208	0	1.02397	0	16.1091	0	
61964	19.4133	0	3.67247	0	1.05451	0	15.5127	0	
62053	17.8191	0	3.46859	0	1.02518	0	16.8516	0	
62143	19.713	0	3.67381	0	1.06209	0	15.2721	0	
62233	17.8407	0	3.48605	0	1.06111	0	16.0476	0	
62322	17.7901	0	3.37247	0	1.03292	0	16.317	0	
62410	18.6401	0	3.49174	0	1.02395	0	16.3075	0	
62500	18.3528	0	3.60964	0	1.03012	0	15.7374	0	
62593	18.3356	0	3.45572	0	1.04956	0	16.7824	0	
62681	19.3125	0	3.70771	0	1.03718	0	16.2458	0	
62774	18.6521	0	3.27184	0	1.04269	0	17.4027	0	
62862	18.2964	0	3.62914	0	1.04943	0	16.9242	0	
62951	18.4803	0	3.49831	0	1.04296	0	15.9936	0	
63042	20.1839	0	3.53239	0	1.07269	0	16.1279	0	
63135	18.1628	0	3.38091	0	1.04507	0	17.3165	0	
63227	18.1864	0	3.60984	0	1.05176	0	15.3478	0	
63317	18.3693	0	3.51794	0	1.05515	0	16.2003	0	
63407	18.9562	0	3.39999	0	1.01966	0	18.9753	0	
63499	18.0927	0	3.41797	0	1.03919	0	17.0522	0	
63591	18.0774	0	3.48113	0	1.07541	0	15.7596	0	
63680	17.4171	0	3.51879	0	1.04389	0	17.5538	0	
63770	18.8996	0	3.52204	0	1.08158	0	16.1623	0	
63862	17.361	0	3.53405	0	1.04906	0	16.9352	0	
63950	17.3697	0	3.42635	0	1.05642	0	18.7962	0	
64042	17.2825	0	3.61598	0	1.05617	0	16.5886	0	
64131	17.8934	0	3.61882	0	1.05193	0	17.4082	0	
64223	18.0383	0	3.55995	0	0.878361	0	17.3312	0	
64314	17.2507	0	3.63019	0	1.04527	0	16.925	0	
64403	18.1364	0	3.43832	0	1.07753	0	17.1036	0	
64492	17.2053	0	3.45274	0	1.05302	0	17.2895	0	
64582	17.7648	0	3.45377	0	1.05825	0	17.2016	0	
64671	17.1524	0	3.55662	0	1.00924	0	16.7673	0	
64764	17.7415	0	3.46882	0	1.06966	0	16.4658	0	
64853	17.9075	0	3.45484	0	1.06525	0	16.4831	0	
64943	17.0696	0	3.65986	0	1.03948	0	16.0851	0	
65033	17.0544	0	3.65282	0	1.0549	0	17.756	0	
65125	17.0782	0	3.58278	0	1.05279	0	17.7425	0	
65214	17.6193	0	3.673	0	1.06625	0	15.4961	0	
65306	18.5271	0	3.47169	0	1.07965	0	18.3184	0	
65399	17.8456	0	3.66204	0	1.10342	0	17.8819	0	
65491	18.3059	0	3.47231	0	1.04764	0	17.2364	0	
65588	18.2741	0	3.45471	0	1.09354	0	17.7386	0	
65679	16.8463	0	3.72071	0	1.07796	0	18.3479	0	
65769	17.4961	0	3.61866	0	1.08329	0	16.4536	0	
65862	18.2829	0	3.49449	0	1.0587	0	16.4665	0	
65954	16.8066	0	3.63326	0	1.06257	0	16.1884	0	
66044	18.2162	0	3.49638	0	1.08611	0	17.0048	0	
66133	16.7495	0	3.58282	0	1.08907	0	17.3622	0	
66222	16.7697	0	3.60501	0	1.08055	0	18.0283	0	
66312	16.7067	0	3.61652	0	0.965097	0	17.3616	0	
66400	16.743	0	3.4815	0	1.07979	0	17.4362	0	
66492	17.2514	0	3.62238	0	1.06647	0	17.8277	0	
66581	16.6587	0	3.72572	0	1.06809	0	17.7988	0	
66671	16.6079	0	3.51859	0	1.05686	0	17.8283	0	
66764	17.2167	0	3.7288	0	1.0921	0	18.9613	0	
66853	18.0558	0	3.64204	0	1.08947	0	18.4608	0	
66945	16.5976	0	3.50874	0	1.1369	0	17.1916	0	
67035	18.7875	0	3.63423	0	1.10115	0	16.02	0	
67125	16.4671	0	3.62642	0	1.08589	0	16.3953	0	
67217	17.0648	0	3.51258	0	1.12076	0	17.9652	0	
67306	17.2619	0	3.5269	0	1.04777	0	18.3571	0	
67395	17.014	0	3.65237	0	1.07125	0	16.8647	0	
67488	17.2813	0	3.49549	0	1.09864	0	17.9577	0	
67576	17.1354	0	3.55649	0	1.12753	0	18.491	0	
67666	16.9338	0	3.6526	0	1.10402	0	17.2297	0	
67757	16.3366	0	3.53977	0	1.09325	0	17.3665	0	
67850	16.9038	0	3.66814	0	1.09371	0	18.2693	0	
67942	16.2853	0	3.67824	0	1.11329	0	18.3359	0	
68031	17.0669	0	3.54067	0	1.10337	0	17.7761	0	
68124	16.3077	0	3.43664	0	1.09989	0	18.7134	0	
68216	16.2221	0	3.56138	0	1.07898	0	17.6838	0	
68309	16.2346	0	3.65854	0	1.06023	0	19.1612	0	
68400	16.1136	0	3.69766	0	1.05627	0	16.4434	0	
68492	16.7069	0	3.56961	0	0.922487	0	18.3478	0	
68583	17.4741	0	3.69054	0	1.10863	0	17.5717	0	
68672	16.6934	0	3.49412	0	1.08228	0	18.8187	0	
68766	16.6793	0	3.66923	0	1.0829	0	17.5408	0	
68859	15.9801	0	3.44848	0	1.06651	0	17.634	0	
68951	15.2497	0	3.57461	0	1.07176	0	17.8107	0	
69040	16.0545	0	3.57716	0	1.11961	0	19.2062	0	
69130	15.7458	0	3.54165	0	1.12486	0	18.5807	0	
69219	15.9833	0	3.71008	0	1.01975	0	17.987	0	
69309	15.9393	0	3.59952	0	1.05072	0	19.4311	0	
69398	16.4885	0	3.71335	0	1.03474	0	19.0063	0	
69490	15.9307	0	3.6022	0	1.13532	0	18.7092	0	
69581	15.9098	0	3.74134	0	1.12171	0	18.4249	0	
69672	16.5918	0	3.49131	0	1.07096	0	18.867	0	
69768	15.7696	0	3.58035	0	1.12863	0	19.3694	0	
69860	15.0538	0	3.61465	0	1.13049	0	17.6725	0	
69951	16.5393	0	3.74183	0	1.03826	0	18.5769	0	
70044	16.328	0	3.75707	0	1.12705	0	18.4639	0	
70136	16.3649	0	3.74017	0	1.0992	0	16.6126	0	
70225	14.9776	0	3.52104	0	1.07816	0	16.8857	0	
70315	16.4475	0	3.74964	0	1.05709	0	18.1591	0	
70404	17.0925	0	3.63743	0	1.14125	0	17.1468	0	
70493	16.3821	0	3.63789	0	1.13264	0	18.6638	0	
70584	16.1852	0	3.77737	0	1.11659	0	17.1085	0	
70673	14.8766	0	3.39862	0	1.14009	0	16.7943	0	
70765	16.1493	0	3.58038	0	1.11423	0	19.2356	0	
70855	15.5487	0	3.64991	0	1.14115	0	17.2676	0	
70947	15.4539	0	3.65482	0	1.14267	0	18.23	0	
71041	16.0485	0	3.53234	0	1.11756	0	16.701	0	
71141	15.9685	0	3.61378	0	1.12798	0	18.3031	0	
71231	14.7152	0	3.65023	0	1.07424	0	19.5513	0	
71328	16.0261	0	3.6133	0	1.1514	0	17.4887	0	
71419	16.0384	0	3.86437	0	1.14167	0	17.3715	0	
71511	15.3497	0	3.55193	0	1.1546	0	19.2225	0	
71601	14.6946	0	3.66092	0	1.09611	0	18.7956	0	
71693	15.386	0	3.54303	0	1.12203	0	17.997	0	
71781	14.6408	0	3.66356	0	1.11771	0	18.0837	0	
71872	15.3472	0	3.53223	0	1.0115	0	19.0147	0	
71962	14.5881	0	3.69384	0	1.11979	0	18.5042	0	
72053	14.5665	0	3.63518	0	1.13438	0	18.693	0	
72145	15.266	0	3.6866	0	1.167	0	18.0835	0	
72234	15.1936	0	3.68552	0	1.15659	0	17.8823	0	
72325	15.7504	0	3.69729	0	1.11902	0	18.1825	0	
72418	15.8859	0	3.69891	0	1.16955	0	19.5771	0	
72511	15.7246	0	3.67722	0	1.05108	0	18.7203	0	
72599	15.1307	0	3.70947	0	1.16437	0	17.9389	0	
72691	14.3775	0	3.6512	0	1.10209	0	18.2019	0	
72781	15.1063	0	3.8039	0	1.12689	0	17.1234	0	
72873	15.6011	0	3.57202	0	1.12968	0	18.3809	0	
72962	15.0815	0	3.79761	0	1.11602	0	19.283	0	
73054	14.9962	0	3.67789	0	1.14276	0	19.2704	0	
73146	15.5721	0	3.59136	0	1.17985	0	18.6486	0	
73235	15.0367	0	3.79815	0	1.1627	0	17.2827	0	
73326	14.9845	0	3.77991	0	1.12019	0	18.2015	0	
73415	15.4017	0	3.71293	0	1.15369	0	18.1441	0	
73505	15.3497	0	3.84141	0	1.09869	0	18.8881	0	
73595	14.9276	0	3.82058	0	1.16532	0	18.1099	0	
73683	14.1629	0	3.7323	0	1.13313	0	19.6051	0	
73773	14.6434	0	3.59845	0	1.15148	0	18.6848	0	
73865	14.1446	0	3.8159	0	1.0674	0	19.4949	0	
73957	14.1218	0	3.61359	0	1.10187	0	18.2501	0	
74049	16.0261	0	3.47871	0	1.12548	0	18.6479	0	
74137	13.4394	0	3.74342	0	1.03495	0	19.1089	0	
74229	14.509	0	3.59768	0	1.13335	0	17.1614	0	
74318	14.0243	0	3.81774	0	1.16975	0	18.9984	0	
74411	14.0216	0	3.6988	0	1.09577	0	19.2968	0	
74503	15.1895	0	3.75619	0	1.16778	0	18.9966	0	
74594	14.6677	0	3.73698	0	1.13972	0	19.966	0	
74684	13.9621	0	3.73254	0	1.16841	0	19.1869	0	
74776	14.6052	0	3.63651	0	1.16604	0	19.0502	0	
74869	13.8861	0	3.75326	0	1.13585	0	19.6406	0	
74962	15.0411	0	3.83664	0	1.14913	0	17.1937	0	
75053	13.8905	0	3.7314	0	1.12454	0	19.8405	0	
75146	13.8883	0	3.48963	0	1.08367	0	20.0878	0	
75237	13.8776	0	3.63499	0	1.12312	0	18.2559	0	
75328	13.8162	0	3.64251	0	1.10095	0	19.5436	0	
75418	13.8223	0	3.9139	0	1.15248	0	18.9089	0	
75511	13.7773	0	3.62941	0	1.1651	0	18.8546	0	
75603	14.8917	0	3.74908	0	1.13422	0	19.2334	0	
75696	13.7837	0	3.75702	0	1.07842	0	19.8222	0	
75788	13.1069	0	3.65874	0	1.19141	0	17.8788	0	
75881	13.6928	0	3.76499	0	1.14775	0	17.9464	0	
75972	14.1781	0	3.7828	0	1.21544	0	20.0922	0	
76065	13.6272	0	3.66036	0	1.22257	0	19.8072	0	
76157	14.3222	0	3.65258	0	1.18339	0	19.9271	0	
76247	14.0334	0	3.78787	0	1.0712	0	19.9989	0	
76336	14.2784	0	3.65808	0	1.14224	0	19.8187	0	
76427	14.6457	0	3.79176	0	1.07874	0	19.4827	0	
76519	14.6489	0	3.6763	0	1.12174	0	19.1704	0	
76616	14.2298	0	3.63904	0	1.12982	0	19.9907	0	
76706	13.9608	0	3.68282	0	1.223	0	19.1824	0	
76795	13.9625	0	3.64869	0	1.19591	0	18.2365	0	
76886	13.4605	0	3.7774	0	1.10453	0	18.0114	0	
76976	13.8697	0	3.54907	0	1.19013	0	19.322	0	
77067	14.1235	0	3.67109	0	1.14726	0	20.5145	0	
77157	13.3816	0	3.67855	0	1.11705	0	19.25	0	
77247	13.2405	0	3.57275	0	1.15029	0	20.6687	0	
77339	14.0587	0	3.68266	0	1.18506	0	20.2151	0	
77428	13.9855	0	3.70118	0	1.17998	0	20.0685	0	
77516	13.3724	0	3.69075	0	1.08838	0	19.6505	0	
77605	12.8222	0	3.69806	0	1.23364	0	18.378	0	
77694	13.7785	0	3.69689	0	1.15852	0	20.1319	0	
77783	13.827	0	3.68903	0	1.12515	0	19.6235	0	
77873	13.8929	0	3.69331	0	1.13162	0	19.9395	0	
77966	14.2806	0	3.61811	0	1.15995	0	18.3202	0	
78058	13.7974	0	3.72324	0	1.17746	0	18.4693	0	
78147	13.1631	0	3.7131	0	1.15977	0	19.8971	0	
78241	13.2483	0	3.61914	0	1.21441	0	20.3605	0	
78330	13.5697	0	3.73073	0	1.14153	0	18.8376	0	
78423	13.7306	0	3.5952	0	1.24336	0	19.8889	0	
78513	13.6286	0	3.72926	0	1.14247	0	19.1091	0	
78604	13.5552	0	3.59743	0	1.19744	0	20.0603	0	
78695	13.1271	0	3.71932	0	1.14552	0	20.2151	0	
78783	13.086	0	3.73898	0	1.2267	0	20.67	0	
78873	13.0675	0	3.86424	0	1.11148	0	20.9445	0	
78966	13.672	0	3.72006	0	1.12387	0	20.0444	0	
79055	13.6516	0	3.71895	0	1.07266	0	21.7723	0	
79145	13.4709	0	3.73019	0	1.17526	0	19.6888	0	
79237	13.3643	0	3.74047	0	1.18132	0	20.726	0	
79328	13.0077	0	3.72183	0	1.16547	0	21.6773	0	
79419	12.9441	0	3.72139	0	1.15792	0	21.3181	0	
79508	12.8962	0	3.62065	0	1.09605	0	19.3444	0	
79600	13.3415	0	3.87023	0	1.20181	0	20.5583	0	
79692	13.3404	0	3.73575	0	1.16647	0	20.6371	0	
79780	12.8293	0	3.83553	0	1.23193	0	21.4259	0	
79869	12.8409	0	3.72491	0	1.19995	0	18.8144	0	
79961	12.8066	0	3.7397	0	1.19332	0	19.3261	0	
80053	13.378	0	3.62811	0	1.2066	0	20.3517	0	
80141	13.4175	0	3.74222	0	1.13786	0	20.4455	0	
80234	12.7496	0	3.776	0	1.20475	0	20.7323	0	
80323	12.7682	0	3.7673	0	1.092	0	21.2877	0	
80415	13.8363	0	3.63471	0	1.2545	0	21.5507	0	
80505	12.7528	0	3.64526	0	1.17539	0	19.5491	0	
80593	12.6539	0	3.64379	0	1.0869	0	18.6831	0	
80683	13.8431	0	3.89254	0	1.15963	0	21.9008	0	
80774	12.7005	0	3.63004	0	1.16441	0	21.4571	0	
80865	13.1293	0	3.77241	0	1.30626	0	18.6156	0	
80956	13.0624	0	3.76096	0	1.21318	0	19.9802	0	
81046	12.6156	0	3.63978	0	1.10576	0	19.6392	0	
81135	12.6211	0	3.78696	0	1.16984	0	17.5717	0	
81224	12.9656	0	3.78941	0	1.13089	0	21.3261	0	
81317	13.1089	0	3.91232	0	1.22673	0	18.9725	0	
81408	12.4954	0	3.786	0	1.13575	0	19.9054	0	
81500	11.9891	0	3.64598	0	1.16389	0	20.1607	0	
81589	12.8451	0	3.6593	0	1.14495	0	20.5081	0	
81681	11.9866	0	3.89481	0	1.23279	0	19.2971	0	
81773	12.4751	0	3.55523	0	1.23645	0	21.6039	0	
81866	11.9124	0	3.74926	0	1.14174	0	22.2596	0	
81957	12.4218	0	3.78415	0	1.09934	0	21.4725	0	
82046	12.3766	0	3.77856	0	1.03926	0	20.8708	0	
82137	12.3434	0	4.05127	0	1.16393	0	21.8601	0	
82229	12.8609	0	4.05645	0	1.22423	0	20.9676	0	
82321	13.3754	0	3.80749	0	1.19357	0	18.7509	0	
82411	12.8368	0	3.80539	0	1.19744	0	19.9113	0	
82503	12.2439	0	3.94951	0	1.13763	0	20.7238	0	
82593	12.8273	0	3.68519	0	1.24861	0	20.0849	0	
82683	12.2604	0	3.92442	0	1.1805	0	21.461	0	
82776	11.7107	0	3.77761	0	1.08602	0	18.8612	0	
82864	12.1987	0	3.57404	0	1.25241	0	19.8213	0	
82955	13.3243	0	3.68551	0	1.28627	0	20.2214	0	
83044	12.1122	0	3.70709	0	1.26872	0	19.6191	0	
83136	12.1324	0	3.94598	0	1.22685	0	19.1955	0	
83225	12.0828	0	3.81926	0	1.14993	0	20.0409	0	
83317	12.1099	0	3.81347	0	1.13264	0	20.8773	0	
83410	11.635	0	3.80055	0	1.17699	0	22.6125	0	
83503	12.0161	0	3.91341	0	1.15912	0	21.0676	0	
83595	12.407	0	3.83384	0	1.23812	0	20.299	0	
83688	12.1218	0	3.84011	0	1.23124	0	23.577	0	
83780	12.5203	0	3.82547	0	1.24272	0	21.2237	0	
83870	11.9425	0	3.83597	0	1.16666	0	21.6922	0	
83960	11.9662	0	3.69908	0	1.19717	0	20.7073	0	
84052	12.5328	0	3.83156	0	1.28779	0	20.302	0	
84142	11.4943	0	3.71703	0	1.22279	0	20.2609	0	
84231	12.4124	0	3.93543	0	1.3724	0	21.6847	0	
84328	11.8571	0	3.82447	0	1.1895	0	23.4646	0	
84417	11.968	0	3.84228	0	1.29393	0	19.2659	0	
84509	11.8444	0	3.7233	0	1.22891	0	19.5426	0	
84602	11.8368	0	3.71621	0	1.11364	0	20.702	0	
84693	11.8622	0	3.85018	0	1.27166	0	20.4457	0	
84785	11.8736	0	3.98804	0	1.20322	0	20.477	0	
84874	10.8587	0	3.74346	0	1.21687	0	20.1327	0	
84966	12.278	0	3.74294	0	1.17029	0	20.4485	0	
85056	11.7911	0	3.72161	0	1.23293	0	21.8589	0	
85146	11.7068	0	3.62742	0	1.21994	0	21.5745	0	
85236	11.7574	0	3.87787	0	1.21493	0	20.7093	0	
85327	11.7222	0	3.73358	0	1.1957	0	21.7025	0	
85419	12.0719	0	3.74312	0	1.28027	0	20.5389	0	
85512	11.7003	0	3.86821	0	1.24075	0	21.6857	0	
85603	11.2604	0	3.6237	0	1.31376	0	21.3125	0	
85693	11.5788	0	3.7393	0	1.15908	0	22.1527	0	
85785	11.6467	0	3.99981	0	1.15557	0	22.2549	0	
85876	11.6322	0	3.96108	0	1.1991	0	23.2751	0	
85965	11.5859	0	3.7506	0	1.17665	0	22.7876	0	
86054	11.584	0	3.74885	0	1.27481	0	22.7396	0	
86145	11.0427	0	3.78629	0	1.30251	0	20.0775	0	
86235	11.4433	0	3.64563	0	1.14529	0	21.1789	0	
86328	11.0845	0	3.90707	0	1.18731	0	20.7125	0	
86417	11.5326	0	3.90068	0	1.0849	0	21.8451	0	
86509	11.5083	0	3.54767	0	1.22204	0	20.2629	0	
86598	11.7838	0	3.88521	0	1.35163	0	20.6284	0	
86689	11.4476	0	3.82883	0	1.2011	0	22.3459	0	
86782	10.9886	0	3.90556	0	1.14361	0	19.8699	0	
86870	11.0071	0	4.03521	0	1.24759	0	21.5576	0	
86960	10.4767	0	3.8834	0	1.21079	0	20.2999	0	
87051	11.3597	0	3.73977	0	1.25038	0	22.8793	0	
87145	11.7969	0	3.76285	0	1.24762	0	21.4515	0	
87236	11.375	0	3.76456	0	1.23853	0	20.9698	0	
87326	10.4769	0	3.87811	0	1.13603	0	23.0274	0	
87416	10.8354	0	3.88017	0	1.21388	0	21.8181	0	
87506	11.3244	0	3.88997	0	1.24487	0	20.696	0	
87596	10.369	0	3.76903	0	1.24786	0	22.0219	0	
87687	11.2496	0	3.79086	0	1.16581	0	20.8998	0	
87779	11.2757	0	3.91393	0	1.25088	0	23.1635	0	
87869	11.232	0	3.78884	0	1.2246	0	20.0454	0	
87959	11.2802	0	3.78743	0	1.18418	0	21.1539	0	
88051	10.2715	0	3.65862	0	1.10898	0	21.113	0	
88140	11.1011	0	3.79981	0	1.35711	0	22.0206	0	
88230	10.7457	0	3.80895	0	1.21995	0	21.6782	0	
88320	10.7362	0	3.8723	0	1.34253	0	23.1792	0	
88409	11.1417	0	3.67023	0	1.16834	0	22.7157	0	
88502	11.1565	0	3.9315	0	1.13141	0	19.5382	0	
88591	12.0267	0	3.91913	0	1.33346	0	22.2216	0	
88682	10.6632	0	3.91241	0	1.35233	0	21.8508	0	
88778	11.0564	0	3.80878	0	1.22804	0	23.1956	0	
88869	11.3838	0	3.79065	0	1.36769	0	20.9078	0	
88961	10.5761	0	3.95195	0	1.27372	0	20.2434	0	
89053	10.5599	0	3.90278	0	1.25419	0	20.6381	0	
89145	10.9395	0	3.94232	0	1.27138	0	21.8162	0	
89234	11.3052	0	3.93726	0	1.27963	0	21.2439	0	
89328	10.9252	0	3.93784	0	1.3067	0	19.41	0	
89418	10.9762	0	3.81861	0	1.33743	0	20.4739	0	
89507	10.9108	0	3.81128	0	1.26268	0	22.0294	0	
89599	10.5673	0	3.80941	0	1.27658	0	20.9737	0	
89692	10.4237	0	3.80519	0	1.22467	0	20.9367	0	
89782	10.7867	0	3.95524	0	1.24426	0	21.8262	0	
89874	10.4392	0	3.60038	0	1.27654	0	21.6759	0	
89963	10.8198	0	3.81969	0	1.31281	0	21.4594	0	
90056	10.3938	0	3.69231	0	1.30977	0	20.9121	0	
90148	10.7915	0	3.82789	0	1.29563	0	19.6522	0	
90241	10.3428	0	3.95413	0	1.27942	0	19.8881	0	
90330	10.714	0	3.86805	0	1.2873	0	18.7242	0	
90423	10.2703	0	3.85675	0	1.31075	0	19.538	0	
90513	10.7381	0	3.84278	0	1.27136	0	20.1529	0	
90604	10.3375	0	3.7617	0	1.35595	0	19.6771	0	
90697	10.6666	0	3.7251	0	1.22194	0	20.1309	0	
90790	11.0624	0	3.82149	0	1.25137	0	20.7202	0	
90879	10.6652	0	3.88331	0	1.30114	0	21.2509	0	
90971	9.833	0	3.63222	0	1.2861	0	22.0346	0	
91063	9.61592	0	3.87532	0	1.32984	0	19.2185	0	
91159	9.89806	0	3.81375	0	1.24113	0	20.1738	0	
91250	9.37075	0	3.97893	0	1.26903	0	20.0628	0	
91342	10.3307	0	3.98023	0	1.21213	0	20.9685	0	
91435	9.92777	0	3.75495	0	1.25558	0	17.8754	0	
91525	9.85279	0	4.00262	0	1.29	0	18.9045	0	
91613	10.2703	0	3.98599	0	1.31335	0	21.9574	0	
91705	9.49574	0	3.70235	0	1.29139	0	24.4224	0	
91794	10.2134	0	3.87065	0	1.34644	0	20.4975	0	
91885	9.79821	0	3.99867	0	1.28513	0	19.6493	0	
91978	10.2701	0	3.86264	0	1.24857	0	20.7069	0	
92071	9.6672	0	3.7658	0	1.24583	0	20.8295	0	
92162	9.27298	0	4.03196	0	1.24158	0	19.5236	0	
92255	9.80491	0	3.76052	0	1.31816	0	20.6619	0	
92348	10.1574	0	3.98659	0	1.28463	0	22.3339	0	
92440	9.6746	0	3.88357	0	1.26634	0	19.7439	0	
92532	9.66731	0	3.7443	0	1.33279	0	20.756	0	
92622	9.63685	0	4.0155	0	1.29299	0	20.4819	0	
92721	9.18937	0	3.72135	0	1.20683	0	24.095	0	
92813	10.0866	0	4.14641	0	1.32303	0	21.3678	0	
92903	9.26886	0	3.90181	0	1.27683	0	19.6831	0	
92993	10.0351	0	4.01677	0	1.32297	0	21.3928	0	
