saccharose	alpha-glucose	beta-glucose	fructose
50.938	0.0560519	0.0089122	0.0532067
50.8876	0.0811853	0.0100483	0.113395
50.8332	0.103627	0.00958562	0.118683
50.9525	0.123608	0.00939351	0.12044
50.8683	0.12954	0.00998188	0.143952
50.6682	0.14158	0.00959397	0.157803
50.5849	0.158718	0.00989478	0.137409
50.6086	0.174806	0.0108027	0.200657
50.5747	0.189563	0.00976625	0.213035
50.5526	0.197901	0.0104345	0.201174
50.4383	0.215576	0.0106892	0.221029
50.3697	0.228235	0.0109895	0.279952
50.3548	0.227356	0.0106527	0.31589
50.4109	0.257342	0.0112393	0.30599
50.3113	0.268911	0.0116901	0.303787
50.1784	0.301643	0.0111973	0.227381
50.1574	0.297985	0.0120888	0.391169
50.2397	0.305085	0.0105896	0.44205
49.9461	0.319695	0.0118096	0.495337
49.9848	0.322666	0.0123971	0.436613
49.8004	0.353282	0.0119153	0.516421
46.0672	0.360202	0.0144559	0.555773
49.9289	0.371111	0.0119501	0.649984
46.017	0.3853	0.0123211	0.573411
48.5283	0.393665	0.0126388	0.68966
49.6082	0.400471	0.0127228	0.716912
49.6511	0.406282	0.0134793	0.741921
49.5759	0.436411	0.0135612	0.833581
45.5031	0.431949	0.0138082	0.731001
48.2121	0.461401	0.0136477	0.756051
49.2953	0.457969	0.0143156	0.813821
49.3426	0.452412	0.0145266	0.813448
49.2097	0.468726	0.014386	0.827418
47.9053	0.473602	0.0150582	1.03378
49.0521	0.483495	0.0156326	0.908431
45.4735	0.527915	0.0148356	0.993583
49.0743	0.546638	0.0159312	0.863396
48.9747	0.528122	0.0154676	1.06987
48.8895	0.536414	0.0153903	1.15588
48.909	0.536449	0.0160552	1.10596
48.9216	0.567459	0.0159887	1.22654
48.822	0.568727	0.0158787	1.06874
48.8014	0.576888	0.0165091	1.18005
48.644	0.599519	0.0174371	1.24863
48.6614	0.611815	0.0204107	1.22567
48.5403	0.620478	0.0222272	1.32603
48.4733	0.625292	0.0232866	1.35532
44.6758	0.634381	0.0174547	1.38982
47.1079	0.643915	0.0215017	1.45276
44.8611	0.648097	0.0233967	1.38215
48.3886	0.634443	0.0288859	1.56611
48.1948	0.67147	0.0281962	1.5088
48.326	0.681758	0.0328102	1.44254
48.1747	0.684606	0.0340441	1.56936
44.3662	0.7016	0.0344803	1.59112
48.0553	0.703165	0.0354926	1.57696
48.0148	0.713598	0.038108	1.72691
47.9253	0.717309	0.0380363	1.69161
47.887	0.726564	0.0395988	1.60374
47.8573	0.726874	0.0490041	1.80093
47.8535	0.733911	0.0466487	1.81121
47.7094	0.805481	0.0505106	1.74801
39.5657	0.779583	0.0543112	1.74417
47.6022	0.765135	0.0495256	1.79079
39.5946	0.801305	0.0574101	1.80077
47.5424	0.810452	0.0572437	1.97482
47.4782	0.789447	0.0605422	1.92748
47.4237	0.794325	0.0608716	1.91446
47.3435	0.791334	0.0586203	2.01333
47.251	0.798088	0.0654971	1.85588
46.0575	0.815823	0.0676337	2.07411
47.3412	0.817512	0.0727638	1.97865
47.1435	0.860821	0.0756622	2.29631
47.1554	0.869892	0.0745151	2.28141
47.0728	0.842319	0.0850729	2.16371
46.9535	0.873631	0.0842188	2.11457
46.9077	0.856992	0.0843849	2.17483
46.7959	0.926113	0.0857658	2.35155
46.6423	0.866583	0.0865317	2.15875
46.7803	0.908566	0.0876435	2.29406
46.7437	0.893289	0.0969519	2.44201
46.7028	0.935515	0.100143	2.16596
45.233	0.978208	0.100398	2.27262
46.4636	0.938003	0.102971	2.43382
46.4368	0.976567	0.104823	2.34793
46.4092	0.918866	0.102221	2.47684
46.2339	0.915929	0.10635	2.63517
45.0473	0.928487	0.109208	2.40015
42.7036	0.945174	0.115279	2.63485
46.1914	0.977291	0.112633	2.68482
44.8261	0.975728	0.113764	2.80619
46.0431	0.994031	0.120072	2.78557
46.0805	0.992117	0.121916	2.45952
41.5273	0.975822	0.125568	2.85056
46.0107	0.975642	0.131183	2.75997
45.9335	1.01643	0.132551	2.69975
45.8163	1.0297	0.13294	2.76332
45.7535	1.0352	0.135571	3.02926
44.4954	1.04293	0.131847	2.91591
45.6769	1.09058	0.135316	2.77382
45.5919	1.08338	0.138688	2.90083
45.5057	1.05749	0.141139	2.97253
45.4707	1.09767	0.137997	2.97464
45.398	1.11169	0.152456	3.08096
45.3808	1.02361	0.149107	3.10461
44.0247	1.0351	0.149396	3.0594
45.276	1.13875	0.155793	3.32447
43.8518	1.14438	0.153222	3.22427
45.0957	1.06609	0.159727	3.38076
45.1446	1.11337	0.15891	3.27081
44.9822	1.11575	0.165593	3.22678
45.0091	1.12991	0.166254	3.36943
43.5924	1.12183	0.168555	3.37689
44.8854	1.09812	0.165344	3.21381
44.8615	1.1829	0.17152	3.58281
44.7295	1.15509	0.179208	3.44293
44.642	1.15269	0.175245	3.33027
44.637	1.12322	0.179376	3.16467
44.6028	1.12521	0.178348	3.71683
43.3096	1.17699	0.174275	3.58576
44.545	1.18559	0.189803	3.59218
43.1781	1.18617	0.184858	3.57829
41.0078	1.18982	0.195468	3.74518
40.9355	1.24316	0.197322	3.4595
44.3253	1.19851	0.190107	3.4496
44.248	1.21566	0.19693	3.76617
42.7592	1.16668	0.1917	3.64586
44.1828	1.2155	0.199941	4.06126
44.0015	1.2312	0.197168	3.77308
40.8569	1.2615	0.188949	3.95835
43.9915	1.23685	0.208404	3.87142
43.9471	1.24305	0.210185	4.03069
42.5612	1.25239	0.204945	3.64789
43.762	1.28006	0.213065	4.11294
43.7063	1.25856	0.208234	3.91546
43.6225	1.33761	0.212496	4.31984
42.3929	1.2767	0.212755	4.20363
43.5765	1.29877	0.21129	4.32335
40.195	1.2267	0.216216	4.12366
43.4653	1.29568	0.228813	4.15194
42.1225	1.29461	0.224004	3.88349
40.1776	1.25725	0.226805	4.02498
41.939	1.34743	0.224697	4.11716
43.2661	1.31142	0.2303	4.54622
41.8855	1.32845	0.234547	4.43011
43.1097	1.28346	0.227382	4.20028
39.8388	1.32228	0.236705	4.50883
42.968	1.34026	0.240793	4.46819
42.9486	1.3435	0.237344	4.69886
43.0133	1.34803	0.243214	4.35641
42.8429	1.37716	0.243477	4.13003
42.7696	1.37562	0.246922	4.74855
42.7749	1.36956	0.249204	4.54425
42.7033	1.36976	0.250414	4.72772
42.6705	1.44438	0.252313	4.3421
39.7008	1.34605	0.253465	4.61839
39.6013	1.32994	0.253387	5.10396
41.2422	1.40917	0.265312	4.51782
42.4508	1.39306	0.270408	5.03327
42.4492	1.42556	0.271593	4.55774
42.3201	1.40495	0.262609	4.95304
39.305	1.41275	0.261976	5.3656
39.3613	1.42422	0.2678	4.9678
42.1114	1.43018	0.269246	5.28782
42.0974	1.42857	0.271954	5.71614
42.1053	1.45754	0.281872	5.34521
40.7857	1.46159	0.273271	5.56673
41.9824	1.46306	0.285585	5.76142
39.0529	1.50635	0.278544	5.48771
41.8602	1.47347	0.288571	4.95377
40.54	1.41552	0.278731	5.37727
41.8257	1.49548	0.284232	5.50136
41.664	1.49156	0.293727	5.64318
38.5564	1.48012	0.286058	5.26232
41.5729	1.53836	0.287297	5.4153
41.4794	1.53828	0.300825	5.28337
41.5591	1.53646	0.288492	5.46498
41.5494	1.53277	0.285652	5.52655
41.3856	1.52405	0.280218	5.2994
38.5762	1.48103	0.279799	5.89722
38.4989	1.55027	0.285901	5.8205
38.2767	1.55682	0.291388	5.52802
41.1779	1.53969	0.299103	5.82155
41.0929	1.54463	0.297354	6.19131
41.0626	1.57695	0.297187	5.4182
38.3089	1.61662	0.300448	5.61238
39.7113	1.62153	0.304349	6.093
40.8512	1.5845	0.291499	5.87441
40.7881	1.55856	0.294406	5.76162
40.8408	1.60284	0.316602	6.22395
39.4335	1.56339	0.29107	6.15404
39.5165	1.63313	0.298546	5.70452
40.6183	1.60346	0.307698	6.05732
37.6656	1.59435	0.312691	6.45706
40.579	1.57564	0.316269	5.80779
37.8993	1.6467	0.330504	6.17968
39.2036	1.67583	0.318272	5.71526
36.5752	1.6226	0.332007	6.21713
39.0691	1.57013	0.331624	7.02336
37.4233	1.64379	0.322086	6.13031
39.0585	1.66799	0.333381	6.43547
37.3408	1.61258	0.325944	6.63658
40.1589	1.64826	0.328343	6.57309
40.0518	1.67544	0.330428	6.61475
40.0778	1.66582	0.331696	6.0071
39.9478	1.69464	0.331146	6.02376
39.9586	1.71337	0.345092	5.75464
39.8333	1.76339	0.335521	6.18925
39.7761	1.68872	0.349652	6.84978
36.1092	1.71082	0.349813	6.94202
39.7612	1.69799	0.340079	6.7301
39.7099	1.71497	0.343714	6.33016
39.5838	1.73642	0.353696	6.03634
39.5849	1.79592	0.355648	6.32536
36.629	1.77299	0.356646	6.66784
39.4436	1.73607	0.34134	6.24746
39.3672	1.74303	0.355986	6.92007
39.2858	1.689	0.343875	6.06896
39.2762	1.75101	0.361506	6.47121
39.1905	1.83957	0.361531	6.27221
39.2005	1.73546	0.36012	6.3541
36.4519	1.75834	0.369746	6.16459
39.0725	1.85061	0.376339	6.24684
39.0367	1.84211	0.373835	6.34838
38.9254	1.7588	0.364059	6.16392
38.9477	1.76931	0.370208	6.91694
36.41	1.79466	0.366626	6.72826
36.1753	1.78496	0.381407	7.53879
36.0987	1.8243	0.380438	6.81136
38.6795	1.81119	0.379657	6.70372
38.6447	1.82531	0.386356	6.59756
38.5636	1.84428	0.387692	6.44255
37.3861	1.82661	0.394311	6.24815
37.2838	1.83194	0.395323	6.71063
38.3724	1.83679	0.379758	6.43262
37.1699	1.81371	0.384258	6.03402
38.3258	1.85215	0.394561	6.20896
38.1712	1.79729	0.400098	6.31164
35.7691	1.85193	0.405805	6.32557
38.068	1.7778	0.400879	6.17546
38.0742	1.87173	0.402031	6.2354
38.0111	1.87473	0.405585	7.27241
35.5781	1.86453	0.391624	5.87283
35.5637	1.89574	0.412062	6.98501
37.9329	1.89168	0.410105	6.78172
37.8514	1.89069	0.410442	6.3825
37.7996	1.89519	0.411574	6.89513
37.7602	1.911	0.413237	6.29638
37.7124	1.89122	0.407366	7.03864
35.25	1.85217	0.403935	6.7481
36.409	1.98262	0.417139	6.9517
37.567	1.976	0.418217	6.27638
35.1169	1.9054	0.425076	6.56664
37.3638	1.92827	0.422568	6.2316
36.173	2.00191	0.422492	6.81674
37.3003	1.95728	0.441588	6.88538
37.3401	1.93167	0.43096	7.00345
37.1707	1.94596	0.445089	7.3535
37.1564	1.96934	0.429977	7.60349
34.8365	1.97321	0.438501	7.02859
37.0994	1.96859	0.434972	6.67754
34.6825	2.01654	0.430856	7.80145
34.5005	1.97702	0.447149	7.16619
35.783	1.99255	0.441838	7.19005
34.6083	2.00433	0.458971	7.43092
34.3686	1.92797	0.445135	7.5669
34.534	2.01661	0.457064	7.12801
36.7808	2.00245	0.446909	6.25422
36.746	1.94763	0.44131	7.34342
35.4629	2.02105	0.44244	7.64673
34.1032	2.0252	0.452546	7.34893
35.3487	2.03709	0.453318	7.52928
36.488	1.97419	0.456494	7.24775
33.9959	2.03799	0.470215	7.02115
36.4067	2.12028	0.461456	7.63556
36.3691	2.10753	0.458337	6.78073
32.7692	2.05317	0.470081	7.14695
36.2282	2.06494	0.468065	7.27982
36.1655	2.15334	0.46723	8.07699
33.9131	2.10906	0.478502	7.44573
36.0912	2.06825	0.483981	7.95146
34.8988	2.07454	0.495166	7.95036
36.0353	2.0745	0.46643	8.02045
35.845	2.0499	0.471342	7.16251
35.8405	2.06727	0.472864	8.01883
32.3656	2.10392	0.495226	6.95232
33.4219	2.11618	0.491536	8.67872
35.7918	2.09884	0.475482	8.0517
33.5491	2.21882	0.499842	8.09561
35.6606	2.12328	0.499514	8.44037
34.4983	2.11721	0.501542	7.26997
35.5422	2.05299	0.48328	8.13496
34.3951	2.19198	0.49614	6.24529
35.473	2.12846	0.504004	7.84507
35.4989	2.14753	0.506235	8.506
33.191	2.14752	0.505088	7.26153
35.348	2.21853	0.519401	7.12741
35.2657	2.15337	0.509262	8.54545
35.1985	2.15774	0.523113	7.63168
35.1366	2.22144	0.496974	6.57658
31.9156	2.14302	0.516868	7.76304
35.0301	2.10055	0.516816	7.32103
34.9161	2.18656	0.521089	6.96392
34.9244	2.25544	0.519745	7.98142
34.9068	2.18635	0.502114	7.16876
34.8514	2.20484	0.533989	7.52592
34.828	2.10246	0.5256	6.47486
34.6304	2.18729	0.520804	7.19932
34.7666	2.21518	0.514185	8.14266
34.6812	2.22037	0.508802	7.15541
34.5941	2.2443	0.529087	7.19715
32.3207	2.14644	0.513899	6.92082
33.457	2.15313	0.518318	7.19343
34.4187	2.3203	0.5469	7.18201
33.2558	2.22488	0.538204	6.86591
34.3204	2.32065	0.550534	6.60002
34.318	2.31486	0.551542	7.85147
34.1886	2.31685	0.541016	6.54144
34.2387	2.34191	0.54291	7.49894
34.1684	2.2519	0.547223	6.51555
34.1433	2.32405	0.557682	7.88625
32.9715	2.34308	0.562874	7.8112
33.9985	2.35488	0.560689	6.86786
32.7975	2.34544	0.542261	6.68783
33.9709	2.26172	0.535354	6.3879
31.8719	2.28605	0.535445	7.47802
33.8158	2.22606	0.555032	7.44665
32.627	2.30563	0.551014	7.95045
33.7742	2.22736	0.554815	7.5708
33.7009	2.22729	0.558972	6.33795
33.6769	2.3178	0.54556	6.72034
31.479	2.31467	0.563433	7.15723
33.5606	2.24024	0.56282	7.33101
33.4507	2.29863	0.581906	7.93965
31.3093	2.40583	0.568757	7.45422
32.2835	2.32584	0.567674	6.79321
31.2276	2.43296	0.552119	7.91291
31.3839	2.42384	0.547509	7.40538
31.3082	2.35901	0.554988	6.59401
31.2693	2.3785	0.556493	7.5367
29.1709	2.44414	0.557647	8.71205
33.0898	2.37119	0.573447	7.34839
31.0986	2.44341	0.559288	7.52113
30.8838	2.44365	0.579418	7.50602
29.0346	2.4478	0.554474	8.16119
32.8931	2.38984	0.579988	7.4556
31.8149	2.30725	0.597926	6.54689
31.0184	2.47754	0.566295	6.58677
31.7897	2.31932	0.603284	7.27801
31.6689	2.32393	0.590467	7.59718
31.6414	2.29351	0.590875	7.36343
31.5691	2.32976	0.590914	7.3691
30.7171	2.50535	0.592982	8.36322
32.5885	2.3405	0.577468	8.21621
30.4885	2.34788	0.60938	6.95132
30.6416	2.52426	0.60181	7.26509
31.3199	2.33667	0.599938	8.47114
30.5355	2.35752	0.611546	8.49124
30.4478	2.52387	0.596416	7.47272
30.2634	2.37124	0.613982	8.48349
32.2958	2.52899	0.5866	7.71975
30.2205	2.37009	0.621522	8.17303
30.1893	2.37008	0.621453	6.94263
30.3133	2.39244	0.587462	7.23439
32.0915	2.4553	0.613916	9.28243
31.9162	2.39289	0.608596	7.55593
31.9763	2.48906	0.616645	7.59323
30.8352	2.60512	0.613899	7.75417
30.7144	2.46467	0.612035	7.53022
30.7468	2.57852	0.616571	8.69721
29.998	2.41912	0.635231	7.82656
29.9324	2.42963	0.632499	8.13223
29.7607	2.42187	0.630939	8.554
31.6727	2.6397	0.625337	7.5294
31.6342	2.43673	0.639937	8.20972
31.412	2.62691	0.617568	8.15303
31.5315	2.66173	0.628165	8.56406
30.4448	2.52467	0.627176	9.18798
31.4331	2.44171	0.645652	8.17
31.3601	2.45813	0.65116	9.01653
31.3642	2.4638	0.652041	9.13941
31.254	2.64391	0.634874	8.40665
31.2002	2.61831	0.633666	9.05644
31.2034	2.47754	0.635211	8.88529
30.0978	2.4736	0.650941	9.95825
28.3704	2.47381	0.655975	9.4994
31.0529	2.61857	0.630772	9.21903
29.3422	2.49595	0.656983	9.43463
29.9835	2.49778	0.660452	8.96376
31.0233	2.6798	0.669253	8.54929
30.8688	2.49634	0.661044	8.68003
28.1865	2.49535	0.662183	9.26686
29.1245	2.6217	0.653475	9.16539
30.7161	2.50704	0.66232	9.14095
30.7209	2.64617	0.672439	9.26461
30.6459	2.52188	0.672485	8.85302
30.5827	2.53824	0.657557	9.17277
28.7261	2.53492	0.67856	8.31699
30.5574	2.53865	0.679657	9.62248
28.6784	2.6372	0.655859	8.66979
30.4675	2.5518	0.679711	9.83312
28.5675	2.5427	0.657062	9.45429
28.547	2.55958	0.677393	10.1171
28.5231	2.59967	0.662365	9.59519
30.2972	2.69454	0.667578	8.60572
28.4251	2.55778	0.676668	9.76316
29.171	2.78646	0.685311	9.64653
30.1251	2.58202	0.684805	9.69763
27.5289	2.66119	0.687858	11.2684
28.2165	2.58371	0.676065	10.2048
28.2585	2.58641	0.708555	9.03054
28.3688	2.68274	0.688219	9.98064
28.3295	2.58814	0.695054	9.25621
28.1327	2.60668	0.689809	9.35402
29.8518	2.59733	0.673207	10.1051
29.8694	2.70003	0.682212	9.43407
28.0464	2.60547	0.695152	10.0517
28.0063	2.6145	0.72217	10.2979
27.9297	2.6254	0.699072	10.4619
27.9276	2.61959	0.700026	10.232
27.0794	2.62236	0.683828	9.51023
29.61	2.63982	0.72297	9.18871
28.5388	2.66801	0.705843	10.5105
27.8978	2.76031	0.704157	11.2702
28.4555	2.63722	0.709318	9.74761
29.3753	2.64938	0.735632	9.4914
27.6838	2.65869	0.729955	10.0683
29.3393	2.6542	0.737179	9.69936
27.5645	2.69587	0.714305	10.694
28.3182	2.81455	0.700956	9.08666
29.1957	2.67017	0.735636	8.88993
29.1425	2.66219	0.735203	9.89275
27.5779	2.81563	0.717274	10.3981
27.3601	2.69748	0.719525	9.53234
28.1062	2.68017	0.729698	9.84922
27.3072	2.73483	0.72024	10.1421
27.2588	2.74157	0.727874	11.1405
27.9472	2.70649	0.734598	10.9261
27.1792	2.74392	0.7282	9.55613
28.7949	2.80086	0.748748	10.2384
26.3684	2.81429	0.750914	10.1676
27.2655	2.80668	0.729139	10.9942
28.7137	2.76497	0.723992	9.34933
27.7532	2.72751	0.73523	10.2206
26.9918	2.7643	0.73095	10.9937
26.928	2.87474	0.738009	10.3274
28.5567	2.79177	0.734054	10.134
27.5598	2.82265	0.734506	9.93194
25.4016	2.75234	0.736184	10.8807
27.479	2.83135	0.760497	10.4135
27.4598	2.75494	0.766951	10.1684
27.4479	2.74475	0.769384	12.667
26.8141	2.75901	0.745849	12.2269
28.2215	2.80576	0.74173	10.9724
28.1754	2.81794	0.747912	10.3621
28.1631	2.66667	0.743143	11.121
28.1456	2.86671	0.744874	11.1605
25.1399	2.77938	0.74837	11.8256
26.4555	2.83456	0.753166	10.2697
27.1001	2.80079	0.753253	10.3823
27.9497	2.94923	0.74991	10.4232
28.0013	2.80313	0.761619	10.6769
27.0185	2.85915	0.756678	11.9939
27.9043	2.84982	0.757014	10.2728
27.7817	2.80118	0.753536	11.9123
24.8517	2.82833	0.759643	11.9211
27.7925	2.81696	0.787055	11.5903
24.7361	2.90168	0.793745	11.6744
27.683	2.82182	0.788205	11.2387
27.6759	2.82568	0.768744	10.3839
24.6372	2.74805	0.775912	11.3094
26.12	2.83825	0.795914	12.1154
27.5681	2.83651	0.769187	11.3831
27.491	2.89865	0.764148	10.7415
27.4096	2.85166	0.796997	10.9256
27.4109	2.85521	0.768912	13.1143
25.7955	2.86341	0.802204	10.5731
24.4172	2.85988	0.824606	11.1262
27.3077	2.91203	0.809858	11.0608
26.3951	2.88085	0.784947	10.4577
24.3141	2.86886	0.822675	12.0234
25.6652	2.88724	0.80616	11.3418
27.1801	2.93482	0.810851	12.1962
27.1086	2.95504	0.785551	10.7514
25.4972	2.93404	0.785487	10.9959
27.054	2.8863	0.782841	12.3159
26.0736	2.94987	0.810547	11.0473
27.0002	2.94141	0.814499	12.1592
24.0086	2.8954	0.831557	12.1372
25.3699	2.96769	0.820655	12.2927
25.2547	2.89709	0.816165	11.1635
25.3022	2.97039	0.820956	12.0947
25.3398	3.01033	0.836545	12.5295
26.7061	2.97364	0.79761	11.8906
25.329	2.92789	0.824084	11.7182
24.3218	3.03071	0.799538	11.9383
25.1167	2.9851	0.794838	12.6922
25.0871	3.03751	0.828207	11.8929
25.6617	2.85885	0.85297	11.5699
23.6839	3.00925	0.845616	12.1536
26.5502	3.01639	0.846841	12.6109
25.58	2.94502	0.811665	12.3269
23.6457	3.0217	0.836935	11.902
24.996	2.97242	0.863012	12.3908
24.8918	2.96514	0.812736	11.1152
24.7989	3.12709	0.81186	12.8374
24.1065	2.97559	0.864777	11.8337
24.0437	2.97618	0.865224	13.0567
24.0381	2.9815	0.820747	13.8806
24.6569	2.98802	0.815674	11.9851
24.648	3.15512	0.843801	12.9362
24.6365	2.90514	0.82828	11.9142
25.9954	2.9877	0.825433	11.5229
24.715	3.05099	0.868886	13.5833
24.651	3.0542	0.850258	11.9697
24.4661	3.08908	0.827689	11.5844
23.8277	3.06971	0.852635	12.7266
24.3799	2.91995	0.831011	12.6918
24.4168	3.00691	0.829625	12.6368
23.6504	3.0285	0.879908	13.6653
24.4209	3.07917	0.843246	12.3916
24.294	3.03003	0.835902	12.2305
24.2242	3.03877	0.861426	12.5836
24.2024	2.95489	0.839004	13.6277
24.1536	3.25294	0.84402	12.0916
24.2509	3.10284	0.870128	11.9445
23.4626	3.11623	0.888822	12.7887
24.074	3.06756	0.84331	14.0545
24.1643	3.16442	0.868614	12.3062
23.3012	3.10681	0.891094	12.6708
24.0543	2.97325	0.851445	11.7299
23.906	3.06901	0.876245	14.2105
23.8979	3.06808	0.849002	13.2867
23.2086	2.93485	0.878219	15.4381
23.2142	3.14712	0.879562	15.7559
23.7759	3.07704	0.847565	14.481
23.0937	3.05073	0.856981	14.2958
24.2922	3.16701	0.88207	13.2937
25.0507	3.09346	0.888868	13.5459
23.6707	3.10906	0.855359	13.6069
22.9818	3.05887	0.907473	14.191
23.6065	3.00029	0.866687	13.9621
23.7333	2.90319	0.863813	12.9979
21.5977	3.08233	0.910469	14.909
22.8801	3.08122	0.907042	14.1049
24.7759	3.10137	0.863166	12.5847
22.8059	3.07321	0.896506	15.0479
22.2575	3.09382	0.915545	14.5682
22.7242	3.13252	0.874649	15.5775
22.7531	3.09951	0.901505	14.599
24.6552	3.14906	0.872756	13.9552
23.8016	3.13139	0.901103	15.9729
24.6568	3.14547	0.875002	13.8967
21.3422	3.21752	0.876632	14.633
21.3113	3.1644	0.925742	14.076
21.2533	3.07454	0.889469	13.1754
21.9796	3.13424	0.927152	15.6356
21.9904	3.01888	0.926158	15.4182
21.2085	3.07103	0.915706	15.3054
21.891	3.24154	0.906531	15.4664
22.9716	3.24298	0.926688	13.6808
21.1188	3.18034	0.934471	14.4352
22.3155	3.18478	0.916915	16.3744
21.8034	3.13693	0.934413	14.6921
21.7227	3.16392	0.913969	15.3112
24.1965	3.19192	0.94357	13.3019
21.6734	3.18541	0.892262	13.9906
24.0539	3.17719	0.935705	15.1023
22.742	3.0635	0.934492	13.6391
24.0283	3.1556	0.898468	13.4848
23.2021	3.21411	0.896682	14.3453
24.007	3.17316	0.938859	14.6333
23.9806	3.13	0.931589	14.4836
23.8609	3.076	0.955004	13.6154
21.4473	3.22755	0.925598	16.4466
23.8117	3.19887	0.932012	14.3685
22.9698	3.13013	0.942728	13.5469
23.808	3.18481	0.911916	15.7561
22.9539	3.23409	0.934597	15.5051
21.8122	3.26261	0.931905	14.8197
21.2856	3.26491	0.960554	13.6083
22.8671	3.25464	0.912603	16.304
21.2201	3.26052	0.940921	14.2426
21.2019	3.25829	0.944619	15.7715
22.7483	3.22761	0.949031	14.7961
22.7625	3.22817	0.964543	14.9064
21.1266	3.26758	0.961721	15.7934
23.4258	3.12731	0.973187	14.6919
23.3971	3.3425	0.94537	14.9443
22.625	3.08672	0.922524	15.8147
22.1192	3.17403	0.917925	14.6011
20.9994	3.34563	0.958488	15.3061
20.913	3.31513	0.974233	14.6322
21.2183	3.19165	0.920538	14.0537
23.1876	3.39979	0.845383	16.3121
22.3697	3.26403	0.92885	16.0805
20.8067	3.31033	0.949235	15.3567
20.8474	3.21141	0.986323	16.2701
21.1163	3.16492	0.985633	14.7188
20.7564	3.10486	0.981545	15.827
20.7384	3.28851	0.941701	16.1823
21.7328	3.10492	0.938636	15.2696
20.6673	3.24022	0.944862	14.3542
20.6198	3.23631	0.978617	16.1118
19.9213	3.29422	0.982144	14.5876
22.8854	3.33028	0.989493	13.7033
22.0355	3.29761	0.969518	15.2013
21.5168	3.34753	0.937929	17.0678
20.4688	3.25666	0.956319	14.6977
19.8571	3.31163	0.956482	14.7707
20.7254	3.30152	0.965763	15.3457
21.9072	3.32162	0.990552	17.0431
21.3604	3.08102	1.04718	14.8427
20.3732	3.33059	0.976975	14.826
20.3287	3.43927	0.949798	15.9147
21.7607	3.15434	0.99124	14.926
21.4748	3.27593	0.957642	15.7472
21.4138	3.33842	1.0161	16.2272
20.6556	3.29585	0.985853	16.8551
21.2198	3.32743	0.957893	15.0686
20.1686	3.29061	0.964601	16.9713
19.4129	3.30095	1.00179	16.107
20.12	3.38764	0.960286	15.0858
21.1738	3.30374	0.977743	16.5068
20.0459	3.47868	1.02759	16.7642
20.3084	3.31751	0.994455	14.9371
19.3565	3.29748	0.996327	15.7209
20.9531	3.30159	0.984914	16.496
20.9546	3.36181	1.00628	16.575
19.9387	3.48613	1.00493	16.4848
20.9042	3.25868	1.00605	16.7463
20.8892	3.38269	0.969708	16.7563
19.1832	3.31998	1.02566	16.6459
20.1783	3.32194	0.969127	15.6212
19.7348	3.50749	0.98112	15.8123
20.7134	3.38844	1.01755	16.6984
20.03	3.35071	0.980101	16.3873
19.0147	3.34538	1.02652	15.998
19.9403	3.34688	0.98685	15.1557
20.018	3.33416	0.980348	15.7118
20.6894	3.3506	0.984755	16.0882
18.8621	3.35457	1.02161	16.5196
19.9535	3.34638	1.02122	15.7804
19.4823	3.36344	1.01587	16.0286
20.6065	3.31614	1.03302	15.6737
18.81	3.36577	0.988329	16.114
19.8401	3.35042	0.983052	17.5845
20.3653	3.37171	1.03812	15.3796
19.3937	3.45349	1.05312	15.5134
18.702	3.48787	0.999556	15.6741
19.7516	3.44396	1.00173	17.1097
20.2811	3.49715	1.03627	14.9211
18.6461	3.56508	1.06662	15.7992
19.2442	3.40393	1.00533	15.7379
18.6147	3.36503	1.0262	16.4485
19.5866	3.35434	1.00561	15.8227
20.0955	3.30176	1.0353	16.1966
18.4387	3.33514	0.994703	15.6062
19.122	3.39335	1.03028	17.0835
20.0683	3.42175	1.01376	16.4709
19.0048	3.31455	0.988072	15.9665
19.264	3.48255	1.00628	15.7246
19.3332	3.4985	1.03556	16.0944
18.986	3.30011	0.923384	16.8863
19.8657	3.32473	0.957546	17.0154
19.947	3.32512	1.00352	15.2708
18.8958	3.42229	1.05296	16.0655
19.923	3.4363	1.01563	16.7646
19.8126	3.44827	1.05392	17.6079
19.8609	3.3268	1.02372	15.9076
18.1732	3.54659	1.06656	17.1303
20.0763	3.2086	1.02087	15.9882
19.0928	3.40442	1.0718	15.4706
19.7508	3.4301	1.02861	16.5903
18.6736	3.33827	1.01482	16.4033
18.7026	3.46891	1.0584	15.2085
19.6589	3.3541	1.03072	15.0885
17.9761	3.45957	1.02361	15.7845
19.5398	3.5733	1.06018	15.4487
19.4835	3.45924	1.00331	17.758
19.536	3.35208	1.02397	16.1091
19.4133	3.67247	1.05451	15.5127
17.8191	3.46859	1.02518	16.8516
19.713	3.67381	1.06209	15.2721
17.8407	3.48605	1.06111	16.0476
17.7901	3.37247	1.03292	16.317
18.6401	3.49174	1.02395	16.3075
18.3528	3.60964	1.03012	15.7374
18.3356	3.45572	1.04956	16.7824
19.3125	3.70771	1.03718	16.2458
18.6521	3.27184	1.04269	17.4027
18.2964	3.62914	1.04943	16.9242
18.4803	3.49831	1.04296	15.9936
20.1839	3.53239	1.07269	16.1279
18.1628	3.38091	1.04507	17.3165
18.1864	3.60984	1.05176	15.3478
18.3693	3.51794	1.05515	16.2003
18.9562	3.39999	1.01966	18.9753
18.0927	3.41797	1.03919	17.0522
18.0774	3.48113	1.07541	15.7596
17.4171	3.51879	1.04389	17.5538
18.8996	3.52204	1.08158	16.1623
17.361	3.53405	1.04906	16.9352
17.3697	3.42635	1.05642	18.7962
17.2825	3.61598	1.05617	16.5886
17.8934	3.61882	1.05193	17.4082
18.0383	3.55995	0.878361	17.3312
17.2507	3.63019	1.04527	16.925
18.1364	3.43832	1.07753	17.1036
17.2053	3.45274	1.05302	17.2895
17.7648	3.45377	1.05825	17.2016
17.1524	3.55662	1.00924	16.7673
17.7415	3.46882	1.06966	16.4658
17.9075	3.45484	1.06525	16.4831
17.0696	3.65986	1.03948	16.0851
17.0544	3.65282	1.0549	17.756
17.0782	3.58278	1.05279	17.7425
17.6193	3.673	1.06625	15.4961
18.5271	3.47169	1.07965	18.3184
17.8456	3.66204	1.10342	17.8819
18.3059	3.47231	1.04764	17.2364
18.2741	3.45471	1.09354	17.7386
16.8463	3.72071	1.07796	18.3479
17.4961	3.61866	1.08329	16.4536
18.2829	3.49449	1.0587	16.4665
16.8066	3.63326	1.06257	16.1884
18.2162	3.49638	1.08611	17.0048
16.7495	3.58282	1.08907	17.3622
16.7697	3.60501	1.08055	18.0283
16.7067	3.61652	0.965097	17.3616
16.743	3.4815	1.07979	17.4362
17.2514	3.62238	1.06647	17.8277
16.6587	3.72572	1.06809	17.7988
16.6079	3.51859	1.05686	17.8283
17.2167	3.7288	1.0921	18.9613
18.0558	3.64204	1.08947	18.4608
16.5976	3.50874	1.1369	17.1916
18.7875	3.63423	1.10115	16.02
16.4671	3.62642	1.08589	16.3953
17.0648	3.51258	1.12076	17.9652
17.2619	3.5269	1.04777	18.3571
17.014	3.65237	1.07125	16.8647
17.2813	3.49549	1.09864	17.9577
17.1354	3.55649	1.12753	18.491
16.9338	3.6526	1.10402	17.2297
16.3366	3.53977	1.09325	17.3665
16.9038	3.66814	1.09371	18.2693
16.2853	3.67824	1.11329	18.3359
17.0669	3.54067	1.10337	17.7761
16.3077	3.43664	1.09989	18.7134
16.2221	3.56138	1.07898	17.6838
16.2346	3.65854	1.06023	19.1612
16.1136	3.69766	1.05627	16.4434
16.7069	3.56961	0.922487	18.3478
17.4741	3.69054	1.10863	17.5717
16.6934	3.49412	1.08228	18.8187
16.6793	3.66923	1.0829	17.5408
15.9801	3.44848	1.06651	17.634
15.2497	3.57461	1.07176	17.8107
16.0545	3.57716	1.11961	19.2062
15.7458	3.54165	1.12486	18.5807
15.9833	3.71008	1.01975	17.987
15.9393	3.59952	1.05072	19.4311
16.4885	3.71335	1.03474	19.0063
15.9307	3.6022	1.13532	18.7092
15.9098	3.74134	1.12171	18.4249
16.5918	3.49131	1.07096	18.867
15.7696	3.58035	1.12863	19.3694
15.0538	3.61465	1.13049	17.6725
16.5393	3.74183	1.03826	18.5769
16.328	3.75707	1.12705	18.4639
16.3649	3.74017	1.0992	16.6126
14.9776	3.52104	1.07816	16.8857
16.4475	3.74964	1.05709	18.1591
17.0925	3.63743	1.14125	17.1468
16.3821	3.63789	1.13264	18.6638
16.1852	3.77737	1.11659	17.1085
14.8766	3.39862	1.14009	16.7943
16.1493	3.58038	1.11423	19.2356
15.5487	3.64991	1.14115	17.2676
15.4539	3.65482	1.14267	18.23
16.0485	3.53234	1.11756	16.701
15.9685	3.61378	1.12798	18.3031
14.7152	3.65023	1.07424	19.5513
16.0261	3.6133	1.1514	17.4887
16.0384	3.86437	1.14167	17.3715
15.3497	3.55193	1.1546	19.2225
14.6946	3.66092	1.09611	18.7956
15.386	3.54303	1.12203	17.997
14.6408	3.66356	1.11771	18.0837
15.3472	3.53223	1.0115	19.0147
14.5881	3.69384	1.11979	18.5042
14.5665	3.63518	1.13438	18.693
15.266	3.6866	1.167	18.0835
15.1936	3.68552	1.15659	17.8823
15.7504	3.69729	1.11902	18.1825
15.8859	3.69891	1.16955	19.5771
15.7246	3.67722	1.05108	18.7203
15.1307	3.70947	1.16437	17.9389
14.3775	3.6512	1.10209	18.2019
15.1063	3.8039	1.12689	17.1234
15.6011	3.57202	1.12968	18.3809
15.0815	3.79761	1.11602	19.283
14.9962	3.67789	1.14276	19.2704
15.5721	3.59136	1.17985	18.6486
15.0367	3.79815	1.1627	17.2827
14.9845	3.77991	1.12019	18.2015
15.4017	3.71293	1.15369	18.1441
15.3497	3.84141	1.09869	18.8881
14.9276	3.82058	1.16532	18.1099
14.1629	3.7323	1.13313	19.6051
14.6434	3.59845	1.15148	18.6848
14.1446	3.8159	1.0674	19.4949
14.1218	3.61359	1.10187	18.2501
16.0261	3.47871	1.12548	18.6479
13.4394	3.74342	1.03495	19.1089
14.509	3.59768	1.13335	17.1614
14.0243	3.81774	1.16975	18.9984
14.0216	3.6988	1.09577	19.2968
15.1895	3.75619	1.16778	18.9966
14.6677	3.73698	1.13972	19.966
13.9621	3.73254	1.16841	19.1869
14.6052	3.63651	1.16604	19.0502
13.8861	3.75326	1.13585	19.6406
15.0411	3.83664	1.14913	17.1937
13.8905	3.7314	1.12454	19.8405
13.8883	3.48963	1.08367	20.0878
13.8776	3.63499	1.12312	18.2559
13.8162	3.64251	1.10095	19.5436
13.8223	3.9139	1.15248	18.9089
13.7773	3.62941	1.1651	18.8546
14.8917	3.74908	1.13422	19.2334
13.7837	3.75702	1.07842	19.8222
13.1069	3.65874	1.19141	17.8788
13.6928	3.76499	1.14775	17.9464
14.1781	3.7828	1.21544	20.0922
13.6272	3.66036	1.22257	19.8072
14.3222	3.65258	1.18339	19.9271
14.0334	3.78787	1.0712	19.9989
14.2784	3.65808	1.14224	19.8187
14.6457	3.79176	1.07874	19.4827
14.6489	3.6763	1.12174	19.1704
14.2298	3.63904	1.12982	19.9907
13.9608	3.68282	1.223	19.1824
13.9625	3.64869	1.19591	18.2365
13.4605	3.7774	1.10453	18.0114
13.8697	3.54907	1.19013	19.322
14.1235	3.67109	1.14726	20.5145
13.3816	3.67855	1.11705	19.25
13.2405	3.57275	1.15029	20.6687
14.0587	3.68266	1.18506	20.2151
13.9855	3.70118	1.17998	20.0685
13.3724	3.69075	1.08838	19.6505
12.8222	3.69806	1.23364	18.378
13.7785	3.69689	1.15852	20.1319
13.827	3.68903	1.12515	19.6235
13.8929	3.69331	1.13162	19.9395
14.2806	3.61811	1.15995	18.3202
13.7974	3.72324	1.17746	18.4693
13.1631	3.7131	1.15977	19.8971
13.2483	3.61914	1.21441	20.3605
13.5697	3.73073	1.14153	18.8376
13.7306	3.5952	1.24336	19.8889
13.6286	3.72926	1.14247	19.1091
13.5552	3.59743	1.19744	20.0603
13.1271	3.71932	1.14552	20.2151
13.086	3.73898	1.2267	20.67
13.0675	3.86424	1.11148	20.9445
13.672	3.72006	1.12387	20.0444
13.6516	3.71895	1.07266	21.7723
13.4709	3.73019	1.17526	19.6888
13.3643	3.74047	1.18132	20.726
13.0077	3.72183	1.16547	21.6773
12.9441	3.72139	1.15792	21.3181
12.8962	3.62065	1.09605	19.3444
13.3415	3.87023	1.20181	20.5583
13.3404	3.73575	1.16647	20.6371
12.8293	3.83553	1.23193	21.4259
12.8409	3.72491	1.19995	18.8144
12.8066	3.7397	1.19332	19.3261
13.378	3.62811	1.2066	20.3517
13.4175	3.74222	1.13786	20.4455
12.7496	3.776	1.20475	20.7323
12.7682	3.7673	1.092	21.2877
13.8363	3.63471	1.2545	21.5507
12.7528	3.64526	1.17539	19.5491
12.6539	3.64379	1.0869	18.6831
13.8431	3.89254	1.15963	21.9008
12.7005	3.63004	1.16441	21.4571
13.1293	3.77241	1.30626	18.6156
13.0624	3.76096	1.21318	19.9802
12.6156	3.63978	1.10576	19.6392
12.6211	3.78696	1.16984	17.5717
12.9656	3.78941	1.13089	21.3261
13.1089	3.91232	1.22673	18.9725
12.4954	3.786	1.13575	19.9054
11.9891	3.64598	1.16389	20.1607
12.8451	3.6593	1.14495	20.5081
11.9866	3.89481	1.23279	19.2971
12.4751	3.55523	1.23645	21.6039
11.9124	3.74926	1.14174	22.2596
12.4218	3.78415	1.09934	21.4725
12.3766	3.77856	1.03926	20.8708
12.3434	4.05127	1.16393	21.8601
12.8609	4.05645	1.22423	20.9676
13.3754	3.80749	1.19357	18.7509
12.8368	3.80539	1.19744	19.9113
12.2439	3.94951	1.13763	20.7238
12.8273	3.68519	1.24861	20.0849
12.2604	3.92442	1.1805	21.461
11.7107	3.77761	1.08602	18.8612
12.1987	3.57404	1.25241	19.8213
13.3243	3.68551	1.28627	20.2214
12.1122	3.70709	1.26872	19.6191
12.1324	3.94598	1.22685	19.1955
12.0828	3.81926	1.14993	20.0409
12.1099	3.81347	1.13264	20.8773
11.635	3.80055	1.17699	22.6125
12.0161	3.91341	1.15912	21.0676
12.407	3.83384	1.23812	20.299
12.1218	3.84011	1.23124	23.577
12.5203	3.82547	1.24272	21.2237
11.9425	3.83597	1.16666	21.6922
11.9662	3.69908	1.19717	20.7073
12.5328	3.83156	1.28779	20.302
11.4943	3.71703	1.22279	20.2609
12.4124	3.93543	1.3724	21.6847
11.8571	3.82447	1.1895	23.4646
11.968	3.84228	1.29393	19.2659
11.8444	3.7233	1.22891	19.5426
11.8368	3.71621	1.11364	20.702
11.8622	3.85018	1.27166	20.4457
11.8736	3.98804	1.20322	20.477
10.8587	3.74346	1.21687	20.1327
12.278	3.74294	1.17029	20.4485
11.7911	3.72161	1.23293	21.8589
11.7068	3.62742	1.21994	21.5745
11.7574	3.87787	1.21493	20.7093
11.7222	3.73358	1.1957	21.7025
12.0719	3.74312	1.28027	20.5389
11.7003	3.86821	1.24075	21.6857
11.2604	3.6237	1.31376	21.3125
11.5788	3.7393	1.15908	22.1527
11.6467	3.99981	1.15557	22.2549
11.6322	3.96108	1.1991	23.2751
11.5859	3.7506	1.17665	22.7876
11.584	3.74885	1.27481	22.7396
11.0427	3.78629	1.30251	20.0775
11.4433	3.64563	1.14529	21.1789
11.0845	3.90707	1.18731	20.7125
11.5326	3.90068	1.0849	21.8451
11.5083	3.54767	1.22204	20.2629
11.7838	3.88521	1.35163	20.6284
11.4476	3.82883	1.2011	22.3459
10.9886	3.90556	1.14361	19.8699
11.0071	4.03521	1.24759	21.5576
10.4767	3.8834	1.21079	20.2999
11.3597	3.73977	1.25038	22.8793
11.7969	3.76285	1.24762	21.4515
11.375	3.76456	1.23853	20.9698
10.4769	3.87811	1.13603	23.0274
10.8354	3.88017	1.21388	21.8181
11.3244	3.88997	1.24487	20.696
10.369	3.76903	1.24786	22.0219
11.2496	3.79086	1.16581	20.8998
11.2757	3.91393	1.25088	23.1635
11.232	3.78884	1.2246	20.0454
11.2802	3.78743	1.18418	21.1539
10.2715	3.65862	1.10898	21.113
11.1011	3.79981	1.35711	22.0206
10.7457	3.80895	1.21995	21.6782
10.7362	3.8723	1.34253	23.1792
11.1417	3.67023	1.16834	22.7157
11.1565	3.9315	1.13141	19.5382
12.0267	3.91913	1.33346	22.2216
10.6632	3.91241	1.35233	21.8508
11.0564	3.80878	1.22804	23.1956
11.3838	3.79065	1.36769	20.9078
10.5761	3.95195	1.27372	20.2434
10.5599	3.90278	1.25419	20.6381
10.9395	3.94232	1.27138	21.8162
11.3052	3.93726	1.27963	21.2439
10.9252	3.93784	1.3067	19.41
10.9762	3.81861	1.33743	20.4739
10.9108	3.81128	1.26268	22.0294
10.5673	3.80941	1.27658	20.9737
10.4237	3.80519	1.22467	20.9367
10.7867	3.95524	1.24426	21.8262
10.4392	3.60038	1.27654	21.6759
10.8198	3.81969	1.31281	21.4594
10.3938	3.69231	1.30977	20.9121
10.7915	3.82789	1.29563	19.6522
10.3428	3.95413	1.27942	19.8881
10.714	3.86805	1.2873	18.7242
10.2703	3.85675	1.31075	19.538
10.7381	3.84278	1.27136	20.1529
10.3375	3.7617	1.35595	19.6771
10.6666	3.7251	1.22194	20.1309
11.0624	3.82149	1.25137	20.7202
10.6652	3.88331	1.30114	21.2509
9.833	3.63222	1.2861	22.0346
9.61592	3.87532	1.32984	19.2185
9.89806	3.81375	1.24113	20.1738
9.37075	3.97893	1.26903	20.0628
10.3307	3.98023	1.21213	20.9685
9.92777	3.75495	1.25558	17.8754
9.85279	4.00262	1.29	18.9045
10.2703	3.98599	1.31335	21.9574
9.49574	3.70235	1.29139	24.4224
10.2134	3.87065	1.34644	20.4975
9.79821	3.99867	1.28513	19.6493
10.2701	3.86264	1.24857	20.7069
9.6672	3.7658	1.24583	20.8295
9.27298	4.03196	1.24158	19.5236
9.80491	3.76052	1.31816	20.6619
10.1574	3.98659	1.28463	22.3339
9.6746	3.88357	1.26634	19.7439
9.66731	3.7443	1.33279	20.756
9.63685	4.0155	1.29299	20.4819
9.18937	3.72135	1.20683	24.095
10.0866	4.14641	1.32303	21.3678
9.26886	3.90181	1.27683	19.6831
10.0351	4.01677	1.32297	21.3928
