time	saccharose	alpha-glucose	beta-glucose	fructose	whole spectrum
t1	55.307648637336	0.546429327	0.13563511099999997	1.2100391883000001	145.46037972094598
t2	54.90427219837	0.3320750723	0.136512382	1.1282745145	144.24780975521003
t3	54.6529911529	0.36017916879999995	0.13726521	1.3444703244	144.65796524681002
t4	55.18438243928	0.577856377	0.13185249	1.2159637127	144.919165389725
t5	55.22436238234	0.6272340649999999	0.142092953	1.4858353066099999	146.12619415074
t6	53.55528526490001	0.33869862037600007	0.133710948	1.2734917437999997	142.453138610896
t7	54.625053368150006	0.4411207599	0.137659212	1.5900415155999996	145.02291154855402
t8	54.46144184560001	0.42107471249999995	0.14434537000000003	1.3510169388000002	144.01536270609998
t9	54.95397180271999	0.677556056	0.134708271	1.538216168	145.20279554441402
t10	54.4182986888	0.4844259411	0.137330749	1.5472991686999997	144.46205716162302
t11	54.81153981199999	0.735902678	0.14121461899999999	1.5920749120000002	145.36163814008
t12	54.8596151055	0.74894527	0.143736846	1.4745891654999996	144.766717037221
t13	54.800349088500006	0.7830876	0.142216344	1.9695793493000004	146.40754340067
t14	53.6745442834	0.49807531651000003	0.143408068	1.6197574833399995	143.40499642715
t15	53.348876005099996	0.666761914	0.155905866	1.6987003222999997	143.38273183910002
t16	53.649022635099996	0.726851331	0.153829511	1.9080166035000004	144.39894134024001
t17	54.514786784571	0.8108174060000002	0.167440686	1.8848985237999996	145.50452365917099
t18	54.6825371503	0.865019481	0.18795517899999997	1.7676512407	145.3524809001
t19	54.4349586882	0.874664219	0.19782017600000001	2.00330574	145.59022287449997
t20	53.675789117899996	0.6432630808	0.255302023	2.0747748899699996	144.58224038014
t21	54.3761136617	0.8854664350000001	0.205382808	2.18818101124	145.83897656253998
t22	52.6261867893	0.6374340855	0.284155803	1.9257231042000003	142.20628762313999
t23	53.3541515327	0.6710596670700001	0.256258809	2.10517228	143.85488569147
t24	51.986576154999995	0.5966366163999999	0.264387294	2.0473716535000004	141.59745635574
t25	53.80530479168	0.7228995658099999	0.265901524	2.2117254407	144.63318375549
t26	53.60269095880001	0.7554338838000001	0.26652730999999996	2.16071179514	144.11429464511
t27	53.88010888003	0.9732015	0.286165055	2.3673613261999997	145.4430081004
t28	53.3375728781	0.7675131749	0.278490703	2.48073671	144.55902006576002
t29	52.7806985891	0.7563252252	0.28257767	2.303241764499999	143.1562154817
t30	52.9488094643	0.9338980130000001	0.279061415	2.3852166526000005	143.9333603825
t31	54.02312352104299	1.033089862	0.28428209	2.5060439549	145.795447547043
t32	53.091471192200004	0.9921905089999999	0.287493283	2.5044005912	144.5159662128
t33	53.82134480056	1.071482541	0.29497250099999994	2.6172319245999995	145.49169705846
t34	53.79232044998	1.0763609989999998	0.302999472	2.5755964000200007	145.5443573522
t35	53.85822861700001	1.087269036	0.305506465	2.4759312037	145.14743782351
t36	52.7465549504	0.8666286428500001	0.28375912400000003	2.6552382146800007	143.75803631413999
t37	52.96040692410001	1.053518594	0.300838585	2.5510717402000003	143.8783944329
t38	52.8454772717	1.07172463	0.298092394	2.64714175781	143.95004043370398
t39	51.9605991368	0.89708766429	0.300276597	2.7225143543900003	142.73729344688
t40	53.2306841824	1.105014158	0.306633106	2.7720378186299994	144.72237108473
t41	53.064938641073	1.158696635	0.309293561	3.0045708859999998	145.550162202373
t42	53.356156063	1.169012574	0.321759252	3.0258056609999997	145.8392976839
t43	52.991619256999996	0.98048278848	0.312637691	3.12124062	145.06028027948
t44	52.832972371699995	1.173506347	0.31874146400000003	3.0588212172	144.81760566602
t45	51.763847582500006	1.0644129471	0.32470397900000003	2.9449431460000004	142.84175403703
t46	53.163733291999996	1.214891939	0.337789404	3.0357068816	145.12241802239998
t47	52.935072224	1.239382526	0.34216281000000004	3.3132052640000014	145.8886506505
t48	52.149693780899995	1.166899715	0.333957411	3.1414107079	144.01063787200002
t49	52.0747875964	1.01676093394	0.321201037	3.1921663645	143.42456927374
t50	52.787377643119996	1.171147425	0.342077253	3.3926479069999997	145.41698902602
t51	52.49936141591999	1.2658841260000002	0.349069568	3.3592911750000005	145.13162952352
t52	51.7845176445	1.0927725104	0.339122786	3.0932505319999994	142.8126720831
t53	52.5426099023	1.305420019	0.354272284	3.411142918	145.2707322323
t54	52.8584676384	1.319514475	0.34962799200000005	3.38778469824	145.53998539024002
t55	52.631994674400005	1.338082869	0.358397784	3.5066240077	145.597636351828
t56	52.30171894147	1.310836375	0.35781582500000003	3.4803070437000003	144.85721005973002
t57	51.8186024444987	1.278410918	0.36113824400000005	3.5779033980000006	144.0791943553987
t58	52.131528803724	1.3436900459999999	0.37214786199999994	3.5935863869999993	144.78838677152402
t59	52.556682929770005	1.37350703	0.36073677600000004	3.6825711740000004	145.39435619367003
t60	51.85999116864001	1.3263036410000002	0.37108089999999994	3.7578940159999994	144.60595308313998
t61	52.390488593	1.397551368	0.378693378	3.7320583110000003	145.3043936665
t62	50.875806671499994	1.25966573	0.371606412	3.85386986	143.4357941324
t63	51.93552448952	1.406632554	0.397215919	3.7538631696	144.78286486222
t64	52.35004564183	1.4524297769999999	0.381500195	4.025576372	145.86204640673
t65	52.278426448000005	1.4264252519999998	0.38389632	4.020092613	145.8009928481
t66	51.791147926739995	1.4341189109999999	0.393485614	3.945487538	144.75723172544
t67	52.31709718399999	1.554346831	0.391453677	4.022712906	145.5220083799
t68	51.91145297943999	1.4832195559999999	0.40481729	4.0789406370000005	145.25870850835
t69	51.0439828385	1.4122821830000003	0.40611682800000004	4.237734369999999	144.54695093530998
t70	51.7396812092	1.504134919	0.43252888600000006	4.199024353	145.19445675351
t71	51.73961831	1.484273366	0.39667766299999996	4.182531236	144.9106505128
t72	51.900534414999996	1.535837259	0.41726298000000006	4.34654524	146.18091742749
t73	51.692255235000005	1.525646675	0.424698693	4.186622872999999	145.0378698676
t74	51.21476764322	1.470909304	0.41494285200000003	4.285986874000001	144.17450762332
t75	51.46986981999999	1.524298068	0.42845781800000005	4.369561849000001	144.92185378269997
t76	51.53515692399999	1.5459694560000001	0.421438655	4.349856606000001	144.84890406970004
t77	51.53861374	1.575824153	0.42413401700000003	4.384344530000001	145.1757823682
t78	51.15426548033	1.3209875386	0.44219829999999993	4.400257659	143.95970396693
t79	51.01999738692	1.557055941	0.437020242	4.463477520999999	144.22484484362002
t80	51.327983071000006	1.587179197	0.450251817	4.69460151	145.317712815
t81	51.506229223	1.602263502	0.445056486	4.525497716	145.0377113635
t82	51.308242874	1.76638751	0.457500361	4.537520449999999	145.269017367
t83	51.08295422570001	1.591998004	0.44682468	4.6230351899999995	144.58983256309998
t84	50.19255438180001	1.537417768	0.452052922	4.713969077000001	143.4041389002
t85	50.9468332817	1.631096425	0.45502777400000005	4.857321420000001	145.106028659
t86	51.187255884	1.66851162	0.46528272400000004	4.7113460279999995	145.06190783259999
t87	51.14608524399999	1.6580942800000003	0.466750389	4.741642202	144.9289368357
t88	51.132321313000006	1.671843061	0.472154183	4.783818936	144.9895687867
t89	50.998711451000005	1.698897504	0.49608524000000004	4.868491599999999	145.3912989238
t90	50.93027485500001	1.694774421	0.490908851	4.94545144	145.13181980391002
t91	49.86521465169999	1.6093722970000002	0.497259359	5.009139580000001	143.778384353
t92	50.6066524028	1.705675738	0.490905701	4.952151439	144.6382175703
t93	50.24134092467	1.6660151260000002	0.48235183300000006	5.117142599999999	144.13893513117003
t94	50.057547159600006	1.6676734320000002	0.493919343	5.058134151000001	143.73806932760002
t95	50.720708368	1.7776433720000002	0.505882289	5.016869965	144.79681884411
t96	50.770878728999996	1.770967341	0.504379379	5.145619582	145.1414135754
t97	50.5380571435	1.7387932240000001	0.506399794	5.070757021000001	144.4301305956
t98	49.452033083500005	1.7401304029999998	0.516711277	5.28027923	143.4364376881
t99	50.423238733000005	1.7646143330000001	0.510642402	5.26530225	144.75257167349
t100	50.527051436	1.788785046	0.514496531	5.2705915	144.75126840759998
t101	50.402581870999995	1.948117008	0.52576088	5.397287300000002	145.25640631568004
t102	50.288008052	1.820016196	0.544610932	5.47797479	145.05914859659995
t103	49.95125157225	1.7913839020000002	0.5285452949999999	5.459275470000001	144.58485062045
t104	50.057761678999995	1.816574183	0.5275144629999999	5.424288229999999	144.34015128069998
t105	50.009990488	1.806630626	0.533532948	5.458384780000001	144.45243143890002
t106	48.83408281700001	1.698352193	0.533599639	5.4886610870000005	142.55622330309998
t107	49.980001394	1.8582193020000002	0.547038728	5.525890499999998	144.3598310229
t108	49.810068967999996	1.848187931	0.5427456829999999	5.70368082	144.718545499
t109	50.2078477	2.0496769930000003	0.549353183	5.82769168	145.5301330109
t110	49.922888889999996	1.875067444	0.557102784	5.72141792	144.79741439839998
t111	49.619344429	1.8459074530000001	0.549269222	5.6490427500000004	143.84335317760002
t112	49.740952287000006	1.9910496370000001	0.577167241	5.85482598	144.9047942055
t113	49.743683135	1.8938336700000002	0.5649808970000001	5.87095713	144.5801574209
t114	48.218337202838	1.6065615804200002	0.5630294299999999	5.819676060000001	141.881035465458
t115	49.704265250000006	1.932825336	0.5770724239999999	5.99930282	145.03563376947997
t116	49.70297507	1.927635645	0.57033424	5.826263595	144.17610657550003
t117	49.38450938159	1.9211332419999998	0.5892834220000001	5.789471877	143.68309122556997
t118	48.980302678019996	1.9094057459999998	0.588533196	6.11485646	144.04236471802
t119	49.329139126	2.0075596389999997	0.583502372	6.04380656	144.26053158164
t120	49.599600222	2.1351698050000003	0.6028174879999999	6.1087146300000015	145.20239637720002
t121	49.16301914355	1.9671178329999999	0.579235493	5.970600957000001	143.70330451845
t122	48.68271249944	1.9328650639999998	0.6044253359999999	6.106675170000002	143.60979226883998
t123	49.270571975	1.9959468259999997	0.611194662	6.16289157	144.5441108819
t124	49.243069327	2.0047311270000003	0.626420267	6.11937698	144.26444623220002
t125	48.384063651568006	1.980452651	0.600424861	6.063590932999999	142.34995180456798
t126	48.91240528499999	1.98748807	0.606623454	6.445857760000001	144.46178724727997
t127	48.34011706815	1.8084630196	0.646965233	6.33647637	142.64796283255004
t128	49.177937279999995	2.1347458329999998	0.6043320050000001	6.366896280000001	144.3954621944
t129	49.02697124000001	2.1933627909999998	0.632888791	6.486994850000001	144.849631431
t130	47.950127300780004	1.9427174900000002	0.644931157	6.4827409299999985	142.84386269336002
t131	48.792030158	2.069368451	0.639897825	6.706783460000001	144.92761812395997
t132	48.33216547399999	2.0394310310000003	0.656156155	6.57087185	143.6595008149
t133	48.582157089999995	2.158290017	0.619493658	6.63344987	144.01554536779997
t134	48.837363446	2.23557508	0.649017631	6.6297698899999995	144.72928437110002
t135	48.760773348	2.119791502	0.62945114	6.6919606699999985	144.2431948777
t136	48.323325761999996	2.080183457	0.636203574	6.750421510000001	143.7517477481
t137	48.570252802	2.103305244	0.647633897	6.572811010000001	143.5512874682
t138	48.69555808	2.304845964	0.6712398399999999	6.783206270000001	144.64762860340002
t139	48.51674612	2.2449339740000003	0.6711189719999999	6.81987795	144.42040522780002
t140	48.47210052	2.1241542119999997	0.666876029	6.65013462	143.481255366
t141	48.57203692	2.264573782	0.6732331610000001	6.74692286	144.15000348700002
t142	48.2243013	2.160591989	0.6654083930000001	6.8544494	143.82335568869996
t143	47.894753405	2.120604375	0.670486308	6.93651779	143.3986209813
t144	48.262396409999994	2.26721731	0.7009363110000001	6.814626410000001	143.7989179846
t145	48.139923912	2.202418437	0.6968561040000001	7.05507723	144.0065176051
t146	48.3037326	2.364309772	0.670399084	7.052558359999999	144.1745481225
t147	47.843149901	2.344968927	0.6799631819999999	7.094906010000001	143.795679654
t148	48.12233148	2.258768274	0.687742828	7.125172589999998	143.8703814166
t149	48.06259259	2.219500445	0.6920066760000001	7.12104789	143.839382838
t150	48.04372480000001	2.3468247709999996	0.6903227249999999	7.152449409999999	143.9953147238
t151	48.01695557000001	2.399738857	0.722975022	7.267001939999999	144.3841639745
t152	47.89146591000001	2.379854746	0.7285794379999999	7.221739619999999	144.1687961302
t153	47.712718100000004	2.248302546	0.7363666600000001	7.287058050000001	143.78776246229998
t154	47.76843406	2.264013539	0.7245607540000001	7.38652996	144.0137936744
t155	47.60054296	2.3970800910000003	0.7420788500000001	7.297600739999999	143.779355973
t156	47.74437221	2.3761020520000002	0.731363789	7.39151324	144.00889791778
t157	47.663011749999995	2.442445356	0.7437330879999999	7.484335880000001	144.1092582878
t158	47.37349225	2.411820434	0.722784375	7.53381053	143.6201665577
t159	47.238144479999995	2.263167816	0.752874599	7.45814554	143.2608449026
t160	47.28842498	2.390614187	0.7526407629999999	7.48458018	143.29749772799997
t161	47.219351849999995	2.297428114	0.784497436	7.59593383	143.64392974490002
t162	46.85905403700001	2.2940647259999998	0.780236283	7.7411074	143.27172094
t163	47.30572191	2.407055497	0.7634913860000001	7.699748199999999	143.77073452409996
t164	47.34733044	2.522347067	0.791684509	7.76572382	144.4630393588
t165	46.94816417	2.41833367	0.7652736010000001	7.78436486	143.40465483026003
t166	47.010037489	2.474108894	0.7840726330000001	7.87358753	143.72508347840002
t167	46.95219169	2.4938141729999996	0.77934635	7.758499679999999	143.43761655080002
t168	46.92554422	2.464028632	0.788416919	8.03116366	143.9949477792
t169	46.97557182	2.529649784	0.791223985	7.88953175	143.60433978679998
t170	46.92852685	2.3843081840000004	0.784283908	8.05485169	144.05362204028998
t171	47.04769881	2.5711976960000005	0.7833390158	7.936443670000001	143.77977756379997
t172	46.81241548	2.499788352	0.7903545409999999	7.93938931	143.27388165544
t173	46.605313710000004	2.407977425	0.801333725	8.160079340000001	143.5898458628
t174	45.986723232	2.345746755	0.7844736110000001	7.931323259999998	141.8840499046
t175	46.64862792	2.509910853	0.8215866249999999	8.30057688	144.1428622388
t176	46.43281444	2.521572591	0.8234106029999999	8.080427169999998	143.1036393802
t177	46.57117833	2.5605767270000004	0.814794988	8.223811099999999	143.5970609714
t178	46.486472719999995	2.442048137	0.81228086	8.02323546	142.7986109001
t179	46.37380403	2.576368116	0.8280732319999999	8.283716919999998	143.6047188665
t180	46.402543050000006	2.476243213	0.817506301	8.28843185	143.28334802979998
t181	46.0518247	2.466649458	0.828813711	8.591905749999999	143.41845496029998
t182	46.426637729999996	2.509986886	0.848974599	8.406228310000001	143.8063717796
t183	46.18195822999999	2.5903312740000004	0.84405057	8.48792073	143.424366993
t184	46.23793789	2.516839171	0.8467249430000001	8.518936659999998	143.31207812899999
t185	46.32733782	2.63508109	0.857020868	8.54798457	143.89044175939998
t186	45.9231435	2.521487224	0.861896904	8.5850462	143.271042788
t187	46.081347050000005	2.584536649	0.83772237	8.606432250000001	143.33749684100002
t188	46.205386960000006	2.6522705120000003	0.862729174	8.65235696	143.86106169830003
t189	45.962875030000006	2.610160124	0.865834115	8.47150655	142.3976215425
t190	45.88081262	2.715173971	0.8712939259999999	8.88053035	143.80063737979998
t191	45.71583083	2.5434354740000003	0.8922634429999999	8.79683674	142.9545313465
t192	45.90453823	2.700385655	0.862760959	8.746218230000002	143.13546154000002
t193	46.00269402	2.721537155	0.888771755	8.776411779999998	143.42933324589998
t194	45.71289909000001	2.571696415	0.879663894	8.728727810000002	142.781409814
t195	45.16565383	2.621206942	0.883631882	8.79982957	142.37070947750001
t196	45.587461160000004	2.610993198	0.892067341	8.91087129	143.185791448
t197	45.5800187	2.6234099910000004	0.8996275939999999	8.965180709999998	143.15191175959998
t198	44.741308366	2.384247156	0.894352365	8.939966060000001	141.6144231941
t199	45.5903792	2.710652932	0.909148804	9.061442419999999	143.373655442
t200	45.0711742	2.605715423	0.9138200089999999	8.968647859999999	142.2177105446
t201	45.56970167	2.7903764229999997	0.9110481159999999	9.14886913	143.70377047899999
t202	45.385721489999995	2.6426952740000003	0.912746075	9.027794920000002	142.8909346612
t203	45.313799270000004	2.8121984599999994	0.9229930230000001	9.17301047	143.520629205
t204	45.315486359999994	2.789053364	0.922540196	9.084703059999999	142.9962160699
t205	45.23296206	2.849883321	0.9167820787999998	9.32504797	143.3588745259
t206	45.1563522	2.8028514919999994	0.9448733689999999	9.233422050000001	143.07590284699995
t207	45.18604504	2.8645883130000005	0.926753352	9.2313277	143.280162927
t208	44.90576709	2.8233457250000003	0.9187158031	9.265033329999998	142.5309090286
t209	44.88929224	2.7757892440000003	0.942355366	9.583207680000001	143.335376171
t210	44.792887230000005	2.785896976	0.9291830149999999	9.42375012	142.86018777919998
t211	44.180563587	2.47593365696	0.942198015	9.3536187	141.14639904716
t212	44.59739445	2.783228894	0.9360698718	9.45268826	142.2302047376
t213	44.83794761	2.876532566	0.9632602809999999	9.54646824	143.0135809729
t214	44.77517376	2.8484155960000006	0.9608544429999999	9.446288339999999	142.644837014
t215	44.86613483000001	2.916061652	0.9577859580000001	9.61389975	143.3891603442
t216	44.54311008	2.8483897970000003	0.9719727	9.505800390000001	142.546747632
t217	43.737902186	2.5279542776000006	0.97785116	9.71793005	141.47385838044
t218	44.39690607	2.763147336	0.9653470130000001	9.569232579999998	142.26071229098
t219	44.27456097999999	2.748042712	0.9628912887000001	9.647992239999999	142.1132498488
t220	44.47297035	2.808273143	0.9700345590000001	9.7064651	142.5581300798
t221	44.50476009	2.889927278	0.978055828	9.68430708	142.65826943710002
t222	43.78931351999999	2.8018302880000006	0.9805914059	9.719163	141.51918691886002
t223	44.374594990000006	2.9629334600000004	0.9775486680000001	9.96719938	143.2560695906
t224	44.36026366	2.9400102939999995	0.9874046152	9.822985010000002	142.5036800394
t225	44.14862266	2.833831342	1.002659012	9.851123839999998	142.2457688813
t226	44.14581982	2.948265935	1.0036624071	9.86984086	142.50347635560001
t227	43.97478925	2.945869699	1.011251621	9.811494669999998	141.7871228976
t228	44.11434772999999	2.9623515659999997	1.0041775880000001	9.80684631	142.02229703810002
t229	44.12865164	3.035527467	1.0114174390000001	9.9346613	142.71739063360002
t230	44.03188119	2.8586818149999997	0.9947377309000001	10.114818969999998	142.28936038240002
t231	43.84910014	2.983270754	1.0236239010000001	10.19712448	142.67227034485998
t232	43.75453118	2.868050352	0.9975109029	10.040116779999998	141.7400383451
t233	43.47663029	2.825198686	0.99044621083	10.008545609999999	141.08304410233
t234	43.64153295	2.9593656289999997	1.024957214	10.095464579999998	141.79234575016
t235	43.36928248	2.8578899840000003	1.0138532435	10.147463240000006	141.28593601440002
t236	42.704856066000005	2.6429300266899998	1.0198250344	10.203738699999999	140.25745514295
t237	42.779731996	2.66975786021	1.0275910001	10.2391331	140.39504348977
t238	43.48441854	3.023429839	1.0197783183000002	10.15238868	141.43279142460003
t239	43.374201	2.900474534	1.0366566615	10.25319058	141.59236219416
t240	43.294868609999995	2.948432764	1.06950052	10.26420848	141.37016341049997
t241	43.44091126000001	2.9335406209999997	1.0317739168000002	10.503004290000002	142.06492564416
t242	42.90390972	3.0053576079999993	1.0358775768000001	10.407654949999998	141.31738400799998
t243	43.05379297	2.9333303710000003	1.0504306896000002	10.546290580000003	141.577450089
t244	43.41545457000001	3.064927634	1.0567751589999999	10.43204666	141.93334380206
t245	43.14872312	3.0824738729999996	1.068140147	10.54228549	142.1711036631
t246	42.075275989000005	2.840660254	1.0430712702	10.51677093	139.94241346330003
t247	42.63091091	2.9241318030000008	1.0491725031999999	10.336382140000001	140.3296973076
t248	43.14890552	3.079059796	1.0491236492000002	10.58590401	141.6962547774
t249	42.83661305	2.962251142	1.0502250152100001	10.48973493	140.67021578321
t250	42.83257328	3.1551642520000005	1.0728972427	10.73518881	141.8096039525
t251	42.89471537	3.123022533	1.0697455192	10.69267474	141.79399623380002
t252	42.038319441	2.756779683667	1.0649920636999999	10.65044905	139.753778768167
t253	42.91399631	3.0365877640000005	1.0753651169	10.845709209999999	141.97979077280002
t254	42.85192744	3.144660742	1.0807902473	10.929722469999998	142.1239244832
t255	42.54799418	3.1166462679999993	1.0780698176099999	10.991438819999999	141.81839985431
t256	42.006493559999996	2.7929814832199997	1.0745334463	10.710141390000002	139.79699813652
t257	41.427076598	2.900516572	1.0858268853	10.830455869999998	139.3348189477
t258	42.733327700000004	3.087160263	1.1020182859999998	11.101742240000004	142.30342758900002
t259	42.595857069999994	3.0622297909999996	1.0825590473	10.846195999999999	141.2216967954
t260	42.53582816	3.09721358	1.1038064452	11.04628153	141.56630992389998
t261	41.553104142	2.8221058548026	1.1045362190999999	11.216768709999998	140.04455674060262
t262	42.72033666	3.253893601	1.1396363959999998	10.966320539999998	141.72651304699997
t263	41.62985022	2.8500267717209997	1.0992262636999999	11.011711589999999	139.811481396721
t264	41.99944375	3.056745373	1.1022048449000001	11.098719229999999	140.87375637609998
t265	42.452663019999996	3.270012355	1.124659426	11.289000919999998	142.150877585
t266	42.20959209	3.2360202890000003	1.1112321306	11.172319139999999	141.52539642332
t267	42.34542007	3.146287491	1.150614281	11.278440540000004	141.9820373414
t268	42.213852689999996	3.1971161049999997	1.121050485	11.331621279999998	141.7312040836
t269	41.701838359999996	3.217025820000001	1.1398147449999998	11.30004986	141.10565490850001
t270	40.856266600400005	3.015523581	1.1371616158999998	11.294630090000002	139.6301542396
t271	40.6725707637	2.898991720847	1.1244873045000001	11.357532450000003	139.046346713747
t272	40.711883786	2.8817122250599994	1.1283812383	11.22744434	138.72172146275997
t273	40.807356629	2.9039197861400003	1.141603011	11.216998310000001	138.79976392614
t274	40.580394102	2.90330657029	1.1558937146	11.51524437	139.05352495919
t275	41.905124980000004	3.293733918	1.1536599948	11.703128860000003	142.3246029362
t276	41.9536344	3.2995404810000006	1.144349414	11.478158570000003	141.407899179
t277	41.78375971	3.2093815789999995	1.1669134589999999	11.412523570000001	140.7858079069
t278	41.687012849999995	3.196513825	1.1720038584	11.690383709999997	141.49698020340003
t279	41.69541176	3.332794917	1.168775271	11.766432849999998	142.0236471999
t280	41.82649386	3.435676073	1.1917758209	11.900708839999998	142.43146053419997
t281	41.56856942	3.2137855799999997	1.192957285	11.641940380000001	140.95461945940002
t282	41.79238405	3.383115252	1.2032100516	11.813364469999998	142.2567529047
t283	41.62408701	3.3498390980000003	1.1955027574	11.8031766	141.7018276071
t284	41.630222509999996	3.4361090659999998	1.2102180195999999	11.982591760000002	142.3813575553
t285	41.45153578	3.3738982920000002	1.207141378	11.85197185	141.5419920983
t286	41.614157029999994	3.4236714189999997	1.2202521979999998	12.019842539999999	142.12745724340002
t287	41.57014641000001	3.4154769030000005	1.229920208	11.992498980000002	141.84500020060003
t288	41.413202500000004	3.483336154	1.2256198854	12.24101451	142.71678736709998
t289	41.49138494	3.49124821	1.2258736940000001	12.03667832	141.8893923335
t290	40.227520655999996	3.0262014396100003	1.2002856226	11.931377370000002	139.23807972771
t291	41.20868574	3.43867681	1.237353956	12.04535918	141.79216410280003
t292	41.28402818	3.459243713	1.2272243868000001	11.997263449999998	141.3341130988
t293	41.04024069	3.3238773979999996	1.2266229759999998	12.343473909999997	141.891508397
t294	41.060251750000006	3.3327575419999995	1.243309757	12.229701460000001	141.66278185480002
t295	40.16212116	3.0540039564360004	1.239347233	12.18117144	139.69851349623602
t296	40.08516072	3.08806515581	1.2430506575	12.37066674	139.98505784066003
t297	41.22098278	3.535831851	1.2315117627999999	12.242408459999998	141.83579906159997
t298	39.9708659	3.0974973841100004	1.2320648114	12.281374619999998	139.61355587020998
t299	40.99515448	3.58140761	1.2707079659999998	12.57480777	142.77994252859997
t300	39.811787009999996	3.0921443095670003	1.2545860901	12.247928949999999	139.048806587617
t301	40.86070659000001	3.5389537430000004	1.2695657260000002	12.481468520000002	141.96583789410002
t302	40.92236934	3.5592589059999997	1.264811205	12.61341471	142.44300866420002
t303	40.84437815999999	3.5046924089999996	1.2860259429999998	12.355873030000003	141.35242614380002
t304	40.590338349999996	3.494931024	1.298208887	12.603862780000002	142.04038380825003
t305	40.48187498	3.399254573	1.280248506	12.49226929	140.8509835714
t306	40.546597739999996	3.5748245339999998	1.28738118	12.443925119999998	141.2678703043
t307	40.50989756	3.4883407679999996	1.311653498	12.663492499999998	141.52019346061
t308	40.458146330000005	3.518919627	1.3023563390000001	12.546256170000001	140.9885200081
t309	39.471386697	3.18418090859	1.294604986	12.645098400000002	139.51825228759
t310	39.55481588	3.1690358916509997	1.285871882	12.66526173	139.45589338935096
t311	40.38155868	3.526290913	1.303893367	12.630652560000001	141.3064919674
t312	40.357321799999994	3.650708312	1.29881512	12.82883144	142.03214040251
t313	40.11987162999999	3.6188674900000004	1.307073336	13.071996360000002	142.09847895418
t314	40.380554759999995	3.6600369639999997	1.304801479	12.922989070000002	141.9239880866
t315	40.19588301	3.6273441799999997	1.299609816	12.88759964	141.33591383040002
t316	39.82800157	3.5766935650000002	1.3079979927999998	12.90063997	140.93761088480002
t317	40.13343139	3.7165646799999994	1.3142804780000001	12.91540333	141.64489393039997
t318	39.977578539999996	3.654263307	1.31086934	12.75176327	140.9501091956
t319	39.95814641	3.601369239	1.3035543219999999	12.82739209	140.815391397
t320	38.96024683	3.2434552759920003	1.338584659	13.034302750000002	139.600186170992
t321	39.761376670000004	3.547091944	1.333570801	13.189535929999998	141.58244729470002
t322	39.8511975	3.6842586400000004	1.3211840129999999	12.95688489	140.9451877637
t323	39.443905290000004	3.523046204	1.345524656	13.29775373	141.32977630379997
t324	38.73072474	3.268302239036	1.33881511	13.172726069999998	139.220534979936
t325	38.59756743	3.2842604618000006	1.3556571419999999	13.211642059999999	139.3647148312
t326	39.775334310000005	3.759296005	1.3625764980000001	13.420694180000002	142.13294298419999
t327	39.5867077	3.6058392380000006	1.352975855	13.25874651	141.20774610789996
t328	39.66454725	3.7661626349999997	1.360435464	13.309334549999999	141.7159123913
t329	39.34293217999999	3.5639769759999997	1.354322401	13.170378510000003	140.33631462900001
t330	39.634897269999996	3.7126896490000005	1.362689965	13.32173379	141.527374376
t331	38.503343709999996	3.3133573631270004	1.3501827804	13.35682604	139.404462050527
t332	39.13792108999999	3.5725582650000005	1.3528373907	13.379930380000001	140.3500105367
t333	38.44768306	3.35345387594	1.38250493	13.383426889999999	139.44920693944002
t334	39.49108466999999	3.796516777	1.3866592759999998	13.4861221	141.52792173080002
t335	38.263014680000005	3.3419601709160003	1.398620692	13.46962833	138.865607713916
t336	39.28722773	3.628571942	1.3750798830000002	13.421430910000002	140.4024610012
t337	38.219898210000004	3.376310751329	1.3894931050000001	13.5483129	139.320216937529
t338	38.15072172	3.3375588227799997	1.3726094213	13.48710803	138.60391522007998
t339	39.15810307	3.7510156439999998	1.384741333	13.624465760000001	141.1936476066
t340	39.10288724	3.773221247	1.396494781	13.731990999999997	141.1458254527
t341	39.00086065000001	3.767861955	1.423453887	14.073646690000002	142.0813239892
t342	38.848256559999996	3.795803977	1.422120708	13.670573430000003	141.22860201399996
t343	38.000889169999994	3.41210181235	1.3886124616999997	13.688888619999998	139.18935491324999
t344	38.89787038	3.6959930189999994	1.4120519600000003	13.746722459999999	140.6736486996
t345	38.952244279999995	3.8770903399999996	1.420902243	13.885695119999998	141.352081315
t346	38.71683369	3.706297272	1.425117006	13.835343220000002	141.01248148980002
t347	38.612249950000006	3.6634594120000004	1.411016322	13.659220089999998	139.789490555
t348	38.96478973	3.8607788160000003	1.432168812	13.92111267	141.601990155
t349	38.33473214	3.696369839	1.4200167069999998	13.9612631	140.471764672
t350	38.498174410000004	3.701476908	1.4079993033	13.97101322	140.42745355079998
t351	38.545041909999995	3.7482383950000004	1.4517223910000001	13.939470669999999	140.66627709320002
t352	37.59064772000001	3.4617797053499997	1.436357737	14.159533060000001	139.58144922215
t353	37.40075722	3.47408423807	1.436756968	13.940788949999996	138.85594339307002
t354	37.44655666	3.47052200019	1.439946152	14.099038199999999	139.19839717889002
t355	38.41346108	3.8952786269999997	1.4519367669999999	14.18358842	141.3458562287
t356	37.317033300000006	3.4957822221100003	1.4682805079999999	14.05478165	139.07619871621
t357	38.28630367	3.845842732	1.448491022	14.0491983	140.5491919657
t358	38.446160729999995	3.9400953119999995	1.451563743	14.168655970000001	141.11843905268
t359	38.28651363	3.8639775869999995	1.4579600190000002	14.27805657	141.32525755028004
t360	37.96038475	3.9114774850000003	1.4432549475	14.173309199999998	140.113364991
t361	37.09444415	3.4948202027099997	1.464406874	14.405130840000002	139.19798674431
t362	38.07313771	3.8046730699999998	1.4586985920000002	14.301568760000002	140.36445923719998
t363	38.15773573	3.9891603100000004	1.48022711	14.67995294	141.90993697620002
t364	37.969476119999996	3.939549639	1.4832105230000001	14.462987029999999	141.4077243925
t365	38.204762839999994	3.898152833	1.5080527359999998	14.33258093	141.0941468653
t366	37.98058057	3.9423483179999996	1.479696458	14.69189437	141.4299269908
t367	38.02943533	3.9746808110000003	1.503520986	14.35421247	140.818229215
t368	37.93526995	3.9657107099999998	1.48729214	14.334097949999997	140.31121923840004
t369	37.79679097	3.9690302070000003	1.5060545490000001	14.51464828	140.6092758328
t370	37.78958162	3.917169763999999	1.4939044470000002	14.54229332	140.61312350539998
t371	36.708182640000004	3.59917704995	1.5043588639999999	14.47948173	138.60338436864998
t372	37.51538802	3.9803256739999995	1.4880569472	14.460254220000001	140.15376676379998
t373	36.71582944	3.4740437911	1.5193602590000002	15.05878097	139.93773888279998
t374	37.45341463	3.8876128959999994	1.5174872010000002	14.76617482	140.75582039679998
t375	37.544179760000006	3.956961558	1.508313424	14.4300237	139.8433333803
t376	37.39006551999999	3.873314939	1.5073338436	14.67021931	139.78965115830002
t377	36.54014462	3.645419437612	1.527206144	14.57896385	138.613107571812
t378	37.47378574	4.071102328	1.543459914	14.806736810000002	140.602212595
t379	37.482065320000004	3.8996763329999995	1.530393075	14.713646760000001	140.0626603026
t380	36.376871660000006	3.6386611219900002	1.519128559	14.6888832	138.26491195919
t381	36.3887673	3.626732998532	1.548913835	14.857834749999999	138.645175863532
t382	36.11775571	3.60802467966	1.5144694865	14.957173560000001	138.24553750055998
t383	37.32452412000001	4.111601576	1.5111491883000001	14.925096099999998	140.4321448073
t384	36.17988941	3.6723998234299997	1.561843825	15.30829967	139.75660483343
t385	37.2317637	4.0945446610000005	1.5425452979999998	15.11385727	140.9319820022
t386	36.708842250000004	3.921273976	1.5423427570000001	14.82641035	139.36647726019999
t387	36.033096900000004	3.6513104774999996	1.5718274749999999	15.08783324	138.27638473949997
t388	37.16813919	4.22429635	1.579943621	15.193133029999998	141.6384766272
t389	36.85759575	3.9702025450000002	1.5864453809999999	15.25843799	140.87360950779998
t390	37.03791279	4.119777907	1.5744857620000001	15.307974120000003	141.4490976546
t391	36.903570939999994	4.137174283	1.584200444	15.351760819999999	141.23405362186
t392	35.595807810000004	3.9417401819999998	1.5784757729999999	15.056276269999998	138.345524769
t393	36.88684166	4.126881292999999	1.599384029	14.974133929999997	140.21242116999997
t394	35.562735710000005	3.5202459531400003	1.586927529	15.433402630000002	138.58310144254
t395	36.44099154	4.065044768	1.610563983	15.429592869999999	140.3512387075
t396	36.80653124999999	4.218050347999999	1.6073176839999999	15.33431699	141.1299810698
t397	36.708520379999996	4.24121293	1.6253255589999998	15.389014520000002	141.0107976045
t398	36.73113051	4.197228464	1.623437845	15.469946779999999	141.12421430799
t399	35.576827349999995	3.7693360096629998	1.6000239710000002	15.5521702	138.929489191963
t400	36.61558463	4.24964982	1.59721759	15.49001816	140.84747984675
t401	36.61623888	4.158285213	1.596556317	15.620281780000001	141.0937115081
t402	35.272065989999994	3.5625530364	1.6197144530000003	15.715034069999998	138.5661612662
t403	35.27603789	3.6403651746000003	1.63246754	15.65564635	138.67115381109997
t404	35.288022999999995	3.80333212656	1.619204539	15.776724770000001	138.83771467056002
t405	36.5627046	4.30159693	1.659969539	15.76850309	141.360303082
t406	36.13925211	4.250828514	1.6344734060000001	15.775526550000002	140.7718845005
t407	35.04090287	3.6034635152	1.628236214	15.65212487	138.3997953372
t408	35.11510814	3.8190183504690003	1.615313761	15.681263730000001	138.533460287969
t409	36.20567635	4.305092947	1.6593598219999999	15.748094920000002	141.20102102350003
t410	36.25526612	4.292446168000001	1.656097795	15.705621910000001	140.7364224385
t411	34.86828214	3.63497774084	1.6865164300000002	15.97687101	138.49098096134
t412	34.91471088	3.6911648744	1.6305657620000003	15.850685749999997	138.4051816839
t413	34.76516262	3.7015260497600004	1.6334998310000004	15.577162750000001	137.40728243796002
t414	35.85351072	4.2109866170000005	1.6543271179999999	15.84542362	140.04839717380003
t415	34.80722129	3.6435918751500003	1.678057264	16.03458893	138.32388763838998
t416	35.00327764000001	3.7151850108	1.674417644	16.05077483	138.67961431796002
t417	34.95615816	3.76083782215	1.676100371	15.952142939999998	138.77241200815
t418	34.946422850000005	3.7120392959999995	1.6523303619999998	16.205242100000003	139.207838919
t419	34.61943445	3.7446283242	1.671780904	16.1886361	138.6392211182
t420	35.75082896999999	4.2880169100000005	1.6938423759999999	16.08931221	140.5910097626
t421	34.23161048	3.7343488999999996	1.650754408	15.924215830000001	137.220733598
t422	34.66094684	3.9094847806454	1.675289301	16.244764499999995	138.83274199454542
t423	34.461267680000006	3.662747476405	1.709781591	16.019849259999997	137.62368509760498
t424	34.39373191	3.727347675	1.663900746	16.11823539	137.727485325
t425	34.573224190000005	3.7782293375	1.694619925	16.03771565	137.88768286590002
t426	34.55811912	3.79086577107	1.6854010330000002	16.3985253	138.76312929507
t427	34.22784038	3.7873462598999996	1.6733289139999998	16.244142580000002	137.8591699409
t428	34.4339755	3.79522948016	1.6809069829999999	16.33364941	138.16893511135999
t429	34.318896300000006	3.91985581101	1.699384239	16.39273484	138.59675505801002
t430	34.383579749999996	3.8160954129999998	1.737659162	16.2492793	138.5499149632
t431	34.106154450000005	3.7749107944699998	1.707372335	16.4512461	138.38096436447
t432	34.14613391	3.8054403206000003	1.6862401866	16.43130478	137.8541970222
t433	34.255377210000006	3.8222181597	1.7240255070000001	16.35913991	138.4038411917
t434	34.17719378	3.8332148328100004	1.715281881	16.4662543	138.35223513501
t435	34.118714620000006	3.85544731057	1.7274677250000001	16.32720539	137.96614050457
t436	33.86991323	3.7846021528	1.715194782	16.388221469999998	137.13596266590002
t437	33.69665794	3.8451969130299997	1.7097240790000001	16.5616548	137.92483465332998
t438	33.94474181	3.83987502412	1.70367837	16.45309173	137.72536552379998
t439	34.82699717	4.416712941	1.7295344380000002	16.47576064	139.92166809704003
t440	33.73476837	3.8211646771	1.722300255	16.8144981	138.24422314609998
t441	33.663640959999995	3.840856713640001	1.753067152	16.77628	138.52132039575
t442	33.63758116	3.8165630263	1.726443449	16.671752299999998	137.6982964176
t443	33.63767448	4.00291212678	1.7344601540000002	16.7947234	138.30501790811002
t444	33.71161955	4.022929606371	1.762967219	16.7478251	138.586008584371
t445	33.84867363	3.8760667005300005	1.751033544	16.7260612	138.30214971143
t446	33.458551310000004	3.8355998587299998	1.7258091869	16.45113859	136.56561112782998
t447	34.67898656	4.50161389	1.7525759660000002	16.962376700000004	140.745207048
t448	33.40901586	3.8460441090099997	1.75279133	16.9844059	137.96754438101
t449	33.29874832	3.86555554929	1.757086871	16.7893449	137.44600897049
t450	33.31546512999999	3.8464921076000005	1.78352466	17.1062345	137.92509777259997
t451	33.35803721	3.8815908533999997	1.767607787	16.69893532	137.2170743154
t452	33.163944150000006	3.88597069728	1.7872854389999997	16.914498799999997	137.77877850668003
t453	34.33530631	4.530290004	1.7865936	16.967152900000002	140.3869067735
t454	33.309625170000004	3.9343278301099995	1.7571527507	16.820232640000004	137.38693725681
t455	33.013769429999996	3.93762401377	1.7742540089999999	16.9384226	137.15507298077
t456	33.245245319999995	3.9498651142	1.783834445	16.9550672	137.63317984030002
t457	33.22030674	3.9895812473	1.7536534539000002	16.90213993	137.2386234732
t458	33.404552110000004	3.98063940994	1.7917876220000002	16.9285707	137.95627107557
t459	32.38561881	3.8856596902100002	1.7939669280000001	17.009146700000002	136.45114725421
t460	33.200038819999996	4.17606799177	1.8335938619999999	17.1509934	138.16427150477
t461	33.21837784	4.0083298029600005	1.796361829	16.99665829	137.23916133626003
t462	32.96817164	4.147575750922	1.8105139540000001	17.1922736	138.115433934922
t463	34.12562649	4.581957329000001	1.783120437	16.99434812	139.3510845042
t464	32.75681702	3.96624695658	1.800465181	17.3831108	138.00740429118
t465	32.816082460000004	4.15024788728	1.804369495	17.4620568	138.21124130238
t466	33.00746047	4.0452802461	1.8313550539999999	17.374484	138.30703505320002
t467	32.58715649	4.00223535317	1.8187350220000003	17.2724368	137.51687588137
t468	32.62192452	4.00803430979	1.8042296269999998	17.255782900000003	137.30834643989002
t469	32.82380433	4.1956935443	1.827628088	17.246015500000002	137.641749018
t470	32.59828964	3.9581371689	1.812518319	17.20336578	136.6029791599
t471	32.32860834	4.0033284855	1.815939325	17.5305599	137.51682221480002
t472	32.11066674	4.000936860218999	1.8201183360000002	17.2979616	136.440578868219
t473	32.44766412	4.05033601736	1.81594532	17.448714399999997	137.12052003536
t474	32.58090686	4.1979302479000005	1.835235135	17.5971754	137.71213791769998
t475	32.314077510000004	4.0435704648	1.8471019000000002	17.3743555	137.158646244
t476	33.61586495	4.698666289	1.855229027	17.6024186	140.12834208706
t477	32.2376964	4.0077210776	1.8677132810000001	17.570444999999996	137.7405607826
t478	32.482512619999994	4.0876096207	1.8494053529999999	17.6200011	138.0351563819
t479	32.20501597	4.0470267131	1.8376993179999999	17.448056199999996	137.0722501903
t480	32.23773542	4.0379398564999995	1.852390164	17.7083509	137.6020273495
t481	32.14167598	4.043221426600001	1.8554815049999998	17.679524500000003	137.4402924356
t482	33.358669219999996	4.724317831	1.8710277489999998	17.6055597	139.83292146120002
t483	33.080713610000004	4.553943863	1.8956107750000002	17.7855987	139.96306632499997
t484	32.17585975	4.2409132646300005	1.8402987	17.571934	137.12215887763
t485	32.05965723	4.259559343684	1.864037969	17.776909500000002	137.78891799508398
t486	31.934876929999998	4.09368472923	1.860983941	17.8454932	136.89165157942998
t487	31.902641600000003	4.08356348261	1.8761937100000003	17.618257900000003	136.72494000201
t488	31.815349509999997	4.0900571368000005	1.854464632	17.09391581	134.5711657008
t489	31.751598360000003	4.0774839842	1.8815855579999998	18.0524565	137.65627620000004
t490	32.649498109999996	4.6177608569999995	1.9088731340000002	17.8271177	139.2117729594
t491	31.894514269999995	4.26957599465	1.901696995	17.6588466	136.50624321595
t492	31.697476889999997	4.2670175931	1.867994508	17.792477100000003	136.994685441
t493	31.662219150000002	4.1073782536	1.875908269	17.841694699999998	136.70046238880002
t494	31.660075180000003	4.32558980968	1.890868608	17.920883500000002	137.61006393968003
t495	31.591531869999997	4.12171176133	1.887814124	17.958222299999996	136.77179858533
t496	31.477145330000003	4.1250646071	1.8863155839	18.161471899999995	137.30997154722803
t497	31.55756912	4.3168774153900005	1.9135948630000001	18.1958699	137.83959872159
t498	31.44011798	4.33282682638	1.9195497169999998	18.050343600000005	137.48607281994998
t499	32.565742379999996	4.705397668	1.8965541473000003	18.1272451	138.9728299083
t500	31.54626635	4.2032623804	1.897923582	18.2620113	137.7785781662
t501	31.414995049999998	4.18117625538	1.9227183820000002	18.377087699999997	137.58269455038
t502	31.206038399999997	4.2184215565	1.911117575	18.1080178	136.2149892845
t503	31.225556370000003	4.182014804426999	1.943929826	18.265445899999996	137.144640555427
t504	31.229065459999998	4.1965193976999995	1.9424630649999999	18.374920200000002	137.5519412244
t505	31.237812480000002	4.373791052700001	1.9176447799999998	17.60046658	135.14900364669998
t506	31.09535384	4.217008755479999	1.9304696739999998	18.407744200000007	137.52716726588
t507	31.24925607	4.363076583070001	1.9207255431999999	18.249500399999995	137.07896985526997
t508	31.119110830000004	4.38797064329	1.9485398100000002	18.593766999999993	138.04543802908998
t509	31.231572640000003	4.39199334276	1.9194863	18.406873799999996	137.23286401566
t510	31.05923166	4.226769184300001	1.9208008618999999	18.399874199999996	137.12115291019998
t511	31.89853423	4.811174662	1.9234915679999998	18.2141688	138.592658814
t512	31.430256919999998	4.562052318	1.964369041	17.789089760000003	135.6551009486
t513	31.31515503	4.524457901199999	1.940227817	18.310262400000003	137.7187204499
t514	31.04565067	4.42292046404	1.9387007660000002	18.3737257	136.90630284504002
t515	30.819205170000004	4.27530695908	1.94780493	18.7343654	137.25051783907998
t516	30.746509350000004	4.25387149335	1.9559658730000002	18.4577036	136.93630976735002
t517	31.07920515	4.49879292102	1.930803634	18.6357683	137.71802490462
t518	30.648107420000002	4.28623177798	1.9607804789999999	18.271990800000005	135.98987435208002
t519	31.797470369999996	4.912751310000001	1.957372162	18.552280899999996	139.21706540503
t520	30.732813280000002	4.46105623129	1.9663294260000002	18.676688600000002	137.30374577909
t521	30.49614664	4.3125693961	1.9362672389	18.6392845	136.2721878999
t522	30.55036119	4.2837157907	1.9522616068	18.652044200000002	136.7218806598
t523	30.4377663	4.3376448774	1.9704058420000001	18.5225226	136.5372229529
t524	30.27084756	4.3258503172	1.9641465728	18.6162551	136.2294033386
t525	30.30008968	4.3030209198	1.9807058979999999	18.088451299999996	134.29470313619998
t526	30.30703862	4.4717132875	1.981682398	18.150629480000003	134.4123145715
t527	30.31721229	4.301341438100001	1.9844076350000002	18.8051988	136.4583983998
t528	30.37567144	4.49107358361	1.993437693	18.862660599999995	137.16116080971
t529	30.23617636	4.3351401742	1.999651412	18.753649099999993	136.03869218120002
t530	30.24355296	4.522761006907	2.0033562509999996	19.031744499999995	137.22667509890698
t531	30.241505580000002	4.548775143183001	2.0215144790000004	19.1576833	137.421113399183
t532	30.09953633	4.3109925985999995	2.0065007799999997	18.421873700000003	135.09350277303002
t533	30.06377912	4.52696727991	1.9937120765	18.049456730000003	133.98363026231002
t534	30.15028791	4.36857481758	2.013175597	18.878224699999997	136.32705737487998
t535	30.015343979999997	4.379224601100001	2.0131228979999998	18.31715491	133.9135277943
t536	29.994896349999998	4.3729677368	2.0045946411999997	19.053754000000005	136.67262380940002
t537	30.011421409999997	4.3576827626600005	2.0144153329999996	18.823861699999995	135.84393951966
t538	30.02630118	4.368755177470001	2.01465651	18.9880084	136.69914481537
t539	29.99520452	4.572643011054001	2.0382910489999997	19.056185300000003	137.09067482805398
t540	29.63384963	4.3827350344000005	2.0000197082	18.392405059999998	133.6771484601
t541	29.71330011	4.429629207091	1.9992735248	18.5876424	133.97723709489102
t542	29.787649780000002	4.58817916278	2.02422312	18.443009290000003	134.29353554678
t543	29.75668072	4.587791659119	2.020903825	19.422111000000005	137.581193463819
t544	29.72010088	4.561391996269999	2.021056592	18.971553099999998	136.37057955477
t545	29.79205769	4.59302765473	2.0186941741	19.215162800000005	136.73541068043
t546	29.770033859999998	4.5893929263	2.0225638837999997	19.110378	136.3276226601
t547	29.908379179999997	4.5058271897	2.048631792	19.463620099999996	137.3039910327
t548	29.5734117	4.62631151425	2.0352396209999997	19.315033399999997	136.81373404485
t549	29.519345599999998	4.427004019	2.0437136049999998	19.346042100000002	136.3078067249
t550	30.789830350000003	5.0629279579999995	2.0919606319999997	19.196486800000002	138.6959815607
t551	29.56488677	4.63936406343	2.070102263	19.238768999999998	136.38349143842999
t552	30.712563699999997	5.051950522	2.043894544	19.304725299999998	138.64385212483
t553	28.9737644	4.4521169567	2.058632372	18.808157480000006	133.27470021189998
t554	29.3253105	4.45288360382	2.0240643464000003	18.71075309	133.3041818387
t555	29.1829642	4.4857291431	2.06046349	19.4881591	136.11479097909998
t556	29.669288890000004	4.74624431476	2.055443291	19.2447198	136.53069021075999
t557	29.16538658	4.5071760309	2.104292008	18.8435964	133.9977551965
t558	29.29920921	4.699090002637	2.078442081	19.683274700000002	137.492088103737
t559	29.264398309999997	4.523105650100001	2.103386921	19.5869765	136.423090967
t560	29.26076863	4.69173218497	2.0759261220000003	19.765997799999997	137.59445225577
t561	29.226330760000003	4.49848467132	2.062216993	19.368882800000005	135.88820964462
t562	28.98151387	4.670203333129999	2.074516153	19.539851600000002	136.29706843833
t563	29.19901619	4.714498293819	2.105865723	19.570966799999994	136.615561259819
t564	29.10359193	4.7188522306439	2.103267585	19.5912492	137.0613210836439
t565	29.044428500000002	4.7158591863299995	2.095524596	19.6622501	136.81467456452998
t566	29.086521249999997	4.7303394075220995	2.1055824469999997	19.0949247	134.2889521855221
t567	28.90102786	4.5183464737	2.086559435	19.768538199999995	136.1978259457
t568	28.843000260000004	4.57383966456	2.112260776	19.119271	133.82696007165998
t569	28.80861529	4.57236499527	2.0878897643000003	19.748785700000006	135.99313259367003
t570	28.843858429999997	4.709590582230001	2.1201645669999998	19.837355000000002	136.53103342332997
t571	28.80388954	4.746490943704	2.103993971	19.3024182	134.419636685104
t572	28.843308450000002	4.7221068552	2.107184288	20.0070245	137.1724076763
t573	28.68462436	4.60981333881	2.119727761	19.0244862	133.40962334801003
t574	28.78324695	4.6130567284	2.09288003	19.8554418	136.64967825389996
t575	28.755658999999998	4.7699565803	2.115685994	19.868459599999994	136.2907938122
t576	28.626804040000003	4.75861121041	2.1425939069999997	20.030884699999998	136.93053256781002
t577	28.58485177	4.74035991127	2.145909528	19.307668300000007	133.88361378187
t578	28.394363860000002	4.5976748779	2.15433853	19.2867355	133.7122526826
t579	28.6016457	4.7859042447733	2.1340079530000002	20.106242	136.7048037001733
t580	28.520088960000002	4.78964799171	2.1373161	20.1584865	136.40920447551
t581	28.471865899999997	4.7680799682399995	2.1280516030000003	20.103561299999996	136.36459673044
t582	28.55479011	4.805976285170001	2.173191408	20.226380400000007	137.18520864407
t583	28.50475109	4.789086988159999	2.157495374	19.972715700000002	136.51988040316
t584	28.39894456	4.82531539795	2.216919844	20.220593200000003	137.25089834195
t585	28.40470574	4.808076240769999	2.193563429	20.1530206	136.53614821277
t586	28.35462416	4.8219229856000005	2.1531083410000003	20.2002056	136.5129261716
t587	28.23228049	4.838649456720001	2.180458892	20.180996899999997	136.21938104172
t588	28.32440767	4.80381228865	2.1622668270000003	20.052834999999998	136.19110616805003
t589	28.33016604	4.81858656126	2.158783175	20.371682399999994	136.81623184196
t590	28.13074079	4.851702803224	2.174413436	19.647766400000002	134.130963059724
t591	28.05395029	4.636625562110001	2.179840515	20.260554500000005	135.64835554311
t592	28.15621778	4.80443228801	2.184093554	19.633118499999995	134.16332528691
t593	27.5834164	4.85630742968	2.210338649	19.622657300000007	133.48138956398
t594	28.03282343	4.8477269554669995	2.1324388326	20.344807800000005	135.801142232067
t595	29.2766758	5.259838085	2.1926712100000003	20.3277407	138.834397342
t596	28.0485129	4.889125813841	2.181680001	20.349417199999998	136.282467743341
t597	28.0201476	4.875121712338	2.203964105	20.228955300000003	136.01897789373797
t598	27.899735910000004	4.88136209338	2.187082394	19.931273900000004	134.26343302938002
t599	27.810920860000003	4.873650847781	2.200809736	20.3765048	135.702669398581
t600	27.753168730000002	4.88568597977	2.216678014	20.455705800000004	136.12057976347
t601	27.812607670000002	4.903366074465	2.221745519	20.574171699999997	136.82231320246498
t602	27.832504489999998	4.90675999896	2.199726761	20.024919599999997	134.01246282746
t603	27.774703	4.915548494609999	2.243574516	20.5232763	136.03313648973
t604	27.747530949999998	4.9125088117499995	2.191492619	20.624896	136.18345877975
t605	27.729836230000004	4.9256426571913	2.221121352	20.9362048	136.9635330758413
t606	27.555369579999997	4.9055515766	2.265863643	20.772374899999996	136.6446318296
t607	27.5030529	4.7634786752939995	2.190915262	19.879204699999995	133.090588334094
t608	27.58488363	4.90969202676	2.209696523	20.783456200000007	136.35289791876002
t609	27.383435470000002	4.9141109364	2.19066135	20.439072300000007	135.15890173282
t610	27.51830452	4.912501375164	2.255905311	20.799002100000003	136.107423242864
t611	27.120716880000003	4.902610334230001	2.22147207	20.901678499999996	135.8670707179
t612	27.27982448	4.800265176679999	2.200682457	21.149793500000005	136.65498538097998
t613	26.97165193	4.8222538382	2.1447082683	20.023451599999998	133.88232792340602
t614	27.269681239999997	4.95218057507	2.255470587	20.713416699999996	135.93846694146998
t615	27.294391240000003	4.959496916334	2.2002707525	20.1653498	133.850786965434
t616	26.875263589999996	4.953278408466	2.236104674	20.342457700000004	133.209428839466
t617	27.256009130000002	4.93197296916	2.221907511	20.6820113	135.44619892646
t618	27.19484705	4.992140325219999	2.26461545	20.956779599999994	136.45123396802
t619	27.165126370000003	4.96286544248	2.2502324209999998	20.9162765	136.26575451148
t620	27.17184949	4.9795971331299995	2.28369739	20.8901757	136.32556658763
t621	27.161703829999997	4.99628369873	2.292065873	20.893142899999997	136.16597396873
t622	27.17176734	4.991408076312	2.2425685820000005	21.015649700000004	136.071324016812
t623	27.1121193	4.99711717758	2.233637272	20.224984799999998	133.59556202617998
t624	26.958297899999998	4.99323205274	2.328174053	21.130442800000004	136.75606866264
t625	26.973696099999998	4.9722897932	2.277053452	20.891150000000003	135.7019829293
t626	26.857724719999997	5.003481338599999	2.2484918113	20.609486100000005	133.65634928289998
t627	26.96425384	5.0168584121399995	2.291774989	20.964261200000003	136.02498682814
t628	26.894258729999997	5.0161652419500005	2.241073198	21.0646322	136.02628779404998
t629	26.824971230000003	5.00768234436	2.3071320880000004	21.2614525	136.52916150046
t630	26.89174173	5.04946305157	2.3372375479999996	20.2986445	133.70147555156998
t631	26.77841598	5.014140435507	2.291563302	21.2990145	136.365992428507
t632	26.70868539	5.0584167327	2.300747952	21.1799172	136.15866138180002
t633	26.652852980000002	5.030836355939	2.327724744	21.227004599999997	135.893681980539
t634	26.387963909999996	5.04289983289	2.2572799089999998	20.6383612	133.10255294658998
t635	26.598966920000002	5.046282689619999	2.335011452	21.1124329	135.75510756322
t636	26.58764407	5.04672459307	2.277781836	20.968206099999996	135.26763637687
t637	26.513131169999998	5.074375348549999	2.3071909870000002	21.297432399999998	135.61351274155
t638	26.52264898	5.03379282147	2.296376702	21.292325100000006	135.80903257546998
t639	26.52269093	5.102021043640001	2.32209223	20.942153399999995	133.98991322284
t640	26.43153428	5.070996961806999	2.341201096	21.299473499999998	135.70739108070703
t641	26.458342619999996	5.0794458455300004	2.306516222	20.701686499999997	133.29971794122997
t642	25.94856565	5.08103925229	2.2964123158	21.020631	133.27029307379
t643	26.424659169999998	5.098775282369999	2.308151483	20.772759399999995	133.47053233846998
t644	26.25258921	5.08743013873	2.3154392440000002	21.4443153	135.26264529603
t645	26.26388341	5.0846184182	2.3383224289999998	20.763456899999998	133.40956223720002
t646	26.2744262	5.12470072675	2.323868163	21.3879996	135.26201180575
t647	26.202441630000003	5.10799753404	2.332413139	21.6899594	135.92539830404002
t648	26.298820499999998	5.126958536001999	2.3459065270000004	21.864580699999998	136.465848899002
t649	26.169057170000002	5.125874327169999	2.298646678	21.5709524	135.60910176676998
t650	26.18549831	5.148241081679	2.332433648	21.909817800000006	136.41957080867903
t651	26.12374544	5.14848185846	2.37278664	21.035724500000004	133.46321468246
t652	26.04445397	5.13466227414	2.338655982	21.8560036	135.99101819314
t653	26.081670340000002	5.15395239067	2.3481353040000004	21.485847	135.42568536367
t654	25.833542180000002	4.990150647199999	2.339990722	21.208875300000003	133.0880877722
t655	25.96350715	5.11928257933	2.368614659	21.612801100000002	135.51988584553
t656	25.887310569999997	5.16807447929	2.375022821	21.090856200000005	133.44136008769001
t657	26.00399821	5.17666145525	2.3797815690000004	21.729376599999995	136.34055317095
t658	25.837937269999998	5.112128621099999	2.326105537	20.9373619	132.54931163479998
t659	25.82451983	5.179793410192	2.3604785429999997	21.6363534	135.236933676192
t660	27.026639770000003	5.527409099	2.364527812	21.9289418	138.32698104269997
t661	25.78310012	5.186849973209	2.366198936	22.072397000000002	136.52259874810898
t662	25.76002089	5.1881142892000005	2.3609471600000003	21.694657300000003	135.82888934579998
t663	25.84384582	5.19970231242	2.3342409095	21.363431700000003	133.36056964921997
t664	25.79174174	5.172205764	2.389496471	21.2701516	133.585087039
t665	25.524266669999996	5.18364395031	2.35065194	21.6098575	135.31171872410997
t666	25.69225219	5.18383476035	2.3663151540000005	21.9652962	135.50279493614997
t667	25.47064838	5.19524512704	2.418275279	21.3748334	133.25334931204
t668	25.552843180000004	5.23406854692	2.407343481	22.0841024	136.23869224652003
t669	25.508011359999998	5.2171236401181	2.407532752	21.922440700000006	135.9117651771181
t670	25.53478965	5.216409818230001	2.39546743	22.125696100000003	135.97234557813
t671	25.431476179999997	5.229465670679999	2.40252185	22.2248817	136.08475834567997
t672	25.42704483	5.24812080408	2.456266477	22.3094057	136.29333871338
t673	25.335886600000002	5.24768427836	2.4201811109999998	21.6189919	133.56416149936
t674	26.646008470000005	5.5932352299999994	2.389634128	22.022466599999998	137.573502623
t675	25.535555730000002	5.2511073557	2.350632751	21.718711899999995	135.0054068413
t676	25.31246687	5.2601240245	2.393375935	22.2626711	136.27896178349997
t677	25.19247647	5.27974495633	2.424115859	22.282333400000002	135.76499581502998
t678	25.21356017	5.262258484686	2.416444336	22.1860116	135.96719749418602
t679	25.141533810000002	5.259389991347	2.432699939	22.009088300000002	135.090388406347
t680	25.210795689999998	5.269215909700001	2.440328612	22.234258	135.9368675236
t681	25.07484448	5.27851196142	2.433710539	21.614461599999995	133.46306004642
t682	25.08365214	5.2925024147110005	2.4536768479999997	22.378363300000004	135.989361282711
t683	25.0775232	5.268918426290001	2.4601819309999997	22.3872196	135.87051621929
t684	25.0005017	5.283921993029001	2.44929169	22.579515200000003	136.011367287029
t685	24.970718069999997	5.310290210290001	2.404385576	21.553748900000002	133.04662383509
t686	25.00957087	5.2840363019600005	2.4532069940000003	22.157847899999997	135.73710257126
t687	25.07180446	5.33636474353	2.454432958	22.397259799999997	136.11259932363
t688	24.949755959999997	5.31342959116	2.507174849	22.698755700000003	135.97656467416002
t689	24.9064971	5.29748353005	2.4652096230000002	21.66735289999999	133.16701922455002
t690	24.98136708	5.30086043064	2.425234698	22.402207499999996	136.23415923764
t691	24.95699277	5.32485154081	2.4213298	22.231007200000008	135.71535825390998
t692	24.76614326	5.345819570620001	2.4790003979999997	21.9279682	133.54847737091998
t693	24.63717927	5.3406167368099995	2.444293783	21.9892543	133.43247737721
t694	24.82183175	5.328757932739999	2.498622272	22.579549399999998	135.66461244694
t695	24.788026709999997	5.332041454613	2.451334789	22.581915999999996	135.746301926613
t696	24.682993279999998	5.3220900263	2.497492635	22.6917673	135.6117980858
t697	24.44603412	5.341740570393	2.503742474	22.127361	133.25810765769302
t698	24.580503469999996	5.32908699939	2.435678696	22.089439499999997	133.54635761139
t699	24.308090640000003	5.3434279707200005	2.466243176	21.9435328	132.84894029862
t700	24.535012809999998	5.35267893324	2.4874739519999998	22.8042064	135.94221555064001
t701	24.51806697	5.349615422404	2.462351088	22.614380699999998	135.36942107540398
t702	24.4280666	5.359371507600001	2.5111987100000004	22.9196902	135.89490383150002
t703	24.454160540000004	5.38038706303	2.497061756	22.986760800000003	136.14572147503
t704	24.380011120000002	5.37429068813	2.478901708	22.566903000000003	135.31747624682998
t705	24.496039909999997	5.3687325568099995	2.502683163	21.886437800000003	132.94562590888
t706	24.32053378	5.393041503331	2.4401142546	22.652669000000003	135.27582572783098
t707	24.406874799999997	5.411914233339999	2.4732925239999997	21.885722299999998	133.300947183093
t708	24.31890189	5.362863464492	2.501868192	22.514335	135.195906483492
t709	24.359522650000002	5.37594374834	2.565799297	22.8096916	135.78736336034
t710	24.3904101	5.39363567221	2.4459336229999997	22.145417900000005	133.44893475391
t711	24.10419802	5.425304029434	2.501334613	23.098431899999994	135.950453159634
t712	24.191212980000003	5.382909043291001	2.46932534	22.223784999999996	133.308412846991
t713	24.1664722	5.42185987591	2.5052135399999997	22.8340168	135.29710156391
t714	24.191230089999998	5.404267674000001	2.5239262040000003	22.724552300000006	135.75169073100002
t715	24.11633718	5.41992209455	2.473534492	22.814724500000004	135.39602516425
t716	24.17176006	5.41955241635	2.520695914	22.932355500000003	135.63939778204997
t717	24.027785279999996	5.42389604293	2.6055653439999995	23.100325499999997	136.05510438522998
t718	24.03199617	5.4550055174	2.518463665	22.3672765	133.3096416917
t719	23.98962255	5.41909587306	2.538394356	22.944931300000004	135.13312446566
t720	24.07369171	5.464585985909999	2.54454049	22.7994014	135.61361868659998
t721	23.98399306	5.45793776185	2.5372458069999997	23.181531899999996	135.82231738104997
t722	23.74138576	5.4138633727	2.5662719160000003	23.075869699999995	135.15899327469998
t723	23.929787500000003	5.46109599132	2.513451104	23.2511245	135.97134391932
t724	23.790080189999998	5.442669771229999	2.556052901	22.841100200000007	135.09066535833
t725	23.70333377	5.47806908574	2.590623162	23.1207828	135.71208935204
t726	23.79184051	5.4978604932	2.592744082	23.1685357	135.8598819088
t727	23.71076574	5.494819393762101	2.579388839	23.370690399999997	136.0517494807621
t728	23.719522930000004	5.4948595206	2.557006907	22.575912900000006	133.2537200936
t729	23.670857989999995	5.45513059983	2.548453675	22.479812000000003	132.87955098093
t730	23.64937359	5.48936937917	2.523477501	22.438766399999995	132.67351909347
t731	23.72980016	5.494771737249999	2.574890984	23.0181872	135.77640743905
t732	23.53925015	5.495608873590001	2.553688798	23.0336512	135.03395023279003
t733	23.27380783	5.496961679399999	2.621281883	23.4510513	135.6697538544
t734	23.45423401	5.47235430313	2.53799719	22.665806400000005	132.78661617813
t735	23.41922499	5.485111664492999	2.540656929	23.3931167	135.783128882393
t736	23.45350555	5.543347768269999	2.5916805590000003	23.303420499999998	135.36654058577
t737	23.41947999	5.556816997806	2.620067579	23.549125099999998	135.98972161780597
t738	23.380345489999996	5.542291659073	2.530078479	23.6216576	135.674214495573
t739	23.43089084	5.541658836389999	2.558243977	23.389435899999995	135.68697432039
t740	23.362814469999996	5.54530846724	2.535331169	22.6412347	132.56052226324
t741	23.326129950000002	5.4948767131	2.574409199	22.620606100000003	132.7742282051
t742	23.16230737	5.52447479975	2.574052805	23.802453399999997	135.83002736474998
t743	23.300114470000004	5.5500464311	2.6034568829999998	23.570732000000007	135.8974352085
t744	23.217285240000002	5.5434089981	2.617936727	23.571986300000006	135.963308895
t745	23.20759481	5.55365667638	2.615913141	23.356492900000003	135.65313929913998
t746	23.11914085	5.5495239813	2.572959814	23.425470099999995	134.49317145029997
t747	23.0466696	5.57453655893	2.615199402	22.913498099999998	132.58331948593
t748	23.05508332	5.53195350617	2.581984715	23.251052	134.36185853151002
t749	23.13451043	5.57759491534	2.598610645	23.5841356	136.07363841184002
t750	23.10307276	5.5894260455	2.670063339	23.672964399999998	135.904386506
t751	23.05950901	5.575748144690001	2.6091341769999996	22.945239899999997	132.9233898357
t752	22.992534239999998	5.593944357210001	2.607215357	23.612304400000003	135.32250936620997
t753	22.862616420000002	5.61435011791	2.649810382	23.119326100000006	132.65354914891
t754	23.00239375	5.60905652795	2.586728263	23.398065200000005	135.06993967595
t755	22.834722739999997	5.57862391029	2.5658472249999997	23.031286299999998	132.87322100128998
t756	22.70409883	5.57450594089	2.628463797	23.863764600000003	135.43450816389
t757	22.579450729999998	5.58725653186	2.618218143	23.2301516	132.91990287886
t758	22.870662099999997	5.63112706181	2.6116881830000005	23.616710199999996	135.13480271741
t759	22.84554125	5.60872969168	2.6369853469999995	23.666606200000004	135.65788553308
t760	22.80728964	5.616891745359999	2.640569387	22.900159000000002	132.17057349516
t761	22.81663514	5.58987289615	2.620006568	23.776488099999998	135.33434010515
t762	22.711846810000004	5.618257025008999	2.6311925690000004	23.241502899999997	132.949370164789
t763	22.76202668	5.6351302164199994	2.616583656	23.719225999999995	135.44414098142
t764	22.717197849999998	5.614423678024	2.6017259370000003	23.161413200000002	132.694044560024
t765	22.64918668	5.6259543596	2.609266613	23.157259800000002	132.8713613256
t766	22.480424720000002	5.64866306836	2.62096621	23.371597199999997	132.80161748176002
t767	22.58945304	5.6478330644287	2.604370275	23.2486448	132.61658479742871
t768	22.593770029999998	5.6061740243200004	2.657535871	24.1730319	135.46237721994
t769	22.576283609999997	5.6456404272	2.608628272	23.568699799999994	134.4753124762
t770	22.500081899999998	5.66889543749	2.6585108379999998	23.389346399999997	133.19352402908999
t771	22.438786110000002	5.6679979864	2.6611774219999997	23.580294600000002	133.1784154191
t772	22.47355159	5.68008981416	2.704508403	23.705936600000005	133.50723114506
t773	22.06969297	5.663341841279999	2.6456887810000005	23.930606	134.53807658415
t774	22.41338107	5.6714272483700015	2.6380309769999997	23.9690167	134.99016456647
t775	22.17817718	5.620491763	2.6537413040000004	23.945776399999996	134.83654607280002
t776	22.399112419999998	5.692890798500001	2.706447958	23.975628699999998	135.6989515726
t777	22.28745333	5.68307822628	2.66568388	24.1445883	135.34594084778
t778	22.30951	5.7035914435979995	2.7142184940000003	24.244438300000006	135.528203011398
t779	22.217805759999997	5.703044343687001	2.704783804	24.153325499999998	135.629912065687
t780	22.30888784	5.716460080973799	2.70312711	24.1732751	135.8182903804738
t781	22.192377190000002	5.704391281900001	2.658098905	24.180083299999996	134.9564020249
t782	22.1626016	5.72205521903	2.678636252	24.3525801	135.43378067003002
t783	22.09290921	5.729079986998	2.706097464	24.2752263	135.22193297299802
t784	22.05898627	5.71056462409	2.637956009	23.456219800000003	132.13292776878998
t785	21.967457	5.7168969901	2.684461151	24.1766101	135.4193010553
t786	21.888153959999997	5.714165376387	2.6670890500000004	24.0848909	134.264848357787
t787	21.82804644	5.70358776827	2.6230232752	24.159035499999995	134.52639181647
t788	21.938584740000003	5.7396973008189995	2.6812727709999997	23.6973063	132.81949523781898
t789	21.921129710000002	5.7282110285000005	2.685874301	23.894665500000002	132.9051224402
t790	21.87966361	5.720508888334	2.7388948490000002	24.292717900000003	134.88677872733402
t791	21.8300148	5.737920815819999	2.682903544	24.1887237	134.25999729782
t792	21.88778885	5.740512455655001	2.690308426	23.6736616	132.607649980455
t793	21.8483976	5.760719632140002	2.69847744	23.7596773	132.88520252014
t794	21.682344390000004	5.7720147008	2.7467548859999997	23.7619312	133.1335165593
t795	21.78435886	5.747652265439999	2.719981737	23.735674200000002	132.94624270984
t796	21.80655918	5.7617582630151	2.693869509	24.447788699999997	135.5874237934151
t797	21.67395501	5.784746568499999	2.738275871	24.568256799999993	135.255523703
t798	21.617240810000006	5.79539521777	2.718185512	23.860694900000006	133.15365207617
t799	21.4544739	5.78793532764	2.7260102560000004	24.045304100000003	132.72837828987997
t800	21.610292389999998	5.7901171499	2.7152187769999996	23.8394207	132.61117216302
t801	21.61352588	5.78737738196	2.730954329	23.917049000000002	132.20909956196
t802	21.53218261	5.802982094917999	2.765389202	23.987015799999998	132.865942319918
t803	21.45657832	5.793241038620001	2.7496728150000003	24.5599745	135.16215386561998
t804	21.4693728	5.79078779178	2.7838066789999996	23.999829400000003	132.81347287248
t805	21.44696356	5.821502960460999	2.709580491	23.828634899999994	132.219975621661
t806	21.31549639	5.79886357771	2.730555437	24.2231584	132.73844340371002
t807	21.33076756	5.7906766725	2.73216484	23.792226100000004	132.603580123
t808	21.141559309999998	5.81160416704	2.755791613	24.616554300000004	134.19903351603998
t809	21.09619542	5.830345220549999	2.7159353580000003	23.933838100000006	132.44526460495
t810	21.3351686	5.839040843299999	2.731958746	24.21188980000001	132.5350934461
t811	21.14232935	5.819916234	2.7159813620000004	24.102283699999994	132.5275122781
t812	21.256260840000003	5.82404806143	2.711933394	24.5093692	134.55294662843
t813	21.13805565	5.852408292500001	2.734396953	24.107753599999995	132.62443114369998
t814	21.22350721	5.83458381256	2.7180552189999996	24.7713294	135.03440133636002
t815	20.92593101	5.82918442009	2.7520311269999995	24.3113939	132.29155534209002
t816	21.04670528	5.86266641722	2.741811412	24.634425899999997	134.39063515642
t817	21.26429528	5.8200552527400005	2.711934259	24.1378267	132.58924649074
t818	21.071948830000004	5.84791692394	2.746935325	24.545479900000004	134.31154689194
t819	21.027115119999998	5.8426954247000005	2.727991315	24.611749300000003	133.7756953866
t820	21.08103578	5.898855766844	2.7907246349999997	25.0097486	135.230174433144
t821	21.08295146	5.86206818491	2.7446785	24.776434899999998	135.30791465291
t822	20.717780070000003	5.877190796980001	2.726359864	24.017998199999997	131.12782742878002
t823	20.895955720000003	5.86074355835	2.784691156	25.168738800000003	135.30734230235
t824	20.87078526	5.8801616985	2.759823585	24.1970295	131.796025411
t825	20.828113799999997	5.89312141365	2.7533163789999997	24.3204406	132.60909314165002
t826	20.857906840000002	5.8457386276	2.72244694	24.8665146	134.3367076803
t827	20.914784920000002	5.8985059768	2.7887109289999996	24.4002116	132.7142531008
t828	20.86587734	5.8953254723	2.7783254119999996	24.5404098	132.970900561
t829	20.67985134	5.91965795924	2.7903465529999996	24.960311000000004	134.96853668494
t830	20.708996289999998	5.904372746650001	2.755688494	25.0888542	134.75734643945
t831	20.702491100000003	5.9019957557	2.784979652	24.984054099999998	134.67328327869998
t832	20.826101899999998	5.8970332040499995	2.7867145979999997	24.655142900000005	132.80839590205
t833	20.75882833	5.903038503705	2.7542991590000003	24.351821700000002	131.988224813805
t834	20.69385243	5.935195651679999	2.8270165350000003	25.134379000000003	134.85010823668
t835	20.765461279999997	5.916014206362201	2.824822618	25.018781199999996	134.66965421106218
t836	20.54844833	5.88657353394	2.820153357	24.6265786	132.38522949254
t837	20.378834259999998	5.911208943499999	2.768363029	24.853229300000002	134.0730076555
t838	20.45237581	5.94064912131	2.823304383	24.6424109	132.17017819491002
t839	20.59655254	5.9281897398400005	2.7860183960000002	25.1319525	134.47314217284
t840	20.570787510000002	5.936686914119999	2.8619709899999997	24.467022300000004	132.40967002402
t841	20.332428450000002	5.9626108359000005	2.795389483	24.6369395	132.53303608550002
t842	20.366739260000003	5.9424791268999995	2.7691180199999996	24.737421599999998	132.44871639290002
t843	20.23753275	5.88973248121	2.7749676708999997	25.0070172	133.48417821981
t844	19.90703882	5.92040113243	2.832918618	25.45385329999999	134.40512756203
t845	20.39314272	5.97880895638	2.829381937	24.558070900000008	131.93317943638
t846	20.32796038	5.95876003031	2.803327528	24.763116800000006	132.56143186531
t847	20.38186136	5.973130662190001	2.782633894	24.7953255	132.42978527409
t848	20.16405235	5.94052149794	2.783818597	24.841136799999997	132.47235748094
t849	20.28377287	6.006037003019999	2.825352304	24.8406791	132.53913493009
t850	20.22204816	6.015973741300001	2.8514244619999998	24.859992499999997	132.8104100325
t851	20.277401330000004	5.9813768794	2.855851587	24.805080499999995	132.9967569049
t852	20.224863720000002	6.00220837136	2.822167671	24.9503	132.71941848406001
t853	20.238098720000004	6.0051230628	2.833704858	24.560729800000004	132.36775202980002
t854	20.1561022	5.996792826696	2.828782319	24.855592799999997	132.481058788696
t855	20.010206080000003	6.01464595604	2.897313786	25.542478900000003	135.30102152704
t856	20.138900380000003	6.0117040696999995	2.807735946	24.972504800000003	132.5552512297
t857	20.131450210000004	5.99627316688	2.8169312680000003	24.763988299999994	132.35724998828002
t858	20.13679997	6.014388832030001	2.84425784	25.539619900000005	134.65198759903
t859	20.07223143	6.02660211504	2.829560076	24.938019499999996	132.47677576974
t860	20.01725476	6.0404892528600005	2.846340488	24.8315607	132.54676549434
t861	20.04733978	6.019138024912	2.8424814300000003	25.499270300000006	134.550632045912
t862	19.89327389	6.0189488074	2.795769952	24.953674900000006	132.3408231219
t863	19.94860792	6.0376988686269994	2.8685336820000003	25.066310299999998	132.700390118527
t864	19.865219619999998	6.03055882657	2.877526686	25.7039944	135.10431392257
t865	19.7905735	6.013559953120001	2.851473502	24.993886600000003	132.41518700441998
t866	19.929520269999998	6.0348179344	2.821419233	25.008122800000002	132.633929326
t867	19.820593549999998	6.05013209211	2.86425061	24.797113500000002	131.71481063721
t868	19.905672319999997	6.04848267094	2.8757476319999995	25.164262599999997	132.89393887162
t869	19.66110285	5.995853754731001	2.9027017219999998	25.828940599999992	135.141903380631
t870	19.85504178	6.038912473370001	2.856253342	24.904814100000003	132.65281272397
t871	19.80649352	6.031239748719999	2.917350155	25.804537499999995	135.01485978322
t872	19.740653350000002	6.083824416809999	2.895819047	25.301641299999996	132.82197878331
t873	19.68677736	6.017313928	2.820387972	25.081226300000004	132.396099907
t874	19.688588709999998	6.058860158719999	2.887788603	25.599196499999998	134.74248399226
t875	19.528731460000003	6.048776791412999	2.861774449	25.640567799999996	134.01186726621302
t876	19.567057579999997	6.084300687240001	2.8852712890000003	25.208307899999994	132.50133626504
t877	19.545114220000002	6.096349575890001	2.9679779010000003	25.31358	133.16885949509
t878	19.46300134	6.094977531370999	2.9286497570000005	25.0241084	131.94434100937102
t879	19.37196727	6.109978685050001	2.952949954	25.199924199999998	132.57205156545
t880	19.53147899	6.12030822126	2.8938856680000002	24.862936800000004	131.79240503956
t881	19.52770294	6.086111380289999	2.887844958	25.965461299999994	135.17927286629
t882	19.40639489	6.102041653308	2.9455348850000003	25.2666421	132.74023045530802
t883	19.42168856	6.129234380360001	2.910922348	25.346884	132.90774450966
t884	19.28208539	6.11365504574	2.890425684	25.388576299999997	132.38485311894
t885	19.32152652	6.095996471171	2.916533725	25.899295399999996	134.588127619471
t886	18.97450134	6.055881909626	2.9009169280000004	26.018085100000008	133.878572900626
t887	19.28552014	6.139670453600002	2.910242665	25.571915299999997	132.81021627272
t888	19.52237144	6.1235121869	2.9418450910000002	24.991307700000004	132.357740451
t889	19.24528763	6.10641459119	2.891704805	26.007705399999995	135.33375305779
t890	19.320554129999998	6.141288010111999	2.9509283760000002	25.5305247	132.804082630112
t891	19.18332972	6.114096451268001	2.954478651	26.3017487	135.345189254268
t892	19.27171029	6.14371273917	2.9048942909999997	25.624483500000004	132.80580987937
t893	19.00465428	6.127599214209999	2.9350410609999997	25.17434739999999	131.83915954741002
t894	19.03211871	6.149923448459999	2.886324815	25.6893565	132.592927475551
t895	19.290696769999997	6.1557632483399995	2.9388843830000004	25.435268500000003	132.98597935954
t896	19.061236729999997	6.1627328946999995	2.95181045	26.1796787	135.0595629903
t897	18.880419099999997	6.167296244760001	2.952664044	25.6574986	132.75181376876
t898	18.87340521	6.1678471525	2.8989272240000004	25.636526500000006	132.227216323513
t899	18.58177401	6.11536223747	2.945081201	25.404180099999998	131.22133960427
t900	19.117508499999996	6.1614131700599994	3.0548148	26.293118700000004	135.46075789086
t901	18.535028000000004	6.14191461457	2.9554584999999998	26.181906099999992	134.22592752537
t902	19.0476265	6.16591793287	2.9254953940000004	25.877296	132.80090397147
t903	18.86458968	6.1632357551	3.07273651	26.430833799999995	135.3392964491
t904	18.772079650000002	6.1944399802	2.9322793110000003	25.743483399999995	132.4973128094
t905	18.91154411	6.197398122449999	2.9412279399999997	25.9000012	132.63241607
t906	18.80323757	6.183314303089	2.972783596	25.605197299999993	132.878186116489
t907	18.384533750000003	6.18772957001	2.944988881	25.920907	132.25503547911
t908	18.85030418	6.18603630648	2.981855362	25.633630500000002	132.28974808358
t909	18.289668380000002	6.1815640467787	2.975230334	25.7200096	132.15846267947867
t910	18.49459134	6.222382489358	2.982792338	25.909093300000002	132.351171100358
t911	18.21114487	6.16022782566	2.9829915	25.759632099999997	131.59140690766
t912	18.67529619	6.15320988054	2.915510672	25.680084599999997	132.14797392454
t913	18.616945719999997	6.2005742057	3.01641479	25.618008100000004	132.33541919740003
t914	18.16206723	6.1972266099	2.9556135350000003	25.992146400000003	132.3046144483
t915	18.17486718	6.2019281647	3.053939796	25.9153485	132.0510132887
t916	18.69484971	6.239928601034	2.95281934	25.906122500000002	132.81683682343402
t917	18.50920017	6.225734877766001	2.962067324	25.865015799999995	132.22834067829598
t918	18.08399213	6.202037700199999	3.0343245670000005	25.571307799999996	131.3146384002
t919	18.488380140000004	6.2476792769500005	2.977938375	25.9847356	132.34966409295
t920	18.41776137	6.252719838250001	2.947986253	25.780852499999998	132.09296347765002
t921	18.63096013	6.20755979677	3.0202865689999996	25.8517298	132.41696646276998
t922	18.49344138	6.24625097369	3.020210578	26.501878299999994	134.89781051269
t923	18.38785578	6.26038388712	3.037970765	25.674916699999997	131.55703466682002
t924	18.3839324	6.251144363740001	2.957647919	25.941681600000003	132.67816808173998
t925	17.956220520000002	6.2053151057000004	3.002918015	26.2873151	133.36963161970002
t926	17.93503461	6.233525837429999	2.9962158609999996	26.773851399999998	134.41570010943
t927	18.418364669999995	6.267710923099999	3.0528060349999997	26.076373200000003	132.89032988510002
t928	18.193717560000003	6.2387319849	2.9795315260000006	25.9889832	131.91125086290003
t929	17.833921800000002	6.250562110900001	2.9840908219999998	25.9273047	131.96400155790002
t930	17.69672366	6.2620580898339995	2.9834294109999995	26.135190400000003	131.780510494234
t931	18.17016507	6.2816536869	3.0184087870000003	26.821602800000004	134.5748936219
t932	17.73605012	6.23363828337	3.068206264	26.6623074	134.52842851877
t933	17.903606879999998	6.271639283	2.9956752690000004	26.171990700000002	132.22568055270003
t934	17.76236347	6.28432064415	3.0364469970000005	26.003946299999996	131.09335275307
t935	17.72785503	6.26887229367	3.019445803	26.4718091	132.16795037417
t936	17.648272589999998	6.277436211610001	3.081412701	26.2787013	132.06510819661003
t937	18.16357496	6.3063962562	3.0055341899999997	27.069434300000005	135.1730162854
t938	17.62123339	6.28450820176	3.028910732	26.251418199999996	131.95277511575998
t939	17.63050916	6.26493430221	3.0283503240000003	26.8342523	134.70000253020999
t940	17.439832879999997	6.289144889222601	3.043673587	26.203642899999995	131.7732434566226
t941	17.54867728	6.29121706393	2.99086349	26.1517731	131.96537565092999
t942	17.54171614	6.29841342928	3.045656249	26.408118999999992	132.10292994788
t943	17.82641779	6.336644552840001	3.001428659	26.065339800000004	131.27196033264002
t944	17.91713231	6.315347797319	3.0144860189999996	26.3456832	132.426307612319
t945	17.46441284	6.317555821243	3.0414389679999996	26.952987399999998	134.27922868724303
t946	17.47104784	6.323492241089999	3.034817009	26.402933300000004	132.11708580819
t947	17.46418443	6.317373606027999	3.06390759	27.003161300000002	134.82836780512798
t948	17.406493360000002	6.3346028074900005	3.038347922	26.384258	132.30642799769
t949	17.36412171	6.28709833956	3.03601864	26.182446300000002	131.77487243976
t950	17.25443755	6.325287201499	3.0367486560000003	26.631102999999996	131.958908492499
t951	17.2968627	6.323989340100001	3.0793826650000002	25.9991736	131.1414084531
t952	17.27680924	6.33373456579	3.0282751599999997	26.2409555	130.99720951809
t953	17.266043399999997	6.348460631199999	3.0895633480000004	26.5033845	131.8229385848
t954	17.22330858	6.31226811508	3.1728844019999998	26.1766924	131.95996128808
t955	17.655366530000002	6.36521166845	3.0523916300000002	26.3553534	132.38984199025
t956	17.2472221	6.34479184171	3.1330131	26.503360200000003	132.44373623101
t957	17.17738112	6.35572477865	3.030984722	26.441558199999996	131.98117400545001
t958	17.405868599999998	6.32214652518	3.1077667890000003	26.435087400000008	132.21438180788
t959	17.196159799999997	6.327967150909999	3.047942923	26.441360700000004	132.24135603491
t960	17.04441017	6.340352083049999	3.086091507	27.0740046	133.69216333435003
t961	17.11621933	6.344141917210001	3.134517552	27.004057700000004	134.29754242740998
t962	17.0830988	6.362381585640001	3.0767272290000003	26.561781200000006	132.01227336934
t963	16.97083397	6.3694433128	3.020872368	26.796582799999996	131.76635666299998
t964	17.51940189	6.42647585047	3.010185502	26.6854397	132.61111593117
t965	17.07808632	6.38039754193	3.0710663670000002	26.925528399999997	133.94431138193
t966	17.01670727	6.37802560976	3.048846819	26.68117169999999	132.19875678046003
t967	17.38349122	6.411522323749999	3.1038620970000004	26.553516100000007	132.61834486575
t968	17.08112861	6.3963531175499995	3.028720848	26.589979500000002	131.93145690244998
t969	17.46644347	6.4189210995599995	3.0606572620000003	27.509812800000002	135.02572292656
t970	16.86783586	6.379143276005	3.0819602699999997	27.224578900000004	134.181096317005
t971	17.08779685	6.41405981761	3.025497414	26.6854084	131.91456610901
t972	16.844866380000003	6.395922150440001	3.0496810180000002	26.4350318	131.30070965954
t973	16.87893186	6.4107376003	3.0576032300000002	27.141386799999996	133.9522238012
t974	17.25685918	6.43618352467	3.1176608019999996	27.113808700000003	134.29361402466998
t975	17.219688960000003	6.413957437658101	3.245265261	26.693695500000004	133.09890536865808
t976	16.6869071	6.4081789336	3.117052341	26.958543400000003	132.07147956710003
t977	16.784869989999997	6.3626140417	3.028695498	27.0595433	133.56527697960001
t978	16.66270345	6.3938957390099995	3.2566467350000003	27.4458455	134.81304699820998
t979	17.03079419	6.446194217652	3.117515367	26.9555812	132.35263122765198
t980	16.56257195	6.41543783385	3.068694884	26.714600600000004	131.02636619335001
t981	16.54333465	6.422435117200001	3.104342387	26.7394559	131.9972979542
t982	16.62421183	6.426180167754001	3.1363800019999997	26.816702	132.04348957575402
t983	16.61198859	6.44570740179	3.093000328	27.209019700000002	132.20302466769
t984	16.5622261	6.436100690910001	3.103183509	26.998251399999997	131.91554212500998
t985	16.51999488	6.417337632599999	3.0596875839999997	26.8755917	131.68307647830002
t986	16.562437770000003	6.44694484571	3.0905472540000005	26.9402803	131.89049442181002
t987	16.46542769	6.44204490984	3.208567146	26.7269386	131.01835331284002
t988	16.993895359999996	6.47057851251	3.1141083080000005	27.3317498	134.06258439041
t989	16.585093309999998	6.4540807767000015	3.135142878	26.900413600000004	132.0804724648
t990	16.44688889	6.4862325926699995	3.1697531599999995	27.113412399999994	132.12995633167
t991	16.42912747	6.452759739889999	3.131699198	27.049932599999998	131.40387088026998
t992	16.38036136	6.48751335401	3.161908908	26.7984627	131.06871489252
t993	16.47572193	6.4635940196920005	3.119395061	27.0799758	132.07756122769203
t994	16.39064417	6.48282498743	3.1466761460000003	27.207869600000006	132.01150951782998
t995	16.338645460000002	6.4600850117	3.063861914	26.843121699999998	131.6358166181
t996	16.400924840000002	6.444084071429999	3.157754842	26.979414900000002	132.18570237743
t997	16.29465309	6.4770232201499995	3.234751428	27.0253818	132.20907445882
t998	16.31025269	6.51473416722	3.101809797	27.339276499999993	132.12834362691999
t999	16.28835517	6.485368603600001	3.1538868739999995	26.875853199999998	131.12565184759998
t1000	16.24421786	6.485349278500001	3.183834437	27.01878589999999	131.98991430739997
t1001	16.27896743	6.4771108921	3.182651036	27.547689599999998	133.55698068139998
t1002	16.229620840000003	6.49254142508	3.1311810589999998	27.0693462	131.76275396108002
t1003	16.14477433	6.4649633389700005	3.1914712710000006	27.108324200000006	131.68487920397
t1004	16.12832866	6.5022078022	3.183983615	27.11257	131.8112676232
t1005	16.172858310000002	6.532051104199999	3.164686124	27.305808000000006	131.7938614112
t1006	16.05701432	6.5292596435900006	3.1679242519999997	27.986410299999996	134.22556944237
t1007	16.11519792	6.560028952100001	3.120086358	27.266479999999998	132.04607677599998
t1008	16.144032279999998	6.54030600011	3.2096286849999998	27.9257107	134.71673712351
t1009	16.064749720000002	6.53218839264	3.1477277119999996	27.2762892	131.99629687964
t1010	16.04225244	6.53564957994	3.1789904719999997	27.486231600000004	132.24569244694
t1011	15.97622741	6.551274664029999	3.1660272	27.0890472	131.24261429533
t1012	16.036287360000003	6.51423787369	3.131280346	27.2676875	131.82975680389
t1013	15.9794335	6.5479703573866	3.164106372	27.233492900000005	132.16747095198656
t1014	15.87664861	6.53612455372	3.150424753	27.4944491	131.75096176817897
t1015	16.19957272	6.556490383070001	3.147873531	27.246017999999996	132.35326814807
t1016	15.94064007	6.554141863921001	3.147194271	26.9322587	131.193400552921
t1017	16.34003308	6.57252369961	3.2077343010000003	27.0999287	131.80052579361
t1018	15.837283249999999	6.54720830794	3.25586308	27.6172529	132.37452212309398
t1019	15.79525132	6.55138161137	3.214637639	27.5184715	132.30272814837
t1020	15.82292116	6.5202173422000005	3.119388129	27.400415600000002	131.7902195483
t1021	15.94253971	6.546893955300001	3.23034409	27.5694029	132.50486200330002
t1022	15.796127720000001	6.573376574370001	3.198603224	27.205089299999997	131.39378086637
t1023	15.79147959	6.56976240046	3.2036312149999997	27.537338899999998	132.25368402646
