,0.001,0.051000000000000004,0.101,0.15100000000000002,0.201,0.251,0.30100000000000005,0.35100000000000003,0.401,0.451,0.501,0.551,0.6010000000000001,0.651,0.7010000000000001,0.751,0.801,0.8510000000000001,0.901,0.9510000000000001
0.01,2.6853519408120974e-15,2.6853519408120974e-15,2.6853519408120974e-15,2.6853519408120974e-15,2.6853519408120974e-15,2.6853519408120974e-15,2.6853519408120974e-15,2.6853519408120974e-15,2.6853519408120974e-15,2.6853519408120974e-15,2.6853519408120974e-15,2.6853519408120974e-15,2.6853519408120974e-15,2.6853519408120974e-15,2.6853519408120974e-15,2.6853519408120974e-15,2.6853519408120974e-15,2.6853519408120974e-15,2.6853519408120974e-15,2.6853519408120974e-15
0.02,1.4016565685892601e-15,1.4016565685892601e-15,1.4016565685892601e-15,1.4016565685892601e-15,1.4016565685892601e-15,1.4016565685892601e-15,1.4016565685892601e-15,1.4016565685892601e-15,1.4016565685892601e-15,1.4016565685892601e-15,1.4016565685892601e-15,1.4016565685892601e-15,1.4016565685892601e-15,1.4016565685892601e-15,1.4016565685892601e-15,1.4016565685892601e-15,1.4016565685892601e-15,1.4016565685892601e-15,1.4016565685892601e-15,1.4016565685892601e-15
0.03,4.649058915617843e-16,4.649058915617843e-16,4.649058915617843e-16,4.649058915617843e-16,4.649058915617843e-16,4.649058915617843e-16,4.649058915617843e-16,4.649058915617843e-16,4.649058915617843e-16,4.649058915617843e-16,4.649058915617843e-16,4.649058915617843e-16,4.649058915617843e-16,4.649058915617843e-16,4.649058915617843e-16,4.649058915617843e-16,4.649058915617843e-16,4.649058915617843e-16,4.649058915617843e-16,4.649058915617843e-16
0.04,1.6375789613221059e-15,1.6375789613221059e-15,1.6375789613221059e-15,1.6375789613221059e-15,1.6375789613221059e-15,1.6375789613221059e-15,1.6375789613221059e-15,1.6375789613221059e-15,1.6375789613221059e-15,1.6375789613221059e-15,1.6375789613221059e-15,1.6375789613221059e-15,1.6375789613221059e-15,1.6375789613221059e-15,1.6375789613221059e-15,1.6375789613221059e-15,1.6375789613221059e-15,1.6375789613221059e-15,1.6375789613221059e-15,1.6375789613221059e-15
0.05,2.6853519408120974e-15,2.6853519408120974e-15,2.6853519408120974e-15,2.6853519408120974e-15,2.6853519408120974e-15,2.6853519408120974e-15,2.6853519408120974e-15,2.6853519408120974e-15,2.6853519408120974e-15,2.6853519408120974e-15,2.6853519408120974e-15,2.6853519408120974e-15,2.6853519408120974e-15,2.6853519408120974e-15,2.6853519408120974e-15,2.6853519408120974e-15,2.6853519408120974e-15,2.6853519408120974e-15,2.6853519408120974e-15,2.6853519408120974e-15
0.060000000000000005,5.828670879282072e-16,5.828670879282072e-16,5.828670879282072e-16,5.828670879282072e-16,5.828670879282072e-16,5.828670879282072e-16,5.828670879282072e-16,5.828670879282072e-16,5.828670879282072e-16,5.828670879282072e-16,5.828670879282072e-16,5.828670879282072e-16,5.828670879282072e-16,5.828670879282072e-16,5.828670879282072e-16,5.828670879282072e-16,5.828670879282072e-16,5.828670879282072e-16,5.828670879282072e-16,5.828670879282072e-16
0.06999999999999999,1.4016565685892601e-15,1.4016565685892601e-15,1.4016565685892601e-15,1.4016565685892601e-15,1.4016565685892601e-15,1.4016565685892601e-15,1.4016565685892601e-15,1.4016565685892601e-15,1.4016565685892601e-15,1.4016565685892601e-15,1.4016565685892601e-15,1.4016565685892601e-15,1.4016565685892601e-15,1.4016565685892601e-15,1.4016565685892601e-15,1.4016565685892601e-15,1.4016565685892601e-15,1.4016565685892601e-15,1.4016565685892601e-15,1.4016565685892601e-15
0.08,2.220446049250313e-15,2.220446049250313e-15,2.220446049250313e-15,2.220446049250313e-15,2.220446049250313e-15,2.220446049250313e-15,2.220446049250313e-15,2.220446049250313e-15,2.220446049250313e-15,2.220446049250313e-15,2.220446049250313e-15,2.220446049250313e-15,2.220446049250313e-15,2.220446049250313e-15,2.220446049250313e-15,2.220446049250313e-15,2.220446049250313e-15,2.220446049250313e-15,2.220446049250313e-15,2.220446049250313e-15
0.09,2.456368441983159e-15,2.456368441983159e-15,2.456368441983159e-15,2.456368441983159e-15,2.456368441983159e-15,2.456368441983159e-15,2.456368441983159e-15,2.456368441983159e-15,2.456368441983159e-15,2.456368441983159e-15,2.456368441983159e-15,2.456368441983159e-15,2.456368441983159e-15,2.456368441983159e-15,2.456368441983159e-15,2.456368441983159e-15,2.456368441983159e-15,2.456368441983159e-15,2.456368441983159e-15,2.456368441983159e-15
0.09999999999999999,2.6853519408120974e-15,2.6853519408120974e-15,2.6853519408120974e-15,2.6853519408120974e-15,2.6853519408120974e-15,2.6853519408120974e-15,2.6853519408120974e-15,2.6853519408120974e-15,2.6853519408120974e-15,2.6853519408120974e-15,2.6853519408120974e-15,2.6853519408120974e-15,2.6853519408120974e-15,2.6853519408120974e-15,2.6853519408120974e-15,2.6853519408120974e-15,2.6853519408120974e-15,2.6853519408120974e-15,2.6853519408120974e-15,2.6853519408120974e-15
0.11,1.1726730697603216e-15,1.1726730697603216e-15,1.1726730697603216e-15,1.1726730697603216e-15,1.1726730697603216e-15,1.1726730697603216e-15,1.1726730697603216e-15,1.1726730697603216e-15,1.1726730697603216e-15,1.1726730697603216e-15,1.1726730697603216e-15,1.1726730697603216e-15,1.1726730697603216e-15,1.1726730697603216e-15,1.1726730697603216e-15,1.1726730697603216e-15,1.1726730697603216e-15,1.1726730697603216e-15,1.1726730697603216e-15,1.1726730697603216e-15
0.12,7.008282842946301e-16,7.008282842946301e-16,7.008282842946301e-16,7.008282842946301e-16,7.008282842946301e-16,7.008282842946301e-16,7.008282842946301e-16,7.008282842946301e-16,7.008282842946301e-16,7.008282842946301e-16,7.008282842946301e-16,7.008282842946301e-16,7.008282842946301e-16,7.008282842946301e-16,7.008282842946301e-16,7.008282842946301e-16,7.008282842946301e-16,7.008282842946301e-16,7.008282842946301e-16,7.008282842946301e-16
0.13,1.519617764955683e-15,1.519617764955683e-15,1.519617764955683e-15,1.519617764955683e-15,1.519617764955683e-15,1.519617764955683e-15,1.519617764955683e-15,1.519617764955683e-15,1.519617764955683e-15,1.519617764955683e-15,1.519617764955683e-15,1.519617764955683e-15,1.519617764955683e-15,1.519617764955683e-15,1.519617764955683e-15,1.519617764955683e-15,1.519617764955683e-15,1.519617764955683e-15,1.519617764955683e-15,1.519617764955683e-15
0.14,8.187894806610529e-16,8.187894806610529e-16,8.187894806610529e-16,8.187894806610529e-16,8.187894806610529e-16,8.187894806610529e-16,8.187894806610529e-16,8.187894806610529e-16,8.187894806610529e-16,8.187894806610529e-16,8.187894806610529e-16,8.187894806610529e-16,8.187894806610529e-16,8.187894806610529e-16,8.187894806610529e-16,8.187894806610529e-16,8.187894806610529e-16,8.187894806610529e-16,8.187894806610529e-16,8.187894806610529e-16
0.15000000000000002,1.519617764955683e-15,1.519617764955683e-15,1.519617764955683e-15,1.519617764955683e-15,1.519617764955683e-15,1.519617764955683e-15,1.519617764955683e-15,1.519617764955683e-15,1.519617764955683e-15,1.519617764955683e-15,1.519617764955683e-15,1.519617764955683e-15,1.519617764955683e-15,1.519617764955683e-15,1.519617764955683e-15,1.519617764955683e-15,1.519617764955683e-15,1.519617764955683e-15,1.519617764955683e-15,1.519617764955683e-15
0.16,4.649058915617843e-16,4.649058915617843e-16,4.649058915617843e-16,4.649058915617843e-16,4.649058915617843e-16,4.649058915617843e-16,4.649058915617843e-16,4.649058915617843e-16,4.649058915617843e-16,4.649058915617843e-16,4.649058915617843e-16,4.649058915617843e-16,4.649058915617843e-16,4.649058915617843e-16,4.649058915617843e-16,4.649058915617843e-16,4.649058915617843e-16,4.649058915617843e-16,4.649058915617843e-16,4.649058915617843e-16
0.17,1.2906342661267445e-15,1.2906342661267445e-15,1.2906342661267445e-15,1.2906342661267445e-15,1.2906342661267445e-15,1.2906342661267445e-15,1.2906342661267445e-15,1.2906342661267445e-15,1.2906342661267445e-15,1.2906342661267445e-15,1.2906342661267445e-15,1.2906342661267445e-15,1.2906342661267445e-15,1.2906342661267445e-15,1.2906342661267445e-15,1.2906342661267445e-15,1.2906342661267445e-15,1.2906342661267445e-15,1.2906342661267445e-15,1.2906342661267445e-15
0.18000000000000002,4.649058915617843e-16,4.649058915617843e-16,4.649058915617843e-16,4.649058915617843e-16,4.649058915617843e-16,4.649058915617843e-16,4.649058915617843e-16,4.649058915617843e-16,4.649058915617843e-16,4.649058915617843e-16,4.649058915617843e-16,4.649058915617843e-16,4.649058915617843e-16,4.649058915617843e-16,4.649058915617843e-16,4.649058915617843e-16,4.649058915617843e-16,4.649058915617843e-16,4.649058915617843e-16,4.649058915617843e-16
0.19,1.2906342661267445e-15,1.2906342661267445e-15,1.2906342661267445e-15,1.2906342661267445e-15,1.2906342661267445e-15,1.2906342661267445e-15,1.2906342661267445e-15,1.2906342661267445e-15,1.2906342661267445e-15,1.2906342661267445e-15,1.2906342661267445e-15,1.2906342661267445e-15,1.2906342661267445e-15,1.2906342661267445e-15,1.2906342661267445e-15,1.2906342661267445e-15,1.2906342661267445e-15,1.2906342661267445e-15,1.2906342661267445e-15,1.2906342661267445e-15
0.2,1.7555401576885288e-15,1.7555401576885288e-15,1.7555401576885288e-15,1.7555401576885288e-15,1.7555401576885288e-15,1.7555401576885288e-15,1.7555401576885288e-15,1.7555401576885288e-15,1.7555401576885288e-15,1.7555401576885288e-15,1.7555401576885288e-15,1.7555401576885288e-15,1.7555401576885288e-15,1.7555401576885288e-15,1.7555401576885288e-15,1.7555401576885288e-15,1.7555401576885288e-15,1.7555401576885288e-15,1.7555401576885288e-15,1.7555401576885288e-15
0.21000000000000002,1.7555401576885288e-15,1.7555401576885288e-15,1.7555401576885288e-15,1.7555401576885288e-15,1.7555401576885288e-15,1.7555401576885288e-15,1.7555401576885288e-15,1.7555401576885288e-15,1.7555401576885288e-15,1.7555401576885288e-15,1.7555401576885288e-15,1.7555401576885288e-15,1.7555401576885288e-15,1.7555401576885288e-15,1.7555401576885288e-15,1.7555401576885288e-15,1.7555401576885288e-15,1.7555401576885288e-15,1.7555401576885288e-15,1.7555401576885288e-15
0.22,1.7555401576885288e-15,1.7555401576885288e-15,1.7555401576885288e-15,1.7555401576885288e-15,1.7555401576885288e-15,1.7555401576885288e-15,1.7555401576885288e-15,1.7555401576885288e-15,1.7555401576885288e-15,1.7555401576885288e-15,1.7555401576885288e-15,1.7555401576885288e-15,1.7555401576885288e-15,1.7555401576885288e-15,1.7555401576885288e-15,1.7555401576885288e-15,1.7555401576885288e-15,1.7555401576885288e-15,1.7555401576885288e-15,1.7555401576885288e-15
0.23,4.649058915617843e-16,4.649058915617843e-16,4.649058915617843e-16,4.649058915617843e-16,4.649058915617843e-16,4.649058915617843e-16,4.649058915617843e-16,4.649058915617843e-16,4.649058915617843e-16,4.649058915617843e-16,4.649058915617843e-16,4.649058915617843e-16,4.649058915617843e-16,4.649058915617843e-16,4.649058915617843e-16,4.649058915617843e-16,4.649058915617843e-16,4.649058915617843e-16,4.649058915617843e-16,4.649058915617843e-16
0.24000000000000002,1.1796119636642288e-16,1.1796119636642288e-16,1.1796119636642288e-16,1.1796119636642288e-16,1.1796119636642288e-16,1.1796119636642288e-16,1.1796119636642288e-16,1.1796119636642288e-16,1.1796119636642288e-16,1.1796119636642288e-16,1.1796119636642288e-16,1.1796119636642288e-16,1.1796119636642288e-16,1.1796119636642288e-16,1.1796119636642288e-16,1.1796119636642288e-16,1.1796119636642288e-16,1.1796119636642288e-16,1.1796119636642288e-16,1.1796119636642288e-16
0.25,1.2906342661267445e-15,1.2906342661267445e-15,1.2906342661267445e-15,1.2906342661267445e-15,1.2906342661267445e-15,1.2906342661267445e-15,1.2906342661267445e-15,1.2906342661267445e-15,1.2906342661267445e-15,1.2906342661267445e-15,1.2906342661267445e-15,1.2906342661267445e-15,1.2906342661267445e-15,1.2906342661267445e-15,1.2906342661267445e-15,1.2906342661267445e-15,1.2906342661267445e-15,1.2906342661267445e-15,1.2906342661267445e-15,1.2906342661267445e-15
0.26,1.2906342661267445e-15,1.2906342661267445e-15,1.2906342661267445e-15,1.2906342661267445e-15,1.2906342661267445e-15,1.2906342661267445e-15,1.2906342661267445e-15,1.2906342661267445e-15,1.2906342661267445e-15,1.2906342661267445e-15,1.2906342661267445e-15,1.2906342661267445e-15,1.2906342661267445e-15,1.2906342661267445e-15,1.2906342661267445e-15,1.2906342661267445e-15,1.2906342661267445e-15,1.2906342661267445e-15,1.2906342661267445e-15,1.2906342661267445e-15
0.27,2.456368441983159e-15,2.456368441983159e-15,2.456368441983159e-15,2.456368441983159e-15,2.456368441983159e-15,2.456368441983159e-15,2.456368441983159e-15,2.456368441983159e-15,2.456368441983159e-15,2.456368441983159e-15,2.456368441983159e-15,2.456368441983159e-15,2.456368441983159e-15,2.456368441983159e-15,2.456368441983159e-15,2.456368441983159e-15,2.456368441983159e-15,2.456368441983159e-15,2.456368441983159e-15,2.456368441983159e-15
0.28,2.3592239273284576e-16,2.3592239273284576e-16,2.3592239273284576e-16,2.3592239273284576e-16,2.3592239273284576e-16,2.3592239273284576e-16,2.3592239273284576e-16,2.3592239273284576e-16,2.3592239273284576e-16,2.3592239273284576e-16,2.3592239273284576e-16,2.3592239273284576e-16,2.3592239273284576e-16,2.3592239273284576e-16,2.3592239273284576e-16,2.3592239273284576e-16,2.3592239273284576e-16,2.3592239273284576e-16,2.3592239273284576e-16,2.3592239273284576e-16
0.29000000000000004,1.2906342661267445e-15,1.2906342661267445e-15,1.2906342661267445e-15,1.2906342661267445e-15,1.2906342661267445e-15,1.2906342661267445e-15,1.2906342661267445e-15,1.2906342661267445e-15,1.2906342661267445e-15,1.2906342661267445e-15,1.2906342661267445e-15,1.2906342661267445e-15,1.2906342661267445e-15,1.2906342661267445e-15,1.2906342661267445e-15,1.2906342661267445e-15,1.2906342661267445e-15,1.2906342661267445e-15,1.2906342661267445e-15,1.2906342661267445e-15
0.3,1.0547118733938987e-15,1.0547118733938987e-15,1.0547118733938987e-15,1.0547118733938987e-15,1.0547118733938987e-15,1.0547118733938987e-15,1.0547118733938987e-15,1.0547118733938987e-15,1.0547118733938987e-15,1.0547118733938987e-15,1.0547118733938987e-15,1.0547118733938987e-15,1.0547118733938987e-15,1.0547118733938987e-15,1.0547118733938987e-15,1.0547118733938987e-15,1.0547118733938987e-15,1.0547118733938987e-15,1.0547118733938987e-15,1.0547118733938987e-15
0.31,4.649058915617843e-16,4.649058915617843e-16,4.649058915617843e-16,4.649058915617843e-16,4.649058915617843e-16,4.649058915617843e-16,4.649058915617843e-16,4.649058915617843e-16,4.649058915617843e-16,4.649058915617843e-16,4.649058915617843e-16,4.649058915617843e-16,4.649058915617843e-16,4.649058915617843e-16,4.649058915617843e-16,4.649058915617843e-16,4.649058915617843e-16,4.649058915617843e-16,4.649058915617843e-16,4.649058915617843e-16
0.32,4.093947403305265e-15,4.093947403305265e-15,4.093947403305265e-15,4.093947403305265e-15,4.093947403305265e-15,4.093947403305265e-15,4.093947403305265e-15,4.093947403305265e-15,4.093947403305265e-15,4.093947403305265e-15,4.093947403305265e-15,4.093947403305265e-15,4.093947403305265e-15,4.093947403305265e-15,4.093947403305265e-15,4.093947403305265e-15,4.093947403305265e-15,4.093947403305265e-15,4.093947403305265e-15,4.093947403305265e-15
0.33,9.298117831235686e-16,9.298117831235686e-16,9.298117831235686e-16,9.298117831235686e-16,9.298117831235686e-16,9.298117831235686e-16,9.298117831235686e-16,9.298117831235686e-16,9.298117831235686e-16,9.298117831235686e-16,9.298117831235686e-16,9.298117831235686e-16,9.298117831235686e-16,9.298117831235686e-16,9.298117831235686e-16,9.298117831235686e-16,9.298117831235686e-16,9.298117831235686e-16,9.298117831235686e-16,9.298117831235686e-16
0.34,3.740063814205996e-15,3.740063814205996e-15,3.740063814205996e-15,3.740063814205996e-15,3.740063814205996e-15,3.740063814205996e-15,3.740063814205996e-15,3.740063814205996e-15,3.740063814205996e-15,3.740063814205996e-15,3.740063814205996e-15,3.740063814205996e-15,3.740063814205996e-15,3.740063814205996e-15,3.740063814205996e-15,3.740063814205996e-15,3.740063814205996e-15,3.740063814205996e-15,3.740063814205996e-15,3.740063814205996e-15
0.35000000000000003,2.921274333544943e-15,2.921274333544943e-15,2.921274333544943e-15,2.921274333544943e-15,2.921274333544943e-15,2.921274333544943e-15,2.921274333544943e-15,2.921274333544943e-15,2.921274333544943e-15,2.921274333544943e-15,2.921274333544943e-15,2.921274333544943e-15,2.921274333544943e-15,2.921274333544943e-15,2.921274333544943e-15,2.921274333544943e-15,2.921274333544943e-15,2.921274333544943e-15,2.921274333544943e-15,2.921274333544943e-15
0.36000000000000004,1.6375789613221059e-15,1.6375789613221059e-15,1.6375789613221059e-15,1.6375789613221059e-15,1.6375789613221059e-15,1.6375789613221059e-15,1.6375789613221059e-15,1.6375789613221059e-15,1.6375789613221059e-15,1.6375789613221059e-15,1.6375789613221059e-15,1.6375789613221059e-15,1.6375789613221059e-15,1.6375789613221059e-15,1.6375789613221059e-15,1.6375789613221059e-15,1.6375789613221059e-15,1.6375789613221059e-15,1.6375789613221059e-15,1.6375789613221059e-15
0.37,1.2906342661267445e-15,1.2906342661267445e-15,1.2906342661267445e-15,1.2906342661267445e-15,1.2906342661267445e-15,1.2906342661267445e-15,1.2906342661267445e-15,1.2906342661267445e-15,1.2906342661267445e-15,1.2906342661267445e-15,1.2906342661267445e-15,1.2906342661267445e-15,1.2906342661267445e-15,1.2906342661267445e-15,1.2906342661267445e-15,1.2906342661267445e-15,1.2906342661267445e-15,1.2906342661267445e-15,1.2906342661267445e-15,1.2906342661267445e-15
0.38,2.3592239273284576e-16,2.3592239273284576e-16,2.3592239273284576e-16,2.3592239273284576e-16,2.3592239273284576e-16,2.3592239273284576e-16,2.3592239273284576e-16,2.3592239273284576e-16,2.3592239273284576e-16,2.3592239273284576e-16,2.3592239273284576e-16,2.3592239273284576e-16,2.3592239273284576e-16,2.3592239273284576e-16,2.3592239273284576e-16,2.3592239273284576e-16,2.3592239273284576e-16,2.3592239273284576e-16,2.3592239273284576e-16,2.3592239273284576e-16
0.39,9.298117831235686e-16,9.298117831235686e-16,9.298117831235686e-16,9.298117831235686e-16,9.298117831235686e-16,9.298117831235686e-16,9.298117831235686e-16,9.298117831235686e-16,9.298117831235686e-16,9.298117831235686e-16,9.298117831235686e-16,9.298117831235686e-16,9.298117831235686e-16,9.298117831235686e-16,9.298117831235686e-16,9.298117831235686e-16,9.298117831235686e-16,9.298117831235686e-16,9.298117831235686e-16,9.298117831235686e-16
0.4,1.0547118733938987e-15,1.0547118733938987e-15,1.0547118733938987e-15,1.0547118733938987e-15,1.0547118733938987e-15,1.0547118733938987e-15,1.0547118733938987e-15,1.0547118733938987e-15,1.0547118733938987e-15,1.0547118733938987e-15,1.0547118733938987e-15,1.0547118733938987e-15,1.0547118733938987e-15,1.0547118733938987e-15,1.0547118733938987e-15,1.0547118733938987e-15,1.0547118733938987e-15,1.0547118733938987e-15,1.0547118733938987e-15,1.0547118733938987e-15
0.41000000000000003,7.008282842946301e-16,7.008282842946301e-16,7.008282842946301e-16,7.008282842946301e-16,7.008282842946301e-16,7.008282842946301e-16,7.008282842946301e-16,7.008282842946301e-16,7.008282842946301e-16,7.008282842946301e-16,7.008282842946301e-16,7.008282842946301e-16,7.008282842946301e-16,7.008282842946301e-16,7.008282842946301e-16,7.008282842946301e-16,7.008282842946301e-16,7.008282842946301e-16,7.008282842946301e-16,7.008282842946301e-16
0.42000000000000004,2.3592239273284576e-16,2.3592239273284576e-16,2.3592239273284576e-16,2.3592239273284576e-16,2.3592239273284576e-16,2.3592239273284576e-16,2.3592239273284576e-16,2.3592239273284576e-16,2.3592239273284576e-16,2.3592239273284576e-16,2.3592239273284576e-16,2.3592239273284576e-16,2.3592239273284576e-16,2.3592239273284576e-16,2.3592239273284576e-16,2.3592239273284576e-16,2.3592239273284576e-16,2.3592239273284576e-16,2.3592239273284576e-16,2.3592239273284576e-16
0.43,2.220446049250313e-15,2.220446049250313e-15,2.220446049250313e-15,2.220446049250313e-15,2.220446049250313e-15,2.220446049250313e-15,2.220446049250313e-15,2.220446049250313e-15,2.220446049250313e-15,2.220446049250313e-15,2.220446049250313e-15,2.220446049250313e-15,2.220446049250313e-15,2.220446049250313e-15,2.220446049250313e-15,2.220446049250313e-15,2.220446049250313e-15,2.220446049250313e-15,2.220446049250313e-15,2.220446049250313e-15
0.44,2.3592239273284576e-16,2.3592239273284576e-16,2.3592239273284576e-16,2.3592239273284576e-16,2.3592239273284576e-16,2.3592239273284576e-16,2.3592239273284576e-16,2.3592239273284576e-16,2.3592239273284576e-16,2.3592239273284576e-16,2.3592239273284576e-16,2.3592239273284576e-16,2.3592239273284576e-16,2.3592239273284576e-16,2.3592239273284576e-16,2.3592239273284576e-16,2.3592239273284576e-16,2.3592239273284576e-16,2.3592239273284576e-16,2.3592239273284576e-16
0.45,1.7555401576885288e-15,1.7555401576885288e-15,1.7555401576885288e-15,1.7555401576885288e-15,1.7555401576885288e-15,1.7555401576885288e-15,1.7555401576885288e-15,1.7555401576885288e-15,1.7555401576885288e-15,1.7555401576885288e-15,1.7555401576885288e-15,1.7555401576885288e-15,1.7555401576885288e-15,1.7555401576885288e-15,1.7555401576885288e-15,1.7555401576885288e-15,1.7555401576885288e-15,1.7555401576885288e-15,1.7555401576885288e-15,1.7555401576885288e-15
0.46,0.0,0.0,0.0,0.0,0.0,0.0,0.0,0.0,0.0,0.0,0.0,0.0,0.0,0.0,0.0,0.0,0.0,0.0,0.0,0.0
0.47000000000000003,3.469446951953614e-16,3.469446951953614e-16,3.469446951953614e-16,3.469446951953614e-16,3.469446951953614e-16,3.469446951953614e-16,3.469446951953614e-16,3.469446951953614e-16,3.469446951953614e-16,3.469446951953614e-16,3.469446951953614e-16,3.469446951953614e-16,3.469446951953614e-16,3.469446951953614e-16,3.469446951953614e-16,3.469446951953614e-16,3.469446951953614e-16,3.469446951953614e-16,3.469446951953614e-16,3.469446951953614e-16
0.48000000000000004,1.4016565685892601e-15,1.4016565685892601e-15,1.4016565685892601e-15,1.4016565685892601e-15,1.4016565685892601e-15,1.4016565685892601e-15,1.4016565685892601e-15,1.4016565685892601e-15,1.4016565685892601e-15,1.4016565685892601e-15,1.4016565685892601e-15,1.4016565685892601e-15,1.4016565685892601e-15,1.4016565685892601e-15,1.4016565685892601e-15,1.4016565685892601e-15,1.4016565685892601e-15,1.4016565685892601e-15,1.4016565685892601e-15,1.4016565685892601e-15
0.49,2.3592239273284576e-16,2.3592239273284576e-16,2.3592239273284576e-16,2.3592239273284576e-16,2.3592239273284576e-16,2.3592239273284576e-16,2.3592239273284576e-16,2.3592239273284576e-16,2.3592239273284576e-16,2.3592239273284576e-16,2.3592239273284576e-16,2.3592239273284576e-16,2.3592239273284576e-16,2.3592239273284576e-16,2.3592239273284576e-16,2.3592239273284576e-16,2.3592239273284576e-16,2.3592239273284576e-16,2.3592239273284576e-16,2.3592239273284576e-16
0.5,1.0477729794899915e-15,1.0477729794899915e-15,1.0477729794899915e-15,1.0477729794899915e-15,1.0477729794899915e-15,1.0477729794899915e-15,1.0477729794899915e-15,1.0477729794899915e-15,1.0477729794899915e-15,1.0477729794899915e-15,1.0477729794899915e-15,1.0477729794899915e-15,1.0477729794899915e-15,1.0477729794899915e-15,1.0477729794899915e-15,1.0477729794899915e-15,1.0477729794899915e-15,1.0477729794899915e-15,1.0477729794899915e-15,1.0477729794899915e-15
0.51,1.9845236565174673e-15,1.9845236565174673e-15,1.9845236565174673e-15,1.9845236565174673e-15,1.9845236565174673e-15,1.9845236565174673e-15,1.9845236565174673e-15,1.9845236565174673e-15,1.9845236565174673e-15,1.9845236565174673e-15,1.9845236565174673e-15,1.9845236565174673e-15,1.9845236565174673e-15,1.9845236565174673e-15,1.9845236565174673e-15,1.9845236565174673e-15,1.9845236565174673e-15,1.9845236565174673e-15,1.9845236565174673e-15,1.9845236565174673e-15
0.52,2.1024848528838902e-15,2.1024848528838902e-15,2.1024848528838902e-15,2.1024848528838902e-15,2.1024848528838902e-15,2.1024848528838902e-15,2.1024848528838902e-15,2.1024848528838902e-15,2.1024848528838902e-15,2.1024848528838902e-15,2.1024848528838902e-15,2.1024848528838902e-15,2.1024848528838902e-15,2.1024848528838902e-15,2.1024848528838902e-15,2.1024848528838902e-15,2.1024848528838902e-15,2.1024848528838902e-15,2.1024848528838902e-15,2.1024848528838902e-15
0.53,1.7555401576885288e-15,1.7555401576885288e-15,1.7555401576885288e-15,1.7555401576885288e-15,1.7555401576885288e-15,1.7555401576885288e-15,1.7555401576885288e-15,1.7555401576885288e-15,1.7555401576885288e-15,1.7555401576885288e-15,1.7555401576885288e-15,1.7555401576885288e-15,1.7555401576885288e-15,1.7555401576885288e-15,1.7555401576885288e-15,1.7555401576885288e-15,1.7555401576885288e-15,1.7555401576885288e-15,1.7555401576885288e-15,1.7555401576885288e-15
0.54,1.0547118733938987e-15,1.0547118733938987e-15,1.0547118733938987e-15,1.0547118733938987e-15,1.0547118733938987e-15,1.0547118733938987e-15,1.0547118733938987e-15,1.0547118733938987e-15,1.0547118733938987e-15,1.0547118733938987e-15,1.0547118733938987e-15,1.0547118733938987e-15,1.0547118733938987e-15,1.0547118733938987e-15,1.0547118733938987e-15,1.0547118733938987e-15,1.0547118733938987e-15,1.0547118733938987e-15,1.0547118733938987e-15,1.0547118733938987e-15
0.55,1.0547118733938987e-15,1.0547118733938987e-15,1.0547118733938987e-15,1.0547118733938987e-15,1.0547118733938987e-15,1.0547118733938987e-15,1.0547118733938987e-15,1.0547118733938987e-15,1.0547118733938987e-15,1.0547118733938987e-15,1.0547118733938987e-15,1.0547118733938987e-15,1.0547118733938987e-15,1.0547118733938987e-15,1.0547118733938987e-15,1.0547118733938987e-15,1.0547118733938987e-15,1.0547118733938987e-15,1.0547118733938987e-15,1.0547118733938987e-15
0.56,7.008282842946301e-16,7.008282842946301e-16,7.008282842946301e-16,7.008282842946301e-16,7.008282842946301e-16,7.008282842946301e-16,7.008282842946301e-16,7.008282842946301e-16,7.008282842946301e-16,7.008282842946301e-16,7.008282842946301e-16,7.008282842946301e-16,7.008282842946301e-16,7.008282842946301e-16,7.008282842946301e-16,7.008282842946301e-16,7.008282842946301e-16,7.008282842946301e-16,7.008282842946301e-16,7.008282842946301e-16
0.5700000000000001,1.2906342661267445e-15,1.2906342661267445e-15,1.2906342661267445e-15,1.2906342661267445e-15,1.2906342661267445e-15,1.2906342661267445e-15,1.2906342661267445e-15,1.2906342661267445e-15,1.2906342661267445e-15,1.2906342661267445e-15,1.2906342661267445e-15,1.2906342661267445e-15,1.2906342661267445e-15,1.2906342661267445e-15,1.2906342661267445e-15,1.2906342661267445e-15,1.2906342661267445e-15,1.2906342661267445e-15,1.2906342661267445e-15,1.2906342661267445e-15
0.5800000000000001,1.1796119636642288e-16,1.1796119636642288e-16,1.1796119636642288e-16,1.1796119636642288e-16,1.1796119636642288e-16,1.1796119636642288e-16,1.1796119636642288e-16,1.1796119636642288e-16,1.1796119636642288e-16,1.1796119636642288e-16,1.1796119636642288e-16,1.1796119636642288e-16,1.1796119636642288e-16,1.1796119636642288e-16,1.1796119636642288e-16,1.1796119636642288e-16,1.1796119636642288e-16,1.1796119636642288e-16,1.1796119636642288e-16,1.1796119636642288e-16
0.59,7.008282842946301e-16,7.008282842946301e-16,7.008282842946301e-16,7.008282842946301e-16,7.008282842946301e-16,7.008282842946301e-16,7.008282842946301e-16,7.008282842946301e-16,7.008282842946301e-16,7.008282842946301e-16,7.008282842946301e-16,7.008282842946301e-16,7.008282842946301e-16,7.008282842946301e-16,7.008282842946301e-16,7.008282842946301e-16,7.008282842946301e-16,7.008282842946301e-16,7.008282842946301e-16,7.008282842946301e-16
0.6,9.298117831235686e-16,9.298117831235686e-16,9.298117831235686e-16,9.298117831235686e-16,9.298117831235686e-16,9.298117831235686e-16,9.298117831235686e-16,9.298117831235686e-16,9.298117831235686e-16,9.298117831235686e-16,9.298117831235686e-16,9.298117831235686e-16,9.298117831235686e-16,9.298117831235686e-16,9.298117831235686e-16,9.298117831235686e-16,9.298117831235686e-16,9.298117831235686e-16,9.298117831235686e-16,9.298117831235686e-16
0.61,2.1024848528838902e-15,2.1024848528838902e-15,2.1024848528838902e-15,2.1024848528838902e-15,2.1024848528838902e-15,2.1024848528838902e-15,2.1024848528838902e-15,2.1024848528838902e-15,2.1024848528838902e-15,2.1024848528838902e-15,2.1024848528838902e-15,2.1024848528838902e-15,2.1024848528838902e-15,2.1024848528838902e-15,2.1024848528838902e-15,2.1024848528838902e-15,2.1024848528838902e-15,2.1024848528838902e-15,2.1024848528838902e-15,2.1024848528838902e-15
0.62,4.649058915617843e-16,4.649058915617843e-16,4.649058915617843e-16,4.649058915617843e-16,4.649058915617843e-16,4.649058915617843e-16,4.649058915617843e-16,4.649058915617843e-16,4.649058915617843e-16,4.649058915617843e-16,4.649058915617843e-16,4.649058915617843e-16,4.649058915617843e-16,4.649058915617843e-16,4.649058915617843e-16,4.649058915617843e-16,4.649058915617843e-16,4.649058915617843e-16,4.649058915617843e-16,4.649058915617843e-16
0.63,0.0,0.0,0.0,0.0,0.0,0.0,0.0,0.0,0.0,0.0,0.0,0.0,0.0,0.0,0.0,0.0,0.0,0.0,0.0,0.0
0.64,7.008282842946301e-16,7.008282842946301e-16,7.008282842946301e-16,7.008282842946301e-16,7.008282842946301e-16,7.008282842946301e-16,7.008282842946301e-16,7.008282842946301e-16,7.008282842946301e-16,7.008282842946301e-16,7.008282842946301e-16,7.008282842946301e-16,7.008282842946301e-16,7.008282842946301e-16,7.008282842946301e-16,7.008282842946301e-16,7.008282842946301e-16,7.008282842946301e-16,7.008282842946301e-16,7.008282842946301e-16
0.65,1.0547118733938987e-15,1.0547118733938987e-15,1.0547118733938987e-15,1.0547118733938987e-15,1.0547118733938987e-15,1.0547118733938987e-15,1.0547118733938987e-15,1.0547118733938987e-15,1.0547118733938987e-15,1.0547118733938987e-15,1.0547118733938987e-15,1.0547118733938987e-15,1.0547118733938987e-15,1.0547118733938987e-15,1.0547118733938987e-15,1.0547118733938987e-15,1.0547118733938987e-15,1.0547118733938987e-15,1.0547118733938987e-15,1.0547118733938987e-15
0.66,1.1796119636642288e-16,1.1796119636642288e-16,1.1796119636642288e-16,1.1796119636642288e-16,1.1796119636642288e-16,1.1796119636642288e-16,1.1796119636642288e-16,1.1796119636642288e-16,1.1796119636642288e-16,1.1796119636642288e-16,1.1796119636642288e-16,1.1796119636642288e-16,1.1796119636642288e-16,1.1796119636642288e-16,1.1796119636642288e-16,1.1796119636642288e-16,1.1796119636642288e-16,1.1796119636642288e-16,1.1796119636642288e-16,1.1796119636642288e-16
0.67,2.220446049250313e-15,2.220446049250313e-15,2.220446049250313e-15,2.220446049250313e-15,2.220446049250313e-15,2.220446049250313e-15,2.220446049250313e-15,2.220446049250313e-15,2.220446049250313e-15,2.220446049250313e-15,2.220446049250313e-15,2.220446049250313e-15,2.220446049250313e-15,2.220446049250313e-15,2.220446049250313e-15,2.220446049250313e-15,2.220446049250313e-15,2.220446049250313e-15,2.220446049250313e-15,2.220446049250313e-15
0.68,1.1726730697603216e-15,1.1726730697603216e-15,1.1726730697603216e-15,1.1726730697603216e-15,1.1726730697603216e-15,1.1726730697603216e-15,1.1726730697603216e-15,1.1726730697603216e-15,1.1726730697603216e-15,1.1726730697603216e-15,1.1726730697603216e-15,1.1726730697603216e-15,1.1726730697603216e-15,1.1726730697603216e-15,1.1726730697603216e-15,1.1726730697603216e-15,1.1726730697603216e-15,1.1726730697603216e-15,1.1726730697603216e-15,1.1726730697603216e-15
0.6900000000000001,2.3592239273284576e-16,2.3592239273284576e-16,2.3592239273284576e-16,2.3592239273284576e-16,2.3592239273284576e-16,2.3592239273284576e-16,2.3592239273284576e-16,2.3592239273284576e-16,2.3592239273284576e-16,2.3592239273284576e-16,2.3592239273284576e-16,2.3592239273284576e-16,2.3592239273284576e-16,2.3592239273284576e-16,2.3592239273284576e-16,2.3592239273284576e-16,2.3592239273284576e-16,2.3592239273284576e-16,2.3592239273284576e-16,2.3592239273284576e-16
0.7000000000000001,1.9845236565174673e-15,1.9845236565174673e-15,1.9845236565174673e-15,1.9845236565174673e-15,1.9845236565174673e-15,1.9845236565174673e-15,1.9845236565174673e-15,1.9845236565174673e-15,1.9845236565174673e-15,1.9845236565174673e-15,1.9845236565174673e-15,1.9845236565174673e-15,1.9845236565174673e-15,1.9845236565174673e-15,1.9845236565174673e-15,1.9845236565174673e-15,1.9845236565174673e-15,1.9845236565174673e-15,1.9845236565174673e-15,1.9845236565174673e-15
0.7100000000000001,3.469446951953614e-16,3.469446951953614e-16,3.469446951953614e-16,3.469446951953614e-16,3.469446951953614e-16,3.469446951953614e-16,3.469446951953614e-16,3.469446951953614e-16,3.469446951953614e-16,3.469446951953614e-16,3.469446951953614e-16,3.469446951953614e-16,3.469446951953614e-16,3.469446951953614e-16,3.469446951953614e-16,3.469446951953614e-16,3.469446951953614e-16,3.469446951953614e-16,3.469446951953614e-16,3.469446951953614e-16
0.72,9.298117831235686e-16,9.298117831235686e-16,9.298117831235686e-16,9.298117831235686e-16,9.298117831235686e-16,9.298117831235686e-16,9.298117831235686e-16,9.298117831235686e-16,9.298117831235686e-16,9.298117831235686e-16,9.298117831235686e-16,9.298117831235686e-16,9.298117831235686e-16,9.298117831235686e-16,9.298117831235686e-16,9.298117831235686e-16,9.298117831235686e-16,9.298117831235686e-16,9.298117831235686e-16,9.298117831235686e-16
0.73,1.7555401576885288e-15,1.7555401576885288e-15,1.7555401576885288e-15,1.7555401576885288e-15,1.7555401576885288e-15,1.7555401576885288e-15,1.7555401576885288e-15,1.7555401576885288e-15,1.7555401576885288e-15,1.7555401576885288e-15,1.7555401576885288e-15,1.7555401576885288e-15,1.7555401576885288e-15,1.7555401576885288e-15,1.7555401576885288e-15,1.7555401576885288e-15,1.7555401576885288e-15,1.7555401576885288e-15,1.7555401576885288e-15,1.7555401576885288e-15
0.74,3.5110803153770576e-15,3.5110803153770576e-15,3.5110803153770576e-15,3.5110803153770576e-15,3.5110803153770576e-15,3.5110803153770576e-15,3.5110803153770576e-15,3.5110803153770576e-15,3.5110803153770576e-15,3.5110803153770576e-15,3.5110803153770576e-15,3.5110803153770576e-15,3.5110803153770576e-15,3.5110803153770576e-15,3.5110803153770576e-15,3.5110803153770576e-15,3.5110803153770576e-15,3.5110803153770576e-15,3.5110803153770576e-15,3.5110803153770576e-15
0.75,2.220446049250313e-15,2.220446049250313e-15,2.220446049250313e-15,2.220446049250313e-15,2.220446049250313e-15,2.220446049250313e-15,2.220446049250313e-15,2.220446049250313e-15,2.220446049250313e-15,2.220446049250313e-15,2.220446049250313e-15,2.220446049250313e-15,2.220446049250313e-15,2.220446049250313e-15,2.220446049250313e-15,2.220446049250313e-15,2.220446049250313e-15,2.220446049250313e-15,2.220446049250313e-15,2.220446049250313e-15
0.76,2.6853519408120974e-15,2.6853519408120974e-15,2.6853519408120974e-15,2.6853519408120974e-15,2.6853519408120974e-15,2.6853519408120974e-15,2.6853519408120974e-15,2.6853519408120974e-15,2.6853519408120974e-15,2.6853519408120974e-15,2.6853519408120974e-15,2.6853519408120974e-15,2.6853519408120974e-15,2.6853519408120974e-15,2.6853519408120974e-15,2.6853519408120974e-15,2.6853519408120974e-15,2.6853519408120974e-15,2.6853519408120974e-15,2.6853519408120974e-15
0.77,2.8033131371785203e-15,2.8033131371785203e-15,2.8033131371785203e-15,2.8033131371785203e-15,2.8033131371785203e-15,2.8033131371785203e-15,2.8033131371785203e-15,2.8033131371785203e-15,2.8033131371785203e-15,2.8033131371785203e-15,2.8033131371785203e-15,2.8033131371785203e-15,2.8033131371785203e-15,2.8033131371785203e-15,2.8033131371785203e-15,2.8033131371785203e-15,2.8033131371785203e-15,2.8033131371785203e-15,2.8033131371785203e-15,2.8033131371785203e-15
0.78,3.1502578323738817e-15,3.1502578323738817e-15,3.1502578323738817e-15,3.1502578323738817e-15,3.1502578323738817e-15,3.1502578323738817e-15,3.1502578323738817e-15,3.1502578323738817e-15,3.1502578323738817e-15,3.1502578323738817e-15,3.1502578323738817e-15,3.1502578323738817e-15,3.1502578323738817e-15,3.1502578323738817e-15,3.1502578323738817e-15,3.1502578323738817e-15,3.1502578323738817e-15,3.1502578323738817e-15,6.0028926274213745e-12,6.0028926274213745e-12
0.79,2.3592239273284576e-16,2.3592239273284576e-16,2.3592239273284576e-16,2.3592239273284576e-16,2.3592239273284576e-16,2.3592239273284576e-16,2.3592239273284576e-16,2.3592239273284576e-16,2.3592239273284576e-16,2.3592239273284576e-16,2.3592239273284576e-16,2.3592239273284576e-16,2.3592239273284576e-16,2.3592239273284576e-16,2.3592239273284576e-16,2.3592239273284576e-16,2.3592239273284576e-16,2.3592239273284576e-16,2.3592239273284576e-16,2.3592239273284576e-16
0.8,2.338407245616736e-15,2.338407245616736e-15,2.338407245616736e-15,2.338407245616736e-15,2.338407245616736e-15,2.338407245616736e-15,2.338407245616736e-15,2.338407245616736e-15,2.338407245616736e-15,2.338407245616736e-15,2.338407245616736e-15,2.338407245616736e-15,2.338407245616736e-15,2.338407245616736e-15,2.338407245616736e-15,2.338407245616736e-15,2.338407245616736e-15,2.338407245616736e-15,2.338407245616736e-15,2.338407245616736e-15
0.81,1.519617764955683e-15,1.519617764955683e-15,1.519617764955683e-15,1.519617764955683e-15,1.519617764955683e-15,1.519617764955683e-15,1.519617764955683e-15,1.519617764955683e-15,1.519617764955683e-15,1.519617764955683e-15,1.519617764955683e-15,1.519617764955683e-15,1.519617764955683e-15,1.519617764955683e-15,1.519617764955683e-15,1.519617764955683e-15,1.519617764955683e-15,1.519617764955683e-15,1.519617764955683e-15,1.519617764955683e-15
0.8200000000000001,2.921274333544943e-15,2.921274333544943e-15,2.921274333544943e-15,2.921274333544943e-15,2.921274333544943e-15,2.921274333544943e-15,2.921274333544943e-15,2.921274333544943e-15,2.921274333544943e-15,2.921274333544943e-15,2.921274333544943e-15,2.921274333544943e-15,2.921274333544943e-15,2.921274333544943e-15,2.921274333544943e-15,2.921274333544943e-15,2.921274333544943e-15,2.921274333544943e-15,2.921274333544943e-15,2.921274333544943e-15
0.8300000000000001,3.5110803153770576e-15,3.5110803153770576e-15,3.5110803153770576e-15,3.5110803153770576e-15,3.5110803153770576e-15,3.5110803153770576e-15,3.5110803153770576e-15,3.5110803153770576e-15,3.5110803153770576e-15,3.5110803153770576e-15,3.5110803153770576e-15,3.5110803153770576e-15,3.5110803153770576e-15,3.5110803153770576e-15,3.5110803153770576e-15,3.5110803153770576e-15,3.5110803153770576e-15,3.5110803153770576e-15,3.5110803153770576e-15,3.5110803153770576e-15
0.8400000000000001,1.6375789613221059e-15,1.6375789613221059e-15,1.6375789613221059e-15,1.6375789613221059e-15,1.6375789613221059e-15,1.6375789613221059e-15,1.6375789613221059e-15,1.6375789613221059e-15,1.6375789613221059e-15,1.6375789613221059e-15,1.6375789613221059e-15,1.6375789613221059e-15,1.6375789613221059e-15,1.6375789613221059e-15,1.6375789613221059e-15,1.6375789613221059e-15,1.6375789613221059e-15,1.6375789613221059e-15,1.6375789613221059e-15,1.6375789613221059e-15
0.85,3.469446951953614e-16,3.469446951953614e-16,3.469446951953614e-16,3.469446951953614e-16,3.469446951953614e-16,3.469446951953614e-16,3.469446951953614e-16,3.469446951953614e-16,3.469446951953614e-16,3.469446951953614e-16,3.469446951953614e-16,3.469446951953614e-16,3.469446951953614e-16,3.469446951953614e-16,3.469446951953614e-16,3.469446951953614e-16,3.469446951953614e-16,3.469446951953614e-16,3.469446951953614e-16,3.469446951953614e-16
0.86,1.0547118733938987e-15,1.0547118733938987e-15,1.0547118733938987e-15,1.0547118733938987e-15,1.0547118733938987e-15,1.0547118733938987e-15,1.0547118733938987e-15,1.0547118733938987e-15,1.0547118733938987e-15,1.0547118733938987e-15,1.0547118733938987e-15,1.0547118733938987e-15,1.0547118733938987e-15,1.0547118733938987e-15,1.0547118733938987e-15,1.0547118733938987e-15,1.0547118733938987e-15,1.0547118733938987e-15,1.0547118733938987e-15,1.0547118733938987e-15
0.87,7.008282842946301e-16,7.008282842946301e-16,7.008282842946301e-16,7.008282842946301e-16,7.008282842946301e-16,7.008282842946301e-16,7.008282842946301e-16,7.008282842946301e-16,7.008282842946301e-16,7.008282842946301e-16,7.008282842946301e-16,7.008282842946301e-16,7.008282842946301e-16,7.008282842946301e-16,7.008282842946301e-16,7.008282842946301e-16,7.008282842946301e-16,7.008282842946301e-16,7.008282842946301e-16,7.008282842946301e-16
0.88,3.469446951953614e-16,3.469446951953614e-16,3.469446951953614e-16,3.469446951953614e-16,3.469446951953614e-16,3.469446951953614e-16,3.469446951953614e-16,3.469446951953614e-16,3.469446951953614e-16,3.469446951953614e-16,3.469446951953614e-16,3.469446951953614e-16,3.469446951953614e-16,3.469446951953614e-16,3.469446951953614e-16,3.469446951953614e-16,3.469446951953614e-16,3.469446951953614e-16,3.469446951953614e-16,3.469446951953614e-16
0.89,4.649058915617843e-16,4.649058915617843e-16,4.649058915617843e-16,4.649058915617843e-16,4.649058915617843e-16,4.649058915617843e-16,4.649058915617843e-16,4.649058915617843e-16,4.649058915617843e-16,4.649058915617843e-16,4.649058915617843e-16,4.649058915617843e-16,4.649058915617843e-16,4.649058915617843e-16,4.649058915617843e-16,4.649058915617843e-16,4.649058915617843e-16,4.649058915617843e-16,4.649058915617843e-16,4.649058915617843e-16
0.9,1.1796119636642288e-16,1.1796119636642288e-16,1.1796119636642288e-16,1.1796119636642288e-16,1.1796119636642288e-16,1.1796119636642288e-16,1.1796119636642288e-16,1.1796119636642288e-16,1.1796119636642288e-16,1.1796119636642288e-16,1.1796119636642288e-16,1.1796119636642288e-16,1.1796119636642288e-16,1.1796119636642288e-16,1.1796119636642288e-16,1.1796119636642288e-16,1.1796119636642288e-16,1.1796119636642288e-16,1.1796119636642288e-16,1.1796119636642288e-16
0.91,2.3592239273284576e-16,2.3592239273284576e-16,2.3592239273284576e-16,2.3592239273284576e-16,2.3592239273284576e-16,2.3592239273284576e-16,2.3592239273284576e-16,2.3592239273284576e-16,2.3592239273284576e-16,2.3592239273284576e-16,2.3592239273284576e-16,2.3592239273284576e-16,2.3592239273284576e-16,2.3592239273284576e-16,2.3592239273284576e-16,2.3592239273284576e-16,2.3592239273284576e-16,2.3592239273284576e-16,2.3592239273284576e-16,2.3592239273284576e-16
0.92,4.2049697057677804e-15,4.2049697057677804e-15,4.2049697057677804e-15,4.2049697057677804e-15,4.2049697057677804e-15,4.2049697057677804e-15,4.2049697057677804e-15,4.2049697057677804e-15,4.2049697057677804e-15,4.2049697057677804e-15,4.2049697057677804e-15,4.2049697057677804e-15,4.2049697057677804e-15,4.2049697057677804e-15,4.2049697057677804e-15,4.2049697057677804e-15,4.2049697057677804e-15,4.2049697057677804e-15,4.2049697057677804e-15,4.2049697057677804e-15
0.93,3.469446951953614e-16,3.469446951953614e-16,3.469446951953614e-16,3.469446951953614e-16,3.469446951953614e-16,3.469446951953614e-16,3.469446951953614e-16,3.469446951953614e-16,3.469446951953614e-16,3.469446951953614e-16,3.469446951953614e-16,3.469446951953614e-16,3.469446951953614e-16,3.469446951953614e-16,3.469446951953614e-16,3.469446951953614e-16,3.469446951953614e-16,3.469446951953614e-16,3.469446951953614e-16,3.469446951953614e-16
0.9400000000000001,7.008282842946301e-16,7.008282842946301e-16,7.008282842946301e-16,7.008282842946301e-16,7.008282842946301e-16,7.008282842946301e-16,7.008282842946301e-16,7.008282842946301e-16,7.008282842946301e-16,7.008282842946301e-16,7.008282842946301e-16,7.008282842946301e-16,7.008282842946301e-16,7.008282842946301e-16,7.008282842946301e-16,7.008282842946301e-16,7.008282842946301e-16,7.008282842946301e-16,7.008282842946301e-16,7.008282842946301e-16
0.9500000000000001,1.1796119636642288e-16,1.1796119636642288e-16,1.1796119636642288e-16,1.1796119636642288e-16,1.1796119636642288e-16,1.1796119636642288e-16,1.1796119636642288e-16,1.1796119636642288e-16,3.999967024270745e-12,1.1796119636642288e-16,1.1796119636642288e-16,1.1796119636642288e-16,1.1796119636642288e-16,1.1796119636642288e-16,1.1796119636642288e-16,1.1796119636642288e-16,1.1796119636642288e-16,1.1796119636642288e-16,1.1796119636642288e-16,1.1796119636642288e-16
0.9600000000000001,1.0477729794899915e-15,1.0477729794899915e-15,1.0477729794899915e-15,1.0477729794899915e-15,1.0477729794899915e-15,1.0477729794899915e-15,1.0477729794899915e-15,1.0477729794899915e-15,1.0477729794899915e-15,1.0477729794899915e-15,1.0477729794899915e-15,1.0477729794899915e-15,1.0477729794899915e-15,1.0477729794899915e-15,1.0477729794899915e-15,1.0477729794899915e-15,1.0477729794899915e-15,1.0477729794899915e-15,1.0477729794899915e-15,1.0477729794899915e-15
0.97,2.3592239273284576e-16,2.3592239273284576e-16,2.3592239273284576e-16,2.3592239273284576e-16,2.3592239273284576e-16,2.3592239273284576e-16,2.3592239273284576e-16,2.3592239273284576e-16,2.3592239273284576e-16,2.3592239273284576e-16,2.3592239273284576e-16,2.3592239273284576e-16,2.3592239273284576e-16,2.3592239273284576e-16,2.3592239273284576e-16,2.3592239273284576e-16,2.3592239273284576e-16,2.3592239273284576e-16,2.3592239273284576e-16,2.3592239273284576e-16
0.98,1.0477729794899915e-15,1.0477729794899915e-15,1.0477729794899915e-15,1.0477729794899915e-15,1.0477729794899915e-15,1.0477729794899915e-15,1.0477729794899915e-15,1.0477729794899915e-15,1.0477729794899915e-15,1.0477729794899915e-15,1.0477729794899915e-15,1.0477729794899915e-15,1.0477729794899915e-15,1.0477729794899915e-15,1.0477729794899915e-15,1.0477729794899915e-15,1.0477729794899915e-15,1.0477729794899915e-15,1.0477729794899915e-15,1.0477729794899915e-15
0.99,2.1024848528838902e-15,2.1024848528838902e-15,2.1024848528838902e-15,2.1024848528838902e-15,2.1024848528838902e-15,2.1024848528838902e-15,2.1024848528838902e-15,2.1024848528838902e-15,2.1024848528838902e-15,2.1024848528838902e-15,2.1024848528838902e-15,2.1024848528838902e-15,2.1024848528838902e-15,2.1024848528838902e-15,2.1024848528838902e-15,2.1024848528838902e-15,2.1024848528838902e-15,2.1024848528838902e-15,2.1024848528838902e-15,2.1024848528838902e-15
1.0,0.1000000000000016,0.1000000000000016,0.1000000000000016,0.1000000000000016,0.1000000000000016,0.1000000000000016,0.1000000000000016,0.1000000000000016,0.1000000000000016,0.1000000000000016,0.1000000000000016,0.1000000000000016,0.1000000000000016,0.1000000000000016,0.1000000000000016,0.1000000000000016,0.1000000000000016,0.1000000000000016,0.1000000000000016,0.1000000000000016
