,0.001,0.021,0.041,0.061,0.081,0.101,0.121,0.14100000000000001,0.161,0.181,0.201,0.221,0.241,0.261,0.281,0.301,0.321,0.341,0.361,0.381,0.401,0.421,0.441,0.461,0.481,0.501
0.02,0.0017298776820000028,0.0013054503120000227,0.0008799397159999778,0.00045221881600004954,2.114068799996538e-05,0.00041447181599996163,0.0008558369939999921,0.0013042260400000227,0.001760975792000019,0.002227502813999971,0.002705319101999948,0.0031960498179999797,0.0037014535040000296,0.004223445327999953,0.00476412405000004,0.0053258035440000295,0.005911049922000033,0.006522725563999965,0.007164041710000013,0.007838621724000017,0.00855057773200002,0.009304604170000008,0.010106092787999954,0.010961275219999955,0.011877401190000025,0.012862963246000003
0.03,0.0013022933180000251,0.00035099629799995036,0.0006060380040000535,0.0015745593900000077,0.0025605481079999937,0.0035703409020000354,0.004610772571999988,0.005689339869999976,0.006814396421999991,0.007995389883999948,0.009243156256000029,0.010570291675999988,0.011991629861999975,0.013524864979999995,0.015191377117999949,0.01701734411799999,0.019035264972000088,0.021286085898000018,0.02382222810400003,0.026711997180000058,0.030046168038000032,0.03394810275000004,0.03858981179400017,0.044218428870000215,0.051201813876000146,0.0601112864220002
0.039999999999999994,0.0009740058820000286,0.0007168178140000148,0.002426552915999969,0.004173688996000013,0.0059780619980000504,0.007861635800000044,0.009849454053999951,0.011970853460000042,0.01426106914599995,0.016763427494000005,0.019532428543999947,0.022638200440000034,0.026173121677999955,0.030261970028000018,0.03507800978599995,0.04086948848800004,0.04800525833999997,0.057057525440000034,0.068961506542,0.08534697415000003,0.10928858694000004,0.14716632742800012,0.2134966507320002,0.3395442361500003,0.5404981192120004,0.7126134260940007
0.049999999999999996,0.0008278408359999601,0.0018137945559998925,0.004500301737999979,0.007277661815999925,0.010197025413999972,0.01331803472399995,0.01671325210199992,0.020474428375999998,0.024721818819999963,0.029618644835999963,0.03539452810999999,0.04238524442199998,0.0511037316939999,0.06237476120599994,0.07760909154599988,0.09941000208199985,0.1330442854079999,0.19026375788599992,0.29768657310799973,0.4849707281979997,0.6755273518299995,0.7864509207499993,0.8452934959579994,0.8796243015339993,0.9016997773819992,0.9169886936739993
0.06,0.000630776768000052,0.0031746548000000097,0.007074118995999967,0.011165411999999986,0.015562294680000033,0.020405836286000012,0.025881151627999976,0.03224397932600004,0.039865597833999955,0.049313468118000026,0.06150580673200001,0.07803087134199999,0.10186588562799997,0.13915162749800003,0.203806013266,0.3262072377759999,0.5252528399159998,0.7016058405599999,0.7990783424519998,0.8515703812759998,0.8828864397339997,0.9033908460699998,0.9177911732519999,0.9284480361959997,0.9366556532299999,0.9431771348599998
0.06999999999999999,0.00038234156199995484,0.004801165688000042,0.010162300178000017,0.015888010232000038,0.02220732856400004,0.029424733458000008,0.03797501255400004,0.04852174830600009,0.06214869849600008,0.08076383446000013,0.10803371936400019,0.15174620085000018,0.22983427507800047,0.37711865289600066,0.5841473867860011,0.7356126125560014,0.8160229826560015,0.8606124247760016,0.8880723969940016,0.9065041451580016,0.9196965876380017,0.9296049449820016,0.9373269571720015,0.9435224808360018,0.9486106516180017,0.9528699752740017
0.07999999999999999,0.0002990797219999952,0.006473313237999989,0.01354513748999997,0.021245040416000005,0.029998104803999948,0.040412236110000055,0.053436551214000094,0.07068325993000008,0.0951483940140001,0.1329876732060002,0.19813101005000022,0.3209663235860004,0.5203991046500006,0.6970989293580008,0.7948833445580008,0.8476569383180008,0.8792280243560009,0.899964173970001,0.9145757206320011,0.9254256411460011,0.9338101844360012,0.9404942147280011,0.9459563962080011,0.9505109820500011,0.9543726048740011,0.957692786916001
0.09,1.8033705999953575e-05,0.008562402877999975,0.017630555205999987,0.027733815529999928,0.039625234903999995,0.05447157672599989,0.07427994692399992,0.10287867799399991,0.1483991257279998,0.2295557411559997,0.3815998559879995,0.5890530090779993,0.7366164492199991,0.814844068795999,0.858559454577999,0.8856956635579989,0.9040377922639989,0.9172466985219989,0.9272213925479988,0.9350329242159988,0.9413276893219988,0.9465177554939989,0.9508778433239988,0.9545980376979988,0.9578140342719988,0.9606253105719988
0.09999999999999999,3.873682799998557e-05,0.01055541875799998,0.021879242448000102,0.03479475023400008,0.05056143915800021,0.07129119062800027,0.1009804023760002,0.1481181836080005,0.23222598606400063,0.38884078342600104,0.5961573802040017,0.7396808979940019,0.8156727631660021,0.8584225532000023,0.8851309361760025,0.9032800621980024,0.9164071243780025,0.9263561625620025,0.9341716595800025,0.9404862700320025,0.9457045754920024,0.9500970607360024,0.9538513524660024,0.9571017010440025,0.9599467348020027,0.9624605768200026
0.10999999999999999,0.0004057886999999649,0.013246496767999993,0.027182512311999973,0.04353775788000003,0.06438435075200005,0.09350440147400002,0.13876916602599998,0.21817316884600002,0.366583374032,0.574583186516,0.72689216323,0.808040506844,0.8532792822099999,0.8813137211340001,0.9002562474439999,0.913904931314,0.924222547012,0.9323131157140001,0.93884175307,0.944232025974,0.94876619605,0.9526395668959999,0.9559916083219999,0.9589246271459999,0.9615154200760001,0.9638227993240001
0.11999999999999998,0.0001362534860000486,0.015407397364000042,0.032179684176000034,0.05238324571200004,0.0792247063360001,0.11900406158800014,0.18575292314800018,0.30993266791800034,0.5105029788400006,0.6881741567740007,0.7867948556020008,0.8402937707600009,0.872498142478001,0.8937905755700009,0.9088934716240011,0.920179588670001,0.9289531733020011,0.9359856820100011,0.9417612533140012,0.9465987176760011,0.9507165593920011,0.954269561006001,0.957370507296001,0.9601035855440012,0.9625329600040011,0.9647084312500012
0.12999999999999998,0.0007924481599999589,0.01875764412200004,0.03885570554000001,0.06389404288,0.09887403267400008,0.15436047956200016,0.2542988513020002,0.43269078868200034,0.6334230568960006,0.7572143495480006,0.8230041178520007,0.8612022251900007,0.8857504169880008,0.9028071196280009,0.9153621665120009,0.9250121554620009,0.9326798604780009,0.9389337758160008,0.9441427470000008,0.9485564769180008,0.9523500963100009,0.9556501501140009,0.9585504292920008,0.9611219864900009,0.963419682138001,0.9654865863460009
0.13999999999999999,0.0003442558980000232,0.02115332434799999,0.04472830510199999,0.07493969101400005,0.119060121046,0.19313746668799997,0.33025256503600003,0.5370539498860002,0.7030436172720003,0.7930761766440002,0.8427327405940002,0.8731917234720001,0.8936376759140001,0.9083125492580002,0.9193814083420002,0.9280504694520002,0.9350413350120002,0.9408112382460003,0.9456638018220003,0.9498086047080003,0.9533950768660002,0.9565327282300002,0.9593037231400001,0.9617709754600001,0.9639835211160002,0.9659801801120003
0.14999999999999997,0.001343697255999976,0.02531344310799999,0.0530714127500001,0.09003260818200004,0.1470059283600002,0.24808813297600024,0.42737856083400044,0.6288292938900006,0.7532040097160009,0.8194739456920008,0.8580719344060008,0.8829566495520009,0.9002992134740011,0.9130991309520011,0.9229604709920012,0.930811852462001,0.937226394880001,0.9425766423140012,0.9471152835340011,0.9510198810520012,0.9544189763640012,0.9574080119540012,0.9600594160820011,0.962429202376001,0.9645614135000011,0.9664911890620012
0.15999999999999998,0.0014397874900000107,0.028722769826000027,0.060863895158000225,0.10511383441600047,0.1765250701420007,0.30670922773200116,0.511089324836002,0.6860837738040027,0.7826459350580028,0.835560486620003,0.8677861745500033,0.8893136726600033,0.9047176152420033,0.9163136516840036,0.9253837024040035,0.9326910940260036,0.9387178841460035,0.9437834231980036,0.9481077819120036,0.9518476922280035,0.9551179271380035,0.9580045564100035,0.9605734633280036,0.9628759883860036,0.9649527716700035,0.9668364319500036
0.16999999999999996,0.0014128936040000428,0.032210676242000025,0.06911078066800003,0.12160407963400005,0.20980649882400004,0.369626944572,0.5795032063240002,0.7251049507720002,0.8028084502100001,0.8469855327920002,0.8748970975300001,0.8940702637680003,0.9080763763240003,0.9187858062360001,0.9272636135100003,0.9341587293800002,0.9398887520580002,0.9447346799480003,0.9488927091140003,0.9525041328820003,0.9556734124900002,0.9584795360120002,0.9609834044080001,0.9632327779200003,0.9652656753940003,0.9671127643280002
0.17999999999999997,0.0009664471060000235,0.03544457855199995,0.07737309640999995,0.13883032113999993,0.24529694705199978,0.4300507061679997,0.6302459292579996,0.7517391675759995,0.8168627705779995,0.8551795676179994,0.8801058607519994,0.8976050281179992,0.9105966022939993,0.9206526835959994,0.9286891322019992,0.9352744403619992,0.9407800775859994,0.9454592049479993,0.9494904889539992,0.9530037804459994,0.9560958388699994,0.9588403292719994,0.9612943878799993,0.9635030578379993,0.9655023615239993,0.9673214758439994
0.18999999999999997,0.0015952631800000283,0.04007945663399998,0.087877555926,0.16039325051999986,0.28886462704999977,0.49271836274199954,0.6729596562859994,0.7736310777079993,0.8287932316499993,0.8623657057159992,0.8847973719259992,0.9008592146119991,0.9129602847899991,0.9224323948999991,0.9300682503159992,0.9363685873539991,0.9416653568879991,0.9461875275279992,0.9500983425839991,0.953517476345999,0.9565347727359992,0.959219075907999,0.9616240856159992,0.9637923468079992,0.965758033803999,0.967548934931999
0.19999999999999996,0.00142570692599997,0.04403395353,0.09784182571199995,0.18178455672199995,0.33113048355799984,0.5427264073019997,0.7024417494319998,0.7887023856339996,0.8371902341119997,0.8675113883899996,0.8881929621679996,0.9032285024459996,0.9146857592639996,0.9237320644519995,0.9310741813959995,0.9371648347359995,0.9423076326999995,0.9467140275739996,0.9505360119259996,0.9538857929839994,0.9568481172479995,0.9594882629499994,0.9618573812699995,0.9639961608799996,0.9659374011379995,0.9677078564299995
0.20999999999999996,0.002262098657999978,0.049335864169999966,0.11009245797199996,0.20766866283200003,0.3787116338860002,0.5886776717740003,0.7274019874860003,0.8016901407060004,0.8446429389640004,0.8721959371400004,0.8913497398740005,0.9054706245780004,0.9163442236840005,0.9249988938320004,0.9320674285220005,0.9379605847320005,0.9429568694480004,0.9472520461360003,0.9509879306040006,0.9542699163360004,0.9571780614400005,0.9597743405260004,0.9621075277760005,0.9642165696780005,0.9661329674440005,0.9678824937900004
0.21999999999999995,0.0017866007059999522,0.053346801217999784,0.12086281058799958,0.23137322510999914,0.4189545102119983,0.6212019053759976,0.7442305738359971,0.8105323450819967,0.8497725964859966,0.8754359416559965,0.8935326590499963,0.9070153321299965,0.9174798878959962,0.9258597101019963,0.9327364090699963,0.9384914306499963,0.9433856311639963,0.9476036891539963,0.9512802071679962,0.9545157400379962,0.9573870137419962,0.9599536550319963,0.9622627500759962,0.9643520098499963,0.9662520166899962,0.9679878500599962
0.22999999999999995,0.0021504921260000476,0.0585202580660002,0.13368555090600026,0.2587825904620007,0.46029343164800113,0.6501912224700015,0.7590074594160018,0.818476303612002,0.8544913457360019,0.8784769577860022,0.8956171332980023,0.9085130577620022,0.9185964428340023,0.9267171008500021,0.9334109769200023,0.9390330577540023,0.9438281048820023,0.9479705991940022,0.9515884546860023,0.9547777071840025,0.9576119499900024,0.9601485888840025,0.9624331038940024,0.9645020238620023,0.9663850472620024,0.9681065832540023
0.23999999999999996,0.0034601180219999694,0.06500752273199978,0.14886904002199974,0.2900749384539994,0.501245725597999,0.6757668083519988,0.7720399815599985,0.8256541763759984,0.8588534546099982,0.8813423867039982,0.8976133857039983,0.9099679063559982,0.9196949594939983,0.9275705658259983,0.9340898025979982,0.9395837043219981,0.9442823177679982,0.9483507190359981,0.951910605385998,0.955053782603998,0.957850892513998,0.960357235657998,0.962616760951998,0.9646648642239981,0.966530392425998,0.9682371057579979
0.24999999999999994,0.002685989395999955,0.06923799061999997,0.16089195281199997,0.3152314038439999,0.5302366564199998,0.6923794067259997,0.7804278881179998,0.8302697358639998,0.8616404801759997,0.8831518854639997,0.8988547074659997,0.9108564647999997,0.9203528188719997,0.9280711506199997,0.9344794756779997,0.9398929347339997,0.9445318093599997,0.9485549437039997,0.9520799271459996,0.9551957811939997,0.9579712142119997,0.9604601552279997,0.9627055617899997,0.9647421010099997,0.9665980760719997,0.9682968358879996
0.25999999999999995,0.0025791108860000467,0.07443436561799999,0.17464354392399994,0.3424097176479999,0.5578147904439998,0.7074186335479997,0.7881126921559996,0.8345835565619996,0.8642932361299995,0.8849022364779995,0.9000732131159996,0.9117407611699995,0.9210161855079995,0.9285824062219996,0.9348824583819995,0.9402166852919995,0.9447962077979997,0.9487739835979996,0.9522636973279996,0.9553517081679996,0.9581048652979995,0.9605757718039996,0.9628064217839996,0.9648307705519996,0.9666765875039995,0.9683668157939995
0.26999999999999996,0.0032152607,0.08069891811600005,0.19028749546,0.3712976700520001,0.5836657894700001,0.7210404347300001,0.7951782013620001,0.8386288494120002,0.8668249249300002,0.8865984990060003,0.9012703789320002,0.9126205945700003,0.9216840479840003,0.9291029331640002,0.9352971802660002,0.9405533301820002,0.9450738946460002,0.9490062616820003,0.9524603981560003,0.9555201136220002,0.9582504669440002,0.9607027776840003,0.9629181026040001,0.9649297011320002,0.9667648183140003,0.9684459968940002
0.27999999999999997,0.004668430993999939,0.08814155192799994,0.20797868615399995,0.4014391063039999,0.6076166112839999,0.7333967136639999,0.8016973946999999,0.842434420298,0.8692470306739999,0.8882450474839999,0.9024474289799999,0.9134957106139999,0.9223554395699999,0.9296314274019999,0.9357221927979998,0.9409013788119999,0.9453633924699999,0.9492503432339999,0.9526686528259999,0.9556996856339999,0.9584067743559999,0.9608399947039999,0.9630394906699999,0.9650378408679999,0.9668617750479999,0.9685334407239999
0.29,0.0028691633999999855,0.09178231022199995,0.21960179769600002,0.4209646920120001,0.6217590841840002,0.7404280085240003,0.8053138724960003,0.8444774049540003,0.8704957812160001,0.8890555238160003,0.9029980939240003,0.9138834383340002,0.9226363143980003,0.9298396572260001,0.9358795527660002,0.9410222303920002,0.9454574945120002,0.9493244977720001,0.9527277058800003,0.9557471559800002,0.9584452599720001,0.9608714421280002,0.9630653775120002,0.9650593019020002,0.9668796908980002,0.9685485012300001
0.3,0.005899364803999996,0.1015070533560003,0.24101684551200075,0.4519259773080014,0.6425020844980021,0.7510085443440024,0.8110790684300024,0.8479542081980027,0.8727712441440028,0.8906398367580026,0.9041546491900029,0.9147595863440028,0.9233200304900029,0.9303863165660029,0.936325557014003,0.9413923899280028,0.945769243748003,0.9495904119460028,0.9529570622380028,0.955946934718003,0.9586208046980029,0.961026906872003,0.9632040361020029,0.965183766426003,0.9669920687560031,0.9686505098820031
0.31,0.0052622886300000005,0.10685557305600013,0.25525104286000033,0.4714678669940005,0.6546029763640007,0.757013303534001,0.8142763594900009,0.8498267693500009,0.8739553073080009,0.8914337275020009,0.9047116462420011,0.9151647009720011,0.9236234254380011,0.930619122214001,0.9365079121500011,0.9415377830380012,0.945886978732001,0.949687070172001,0.9530374020220012,0.9560144626700011,0.9586781489180012,0.961076066754001,0.963246553248001,0.9652208438840011,0.9670246556480011,0.9686793624700012
0.31999999999999995,0.005145429736000018,0.11297831730800001,0.2705444711720002,0.4907129381760003,0.6659538652020005,0.7626755896560005,0.8173376939040005,0.8516471052780006,0.8751227506840007,0.8922270521100006,0.9052755289100007,0.9155800979340007,0.9239384890440007,0.9308639549660007,0.9367021223880008,0.9416945907280008,0.9460155610260006,0.9497939595940006,0.9531273509500007,0.9560909950240006,0.9587439221080007,0.9611331150380007,0.9632964549100007,0.9652648383540006,0.9670637269880007,0.9687142998160008
0.32999999999999996,0.005593089725999978,0.11992756277199984,0.28686771891599977,0.5095060072919994,0.6765959259239993,0.7680243652739991,0.8202739997779991,0.8534189086139992,0.8762744344759992,0.8930195022579991,0.9058454952599989,0.9160047770899988,0.9242641598839989,0.931119757641999,0.9369071661459989,0.9418618412759989,0.9461540741919989,0.9499102198939988,0.953226103277999,0.956175777875999,0.9588174189759988,0.9611973916439989,0.963353122879999,0.9653151703139988,0.9671087389399988,0.968754811013999
0.33999999999999997,0.0066481253299999765,0.12775538786199991,0.30416448191199974,0.5277170836199996,0.6865731077959996,0.7730860269079995,0.8230951066259995,0.8551454761299994,0.8774110949339993,0.8938107578899994,0.9064207815719993,0.9164377996439994,0.9245994483379993,0.9313855488959992,0.9371220982899993,0.9420386381419994,0.9463016747019994,0.9500350608459993,0.9533329202839993,0.9562681212039994,0.9588979949719993,0.9612682941899993,0.9634159937079994,0.9653713121919993,0.9671591969659994,0.9688004319339993
0.35,0.008351934655999982,0.13651288716999982,0.32234910096999947,0.5452444053499992,0.6959302985339989,0.7778845682159988,0.8258098577199986,0.8568297530179987,0.8785333612959987,0.8946004926839988,0.9070006623279987,0.9168782852059987,0.9249434319939986,0.9316604176659985,0.9373460440479985,0.9422241536119984,0.9464575854619985,0.9501677558539985,0.9534471238859985,0.9563673926059985,0.9589850602019985,0.9613452720779985,0.9634845529979985,0.9654327828719984,0.9672146505319985,0.9688507401419983
0.36,0.004599069058000005,0.13842434571800005,0.3299241324999999,0.5524761750259999,0.6994793298079998,0.7795010406019998,0.8265886445539998,0.8572219896819997,0.8787325068259997,0.8946969366119997,0.9070399953279997,0.9168849569639999,0.9249311985819997,0.9316373101719997,0.9373168835619998,0.9421918921699999,0.9464240527899999,0.9501340906999998,0.9534140309899999,0.9563352998539998,0.9589542168919998,0.9613158115239997,0.9634565330519997,0.9654062124799998,0.9671895073219998,0.9688269821559998
0.36999999999999994,0.007408250049999954,0.14871914599600045,0.3492573597440009,0.5688836093660015,0.7080170235820018,0.7839674447540019,0.8291769964000022,0.8588631176960022,0.8798472341280024,0.8954949659300024,0.9076351671560023,0.9173435502320024,0.9252940574140025,0.9319308049980024,0.9375587121340025,0.9423943254320024,0.9465958387400024,0.9502816170440025,0.9535420602660025,0.9564474485360024,0.9590532760520026,0.9614039665460026,0.9635355173620026,0.9654774171640026,0.9672540606020026,0.9688858079060026
0.37999999999999995,0.004214150996000032,0.1514646296440002,0.35737518856600026,0.5755782557680005,0.7112219055820006,0.7854642300380006,0.8299267087360007,0.8592608554680007,0.8800650397700008,0.895614602960001,0.9076985783920009,0.9173736188860009,0.9253038952700008,0.9319282231000008,0.9375485092780009,0.9423795216020008,0.9465783693940009,0.9502627385600009,0.9535225942660008,0.956427933150001,0.9590340617480009,0.961385278090001,0.963517494578001,0.9654601421400009,0.9672375760820009,0.9688701298800009
0.38999999999999996,0.008254735124000045,0.1634063168860002,0.37751009909400035,0.5907895294260004,0.7190335915580006,0.7896389210840007,0.8324020073160007,0.8608619048040007,0.8811713286160008,0.8964184755220008,0.9083060317360009,0.917847183334001,0.9256825575120009,0.9322374202000009,0.9378054768280009,0.9425963159500008,0.9467636562400008,0.9504228941660009,0.9536624070000008,0.956551063910001,0.959143354160001,0.961482972368001,0.963605378046001,0.9655396571540009,0.9673098987020008,0.9689362280900009
0.39999999999999997,0.005721525121999971,0.16704924721400016,0.3859835760760002,0.5969286557640003,0.7219382811620005,0.7910330645520005,0.8331268905600004,0.8612646114420006,0.8814054948140007,0.8965583998820006,0.9083904843260007,0.9178976816240008,0.9257116519580006,0.9322527315440006,0.9378117866140008,0.9425967057560007,0.9467601559400007,0.9504168646720006,0.9536547735360006,0.9565424621280008,0.9591342238920006,0.9614736190520006,0.9635960137220008,0.9655304282680006,0.9673009052500006,0.9689275369480006
0.41,0.011108359804000045,0.18071755034199977,0.4065088480419996,0.6109372443699994,0.7291092996879991,0.794950445735999,0.8355003273319992,0.862828036043999,0.882502430753999,0.8973658977899991,0.909007547271999,0.9183834583259989,0.9261034327679989,0.932575088231999,0.9380815170459988,0.9428256553259988,0.946956901923999,0.950587761477999,0.9538046234099988,0.9566749583059988,0.9592522509939989,0.9615794613979989,0.963691502743999,0.965617048745999,0.967379873119999,0.9689998571699989
0.41999999999999993,0.009328662981999969,0.1853005261880003,0.4151277795480007,0.6165316253500011,0.7317530852640013,0.7962561413340014,0.8362036978680016,0.8632350211680015,0.8827508085840015,0.8975234829360015,0.9091103353780015,0.9184517662660016,0.9261493151740016,0.9326059965460016,0.9381022163300017,0.9428392805100018,0.9469655654180018,0.9505929158120017,0.9538072846940018,0.9566758477800017,0.9592518869160018,0.9615782199940017,0.9636896594060018,0.9656148063660017,0.9673773818780018,0.9689972285340018
0.42999999999999994,0.007795373750000001,0.19020236409000002,0.42375629697000017,0.6219598313400003,0.7343265563220003,0.7975427745180004,0.8369071457040005,0.8636489853620004,0.8830084212580005,0.8976907172020006,0.9092224473460004,0.9185287926560004,0.9262032293280005,0.9326442553180005,0.9381296264800005,0.9428590316900005,0.9469798270080005,0.9506031947500004,0.9538146469520004,0.9566810593460005,0.9592555057600005,0.9615806573760004,0.9636912215500004,0.9656157232880005,0.9673778276280005,0.9689973356240005
0.43999999999999995,0.006525085245999929,0.19542571954399962,0.4323723896259993,0.6272257801499989,0.7368331124659986,0.7988112192139986,0.8376105521379984,0.8640694658119984,0.8832747017739984,0.8978670212039983,0.9093433271159983,0.9186140177719982,0.9262646952119983,0.9326894234919982,0.9381633429419982,0.9428845377499981,0.9469993458939983,0.9506182848139981,0.9538264212939982,0.9566903262299982,0.9592628606579982,0.9615865446239982,0.9636959764779982,0.9656196014939982,0.9673810256779982,0.9690000058699981
0.44999999999999996,0.005533638873999991,0.20097158837400037,0.44095489280000083,0.6323337358940011,0.7392759663220014,0.8000622778820013,0.8383137891380015,0.8644960152420016,0.8835491086160014,0.8980518447340016,0.9094724486700017,0.9187069514320017,0.9263332612200016,0.9327410869840016,0.9382029865840018,0.9429154514620017,0.9470238036560017,0.9506378934880018,0.9538423384440018,0.9567034000200018,0.9592737219500018,0.9615956689620018,0.9637037266360018,0.9656262572040017,0.9673868047280019,0.9690050793060019
0.45999999999999996,0.00483605431199996,0.20683917897999993,0.44948373462799995,0.6372882263959999,0.7416581502199999,0.801296686862,0.8390167209459999,0.86492820171,0.8838311246259999,0.8982446651719999,0.9096093141859999,0.918807131052,0.9264085021659999,0.9327988567079999,0.938248201788,0.9429514476179999,0.9470529024699998,0.9506617474999999,0.9538621471219999,0.9567200491339999,0.9592878757219999,0.9616078323559999,0.9637142882999999,0.9656355196079999,0.9673950056659999,0.9690124074459999
0.47,0.014137742171999979,0.22476910416399998,0.46943367465799973,0.6487977665739997,0.7476790791519997,0.8047678967399996,0.8412236575319996,0.8664403835719996,0.8849268663619996,0.8990731544079995,0.9102568478039996,0.9193267925599995,0.9268346176339997,0.9331545546139997,0.9385496096279995,0.9432101418099996,0.9472774010759994,0.9508584537959996,0.9540359652939996,0.9568747973579996,0.9594265701559996,0.9617328866739996,0.9638276566119997,0.9657388006279997,0.9674895198259996,0.9690992548099995
0.4799999999999999,0.014404055046000008,0.23155398999000004,0.47766471602,0.6532928091219998,0.7498721294139998,0.8059364959099997,0.8419083801319998,0.8668732422419998,0.8852171362499999,0.8992770692599998,0.9104055639779998,0.9194386471519997,0.9269209527619997,0.9332226819719998,0.9386044099239998,0.9432549713599998,0.9473146278939997,0.9508897863459997,0.9540626606239997,0.9568977965819998,0.9594465888559998,0.9617504765559999,0.9638432483979997,0.9657527344319998,0.9675020670019998,0.9691106339119997
0.48999999999999994,0.015004873819999931,0.23863460121799945,0.485775719861999,0.6576540207799986,0.7520154739299985,0.8070913868579983,0.8425927581819982,0.8673106754579981,0.8855136416259981,0.8994875644979982,0.9105606668739981,0.9195564856819981,0.9270128045419981,0.933295858165998,0.9386638179559981,0.943304004433998,0.947355693067998,0.950924629655998,0.9540925736879979,0.956923751599998,0.9594693290199979,0.961770577945998,0.963861163181998,0.965768821579998,0.9675166144559979,0.969123874839998
0.49999999999999994,0.005253191257999945,0.23344226403399898,0.482709847383998,0.6556674547019973,0.7506349255739969,0.8082417761919967,0.8432814191579966,0.8677552088359964,0.8858178343919964,0.8997055106839963,0.9107226833159963,0.9191293672759961,0.9266430116679962,0.9329720567339962,0.9386029759489961,0.9432487112389962,0.9473053767419961,0.9508787585079961,0.954050667631996,0.9568853837859961,0.9594341229879961,0.961683364931996,0.963781395923996,0.965695614175996,0.967449216017996,0.969061644743996
0.5099999999999999,0.006218227289999934,0.24083680546599984,0.4907198446059997,0.6599271102239996,0.7527534416259996,0.8072407329719995,0.8425216806759995,0.8671596106419995,0.8853388145359995,0.8993121775159995,0.9103941446559995,0.9194022430659995,0.9268715806799995,0.9331672162979995,0.9385468413619995,0.9431976236759995,0.9472588382339995,0.9508362976599994,0.9540118539659995,0.9568498315979995,0.9594014902199994,0.9617081878679995,0.9638036660939995,0.9657157292359995,0.9674674974979994,0.9690783550779994
0.5199999999999999,0.007547681899999936,0.24850555023999965,0.4985874632499993,0.6640624882419991,0.754826104393999,0.8083875942079989,0.8432196627379988,0.8676173718479988,0.8856568585739987,0.8995433698559987,0.9105683965599987,0.9195375179199987,0.9269792091459986,0.9332546436039986,0.9386191313299986,0.9432583233099986,0.9473104959599986,0.9508807853879986,0.9540505736439986,0.9568838513979986,0.9594316365659986,0.9617351089759986,0.9638278767359986,0.9657376428119986,0.9674874494039986,0.9690966199679986
0.5299999999999999,0.009249869332000005,0.2564331033340004,0.5063037904040006,0.6680783689260008,0.7568548899280011,0.8095214893700011,0.8439162773500011,0.8680781512880011,0.8859794880980012,0.8997795569220011,0.9107475666720011,0.9196774371420013,0.9270911394040013,0.9333460195100014,0.9386950317980014,0.9433223208400012,0.9473651675620014,0.9509280312260013,0.9540918220560013,0.9569201945180013,0.9594639222260013,0.9617640043780014,0.9638539134080013,0.9657612489240013,0.9675089733680013,0.9691163479180014
0.5399999999999999,0.011332096897999966,0.26460204123799996,0.5138615376919999,0.67197942775,0.7588416526520001,0.8106427802039999,0.8446113679459999,0.8685416285580001,0.886306345248,0.900020389212,0.910931329698,0.919821703842,0.9272071025740001,0.9334411010500001,0.9387743231200001,0.943389417328,0.947422672414,0.950977870704,0.9541354490059999,0.9569587233900001,0.95949822085,0.9617947577099999,0.9638816686659999,0.96578644812,0.9675319771199999,0.969137453136
0.5499999999999999,0.013800656861999994,0.27299304554399956,0.5212549577779992,0.6757702172959992,0.7607881322119989,0.811751796809999,0.845304778799999,0.8690074955639988,0.8866370881879988,0.9002655339679988,0.9111193766179988,0.9199700364579987,0.9273268440279987,0.9335396584199986,0.9388567977579987,0.9434594249859987,0.9474828401419987,0.9510301488039987,0.9541813130239987,0.9569993085259987,0.9595344135739987,0.9618272595539987,0.9639110415239986,0.9658131469659987,0.9675563740099986,0.9691598550839986
0.5599999999999999,0.016660813767999993,0.2815850805260002,0.5284797432680002,0.6794551531940003,0.7626959600820005,0.8128488402240004,0.8459963554920005,0.8694754561260005,0.8869713903520005,0.9005146742860004,0.9113114137420004,0.9201221678400004,0.9274501224780005,0.9336414740980004,0.9389422594720005,0.9435321663980005,0.9475455099180004,0.9510847192940004,0.9542292807440005,0.9570418279240005,0.9595723884620004,0.9618614069240004,0.9639419369780005,0.9658412575960005,0.9675820825840005,0.9691834780780004
0.57,0.006887062187999948,0.2764865915700003,0.5255653799260005,0.6776148746500006,0.7614413929460007,0.8119433639580007,0.8453140108360007,0.8689437642320007,0.8865459420820009,0.9001668370400009,0.9110219379540009,0.9198776533680009,0.9272409630000009,0.9334606081560008,0.9387843828080009,0.9433932189300009,0.947422332074001,0.9509748160380009,0.954130655946001,0.956952865834001,0.9594917673680008,0.9617880352900008,0.9638749054900009,0.965779802716001,0.9675255584940008,0.9691313348700008
0.58,0.010213204740000037,0.28529940626000005,0.5326512458020001,0.681223281674,0.763331417312,0.813043858536,0.8460157132899999,0.869423397394,0.8868916572500001,0.900426529834,0.911223520524,0.920038348324,0.927371908412,0.933569294522,0.938876016484,0.94347152188,0.9474900303539999,0.951033948816,0.9541827770519999,0.9569991787779999,0.9595332179760001,0.961825376618,0.9639087441759999,0.9658106326560001,0.9675537856859999,0.9691572960020001
0.59,0.013942698963999967,0.294268066982,0.5395636150659999,0.684733768876,0.765185247784,0.8141324270300001,0.846714852072,0.869904192216,0.8872399952300001,0.900689343382,0.9114282981520001,0.92020212677,0.927505749294,0.9336806635099999,0.938970119498,0.9435520915660001,0.9475598080159999,0.9510949901600001,0.954236652132,0.9570471062899999,0.959576157608,0.961864093892,0.9639438568580001,0.965842644534,0.9675831115360001,0.969184280296
0.6,0.01807693499199997,0.30336766537599996,0.5463017310139999,0.6881502735499999,0.7670042304019999,0.815209306522,0.8474112912139999,0.87038589884,0.8875906836859999,0.900955015322,0.911636029106,0.9203687698919999,0.9276422888799999,0.9337945384299999,0.9390665329919999,0.9436347848259999,0.9476315356499999,0.9511578227039998,0.9542921743999999,0.9570965508979999,0.9596204970099999,0.9619041051419999,0.963980168046,0.9658757686419999,0.967613471512,0.9692122278719999
0.6099999999999999,0.008298347518000015,0.2982876369419997,0.5434441352599994,0.6863698429559992,0.7658025357319991,0.8143484507279992,0.8467662704959991,0.8698855381719991,0.887191742151999,0.900629806165999,0.9113660449719989,0.920141188973999,0.9274479567719989,0.9336267493099989,0.938920264941999,0.9435062040199989,0.9475176655299988,0.951056317605999,0.9542011611619989,0.9570145158139989,0.9595462037019988,0.9618365339279988,0.9639184705299988,0.9658192332419988,0.9675614969859989,0.9691643027519989
0.6199999999999999,0.012925906961999967,0.30753928378599904,0.5500406627919983,0.6897196764919977,0.7676054859259975,0.8154273240719974,0.8474704759439973,0.8703764481579972,0.8875515202119971,0.9009039232819971,0.9115814352759971,0.9203147138359971,0.927590662823997,0.933746152847997,0.9390216459599969,0.943593373853997,0.9475934406119969,0.9511228220379969,0.9542600257999969,0.957067012753997,0.959593339241997,0.9618791141899969,0.9639571486319969,0.9658545437899968,0.9675938816719969,0.9691941296159968
0.6299999999999999,0.017959645920000045,0.31687099955200115,0.556463872920002,0.6929824198700025,0.7693755377420026,0.8164944799540028,0.8481713342580031,0.870867471292003,0.8879128576080031,0.9011801664120032,0.9117991178020033,0.9204905120360034,0.9277355397480034,0.9338675906260034,0.9391249148000034,0.9436822872420034,0.9476708227340034,0.9511908070620034,0.9543202552760033,0.9571207692380033,0.9596416388520033,0.9619227720580034,0.9639968260360033,0.9658907826720033,0.9676271302860033,0.9692247618620036
0.6399999999999999,0.008150517049999972,0.31177248431799925,0.5536285726779986,0.6912333837319983,0.7682038089399981,0.8156597524839979,0.8475485411279978,0.8703859537219978,0.8875299570219978,0.9008687081579977,0.9115410132539977,0.9202732735579976,0.9275502780899977,0.9337078108179976,0.9389857635719976,0.9435600666639976,0.9475626666319976,0.9510944601639976,0.9542339190239976,0.9570429919679975,0.9595712361539975,0.9618587680759976,0.9639384095699975,0.9658372738959975,0.9675779552259975,0.9691794325899975
0.6499999999999999,0.01368543868800004,0.3212071793640006,0.5599121755740013,0.6944348565080016,0.7699583917460018,0.8167277073020018,0.8482555310760018,0.870884540142002,0.887898870768002,0.9011520399920021,0.911765150838002,0.920454886116002,0.927700373726002,0.933833932842002,0.939093244640002,0.9436527781640021,0.947643484208002,0.9511655628180022,0.9542969869880022,0.9570993410480022,0.9596219110340022,0.9619046084580023,0.9639800979120021,0.9658753704540022,0.9676129241440021,0.9692116616000022
0.6599999999999999,0.019620486952000027,0.3306704905299999,0.5660260688779999,0.6975554401759998,0.7716817460779999,0.8177838873859997,0.8489585851959998,0.8713825266779998,0.8882686431539997,0.9014368526559997,0.9119910006979999,0.9206382550739998,0.9278521802099997,0.9339616790939997,0.9392022469939998,0.9437469043519997,0.9477256126119997,0.9512378782259998,0.9543611766959998,0.9571567282419997,0.9596735476019997,0.9619513408779998,0.9640226148999997,0.9659142379559997,0.9676486114559997,0.9692445610939997
0.6699999999999999,0.00981556385799992,0.3255564253219994,0.563210434657999,0.6958341798299987,0.7705364507899986,0.8169721210879985,0.8483552568699984,0.8709174601179984,0.8878997111139983,0.9011373425939982,0.9117431990859983,0.9204299720039982,0.9276747616379982,0.9338088164119982,0.9390692355419983,0.9436301656379982,0.9476223772639982,0.9511459700759982,0.9542788623639982,0.9570826101819981,0.9596064866719982,0.9618903993479981,0.9639670138859981,0.9658633252039982,0.9676018366379981,0.9692014566719982
0.6799999999999999,0.01624786553600005,0.3350734212040003,0.5691886444420005,0.6988981429680006,0.7722446616060006,0.8180279406680007,0.8490629378200008,0.8714215263340007,0.8882757044460008,0.9014280373460009,0.911974438434001,0.9206182149580009,0.9278309548760009,0.933940507988001,0.9391817909240008,0.9437274991820008,0.9477074093520008,0.951220922402001,0.9543454542620009,0.9571421924980008,0.9596601351320009,0.9619389809940009,0.964011235190001,0.9659037674980009,0.967638982578001,0.969235710276001
0.69,0.023066716665999965,0.34456963700199955,0.5750026216919992,0.7018867613979991,0.773923072611999,0.8190719061639988,0.8497661465559989,0.8719243537879988,0.8886519330899989,0.9017196416719988,0.9122068784159989,0.9208077596319987,0.9279884553819987,0.9340734649079987,0.9392955474099987,0.9438259606539987,0.9477934943959987,0.9512968546579987,0.9544129568679987,0.9572026209339988,0.9597145699959986,0.9619882941259987,0.9640561376219987,0.9659448448099988,0.9676767213299986,0.9692705180459986
0.7,0.01329092543999999,0.33944057355200047,0.5722032130100008,0.7001894502580008,0.7728007226580011,0.8182800820720011,0.8491797066660012,0.8714735409080012,0.8882950868080011,0.9014304558020012,0.9119679688580011,0.9206071974780012,0.9278177924040013,0.9339265552840013,0.9391678160760013,0.9437139331280013,0.9476944854740013,0.9512087568800014,0.9543340934020013,0.9571316411320013,0.9596503739140014,0.9619299770120013,0.9640029485380013,0.9658961553120013,0.9676320015000013,0.9692293179420013
0.71,0.020591632377999936,0.34894348502799943,0.577886659817999,0.7031253966279988,0.7744641109059988,0.8193225607279986,0.8498861500819986,0.8719810982679985,0.8886763147599985,0.9017268616699985,0.9122048487699985,0.9208007814799986,0.9279789436539985,0.9340628056599984,0.9392845454639984,0.9438150831719985,0.9477830080959984,0.9512869054119983,0.9544036169939984,0.9571939178779983,0.9597065040039984,0.9619808492479984,0.9640492886539984,0.9659385616519984,0.9676709717419983,0.9692652693659984
0.7199999999999999,0.010755802872000009,0.34374692631200005,0.5750696840739999,0.7014289212360001,0.7733480536540001,0.8185381752700001,0.849306896436,0.8715368080479999,0.888325258452,0.901442779528,0.911970436134,0.920604191764,0.9278118035059999,0.9339190340179999,0.93915962206,0.9437055794939999,0.9476862774320001,0.9512008725559999,0.954326632228,0.957124653448,0.9596438793719999,0.9619239762059999,0.9639974304200001,0.96589110196,0.9676273912019999,0.969225127174
0.7299999999999999,0.018526639130000022,0.3532346683560002,0.5806251413200004,0.7043135365520004,0.7749960542880004,0.8195783087160005,0.8500156574520006,0.8720482467940007,0.8887107341920006,0.9017433301400006,0.9122111830680006,0.9208013140000006,0.9279761651920007,0.9340581888960007,0.9392789788980007,0.9438091096820007,0.9477769608800006,0.9512809878660007,0.9543979509080007,0.9571885731440006,0.9597015172980006,0.9619762359640007,0.9640450506080007,0.9659346921220007,0.9676674587820007,0.9692620979980007
0.7399999999999999,0.02664806909199996,0.3626357308320006,0.5860262937960008,0.707129694598001,0.7766157810980011,0.8206062515860013,0.8507190768600013,0.8725574840200014,0.8890955305460013,0.9020439636240014,0.9124523966660014,0.9209990896920013,0.9281412614040014,0.9341981016700016,0.9393990854740015,0.9439133645720015,0.9478683354700015,0.9513617570480015,0.9544698852480016,0.9572530709280016,0.9597596972520015,0.9620290036340016,0.9640931467340015,0.9659787284200017,0.9677079448220016,0.9692994616340016
0.7499999999999999,0.016868102647999983,0.35741936352599907,0.5832178021119987,0.7054502910039981,0.775516933119998,0.819837070587998,0.850152782161998,0.8721241596299978,0.8887537811579977,0.9017678333559977,0.9122248315539978,0.9208084434399977,0.9279793192739978,0.9340589083359978,0.9392782208839978,0.9438074806699978,0.9477748506659978,0.9512786492879978,0.9543955485419977,0.9571862137799976,0.9596992694119976,0.9619741423719976,0.9640431368339976,0.9659329719939975,0.9676659382299976,0.9692607776319975
0.7599999999999999,0.025426777223999997,0.3667650246639995,0.5884968230299994,0.7082180875519992,0.7771211333039991,0.8208615924379992,0.8508572785879991,0.8726361054739991,0.8891417789899991,0.9020716952219989,0.912469112925999,0.921009059055999,0.928147013237999,0.9342011852939989,0.9394004758359988,0.943913688671999,0.9478680035099989,0.9513610408759989,0.9544689665979988,0.9572520718199988,0.9597586995639988,0.9620280619279988,0.964092296809999,0.9659779931059989,0.9677073379259988,0.9692989906859988
0.7699999999999999,0.015606932487999992,0.3614742772219998,0.5856640675039996,0.7065345010159996,0.7760247163059995,0.8200967909559995,0.8502956925739994,0.8722072610499993,0.8888041098799992,0.9017992190119994,0.9122448015739992,0.9208213085279993,0.9279876531779994,0.9340643015359993,0.9392816846239993,0.9438096732279992,0.9477762089099993,0.9512794677239993,0.9543960281479993,0.9571864929539993,0.9596994440019992,0.9619742789119994,0.9640432814159994,0.9659331563299993,0.9676661838259992,0.9692610987259993
0.7799999999999999,0.024581001819999948,0.3707463284580008,0.5908234625460014,0.7092547771920015,0.7776129043680018,0.8211170681120017,0.8510004342120019,0.872721164758002,0.8891946540940019,0.902105742654002,0.912491660380002,0.9210243378980021,0.9281575723740021,0.9342086150540021,0.939405798074002,0.9439175763800021,0.9478709092100019,0.9513632741880023,0.9544707424500022,0.9572535411760021,0.9597599694560022,0.9620292087660023,0.9640933753880022,0.9659790427880022,0.9677083869560021,0.9693000592320022
0.7899999999999999,0.014728786887999945,0.3653767119160003,0.5879629832500004,0.7075647305020007,0.7765173017880007,0.8203554275800007,0.8504426009260007,0.8722960289460007,0.8888604294640008,0.9018363874780009,0.9122701496380008,0.9208390932900008,0.9280004556640009,0.9340737439600009,0.9392888179620009,0.9438151961240009,0.9477805960880008,0.951283047858001,0.9543990324820009,0.9571890864160009,0.9597017456040009,0.9619763753580008,0.9640452363840009,0.9659350168700009,0.9676679848640009,0.9692628662520009
0.7999999999999999,0.024092905033999967,0.37455821502200004,0.5930051177000002,0.7102381573940002,0.7780889501040003,0.8213706445580002,0.8511467808860003,0.8728111691360003,0.8892528942420002,0.9021450338320003,0.9125191208240002,0.9210441332280002,0.9281722483840003,0.9342197852560001,0.9394145171120003,0.9439245519820003,0.9478766271780001,0.9513680745760003,0.9544748673760002,0.9572571656000002,0.9597632214500003,0.9620321831440002,0.9640961430240003,0.9659816571160003,0.9677108885520003,0.9693024790880003
0.8099999999999999,0.014214336900000013,0.3691045820820003,0.5901131473280005,0.7085392547880007,0.7769925054880007,0.8206109399200007,0.8505917524320007,0.8723889848360007,0.8889214948600008,0.9018782836800008,0.912299974126001,0.9208610204760008,0.9280170510500009,0.9340866436080009,0.9392990985040008,0.9438235853740009,0.9477875976460008,0.951289017312001,0.9544042254040008,0.9571936893900008,0.959705896740001,0.9619801781460009,0.964048769224001,0.9659383397340009,0.9676711440220009,0.9692658976780009
0.8199999999999998,0.02393990116400002,0.37817987568200023,0.5950402051140005,0.7111663336820004,0.7785470413880005,0.8216202847220004,0.8512945837520006,0.8729046647440006,0.8893152793060006,0.9021885372820007,0.9125506143840008,0.9210676876020008,0.9281903835440006,0.9342341201760007,0.9394261253080007,0.9439341648960007,0.9478847550660006,0.9513750808060006,0.9544810154460006,0.9572626496840007,0.9597681866960006,0.9620367394520006,0.9641003745700008,0.9659856290420006,0.9677146517400006,0.9693060736320007
0.8299999999999998,0.014039579419999948,0.3726363825520009,0.5921126409580013,0.7094560456480015,0.7774480485760018,0.8208612771040018,0.850741414368002,0.872484684132002,0.8889860982140021,0.901923889424002,0.9123334084520021,0.920886345462002,0.9280367937360019,0.934102436116002,0.939312029186002,0.9438344002200021,0.947796820354002,0.9512970233020022,0.9544112888240022,0.9572000137460022,0.9597116353260022,0.9619854479740022,0.9640536606680021,0.9659429233580021,0.9676754754600022,0.9692700211940022
0.8399999999999999,0.024094987080000074,0.38159104797200133,0.5969265861780022,0.7120371065720025,0.7789848505020027,0.821863936196003,0.8514421249940031,0.8730002269780031,0.8893806221920031,0.9022352547000032,0.9125852929240033,0.9210942732600034,0.9282113475840033,0.9342510693520034,0.9394401382240034,0.9439459858440034,0.9478949101040033,0.9513839496480034,0.9544888773160034,0.9572697133320034,0.9597746105100033,0.9620426452220033,0.9641058570760033,0.9659907628560034,0.9677194961300033,0.9693106761240036
0.8499999999999999,0.01417619101600004,0.37595111169000023,0.5939589573140005,0.7103127523520005,0.7778815427780005,0.8211043651480004,0.8508898650020007,0.8725817065300006,0.8890530605240006,0.9019722160880006,0.9123696146400007,0.9209143505580006,0.9280590631500008,0.9341205802100008,0.9393271341960006,0.9438472194440006,0.9478078889500006,0.9513067295960007,0.9544199199120007,0.9572077854500007,0.9597187123320006,0.9619919576380007,0.9640597026860007,0.9659485766400007,0.9676808031000006,0.9692750741020006
0.8599999999999999,0.024527112914000004,0.3847719022840011,0.5986614972080018,0.712847950712002,0.7793999354880021,0.8220995180620024,0.8515876926760024,0.8730964509400025,0.8894477606160027,0.9022842138040026,0.9126223337800026,0.9211231866040026,0.9282345327980026,0.9342701032240026,0.9394560907060026,0.9439596033100026,0.9479067258840026,0.9513943529660027,0.9544981575800027,0.9572780893340027,0.9597822501420027,0.9620496790500028,0.9641123878800029,0.9659968724420029,0.9677252502640028,0.9693161281760029
0.8699999999999999,0.014591916265999982,0.3790281527539987,0.5956489261199978,0.7111066782199975,0.7782904735639973,0.8213380932619971,0.8510353822019969,0.8726786464319969,0.8891212234559969,0.9020222975619969,0.9124077771699968,0.9209443396099968,0.9280832589679966,0.9341405534659966,0.9393439551799967,0.9438616379519966,0.9478204430619968,0.9513178137059968,0.9544298285459967,0.9572167422439967,0.9597268896359967,0.9619994900679967,0.9640666966739966,0.9659551172619967,0.9676869590499966,0.9692809013579965
0.8799999999999999,0.025201587399999947,0.38770289111999895,0.6002414744159985,0.713595989313998,0.779789722249998,0.8223249067419978,0.8517295692139977,0.8731919418559977,0.8895155489979976,0.9023344613839976,0.9126609337499976,0.9211537429539975,0.9282593494099975,0.9342907090159975,0.9394735332079975,0.9439746202539976,0.9479198493979974,0.9514059750239976,0.9545085723119975,0.9572875211299976,0.9597908727259974,0.9620576287239974,0.9641197728799973,0.9660037796539973,0.9677317501419973,0.9693222783699973
0.8899999999999999,0.01525098597200003,0.381847117128,0.5971786322099999,0.711834752004,0.778672180824,0.8215602990340001,0.85117623162,0.8727741032280001,0.889189441206,0.9020731833440001,0.912447097034,0.920975632834,0.9281087965820001,0.9341618482980001,0.9393620476619999,0.943877263574,0.947834134324,0.9513299642919999,0.9544407349520001,0.957226631468,0.9597359380399999,0.9620078365060001,0.9640744517740001,0.9659623701340001,0.9676937821780001,0.96928735425
0.8999999999999999,0.026080513162000052,0.39036456466200004,0.6016622716780002,0.7142779631100002,0.7801514840200001,0.8225379206360002,0.8518660193120002,0.8732853053020002,0.8895828503500003,0.9023850564660003,0.9127003032400003,0.9211852714560003,0.9282852211400001,0.9343123868320002,0.9394920283300001,0.9439906509980003,0.9479339382440002,0.9514185099580001,0.9545198467820002,0.9572977607120001,0.9598002533660002,0.9620662894660001,0.9641278249080003,0.9660113128360002,0.9677388378300003,0.9693289809700003
0.9099999999999999,0.016114561438000052,0.3843876531560004,0.5985433258180005,0.7124934933500007,0.7790238366940008,0.8217687522600007,0.8513106542020007,0.8728666713360007,0.8892565723300009,0.9021239316760008,0.9124867859080008,0.9210075617800009,0.9281351027180009,0.9341839681000008,0.939380977634001,0.9438937140240009,0.947848623642001,0.9513428786920008,0.9544523674620009,0.9572372080340008,0.959745635426001,0.962016794796001,0.9640827833060008,0.9659701659480009,0.9677011167800009,0.9692942891520009
0.9199999999999999,0.02712324753800005,0.39273735599799936,0.6029187688319989,0.7148901930699987,0.7804823178079987,0.8227363032939985,0.8519952771879984,0.8733751371019984,0.8896485280599984,0.9024350634679985,0.9127396604719984,0.9212171101299984,0.9283115808939983,0.9343346458759985,0.9395111474679982,0.9440073182679982,0.9479486579619982,0.9514316593939982,0.9545317132859983,0.9573085666659982,0.9598101733459983,0.9620754622839982,0.9641363622239982,0.9660193054179982,0.9677463601679983,0.9693360947359981
0.9299999999999998,0.017141201485999957,0.3866292239740002,0.5997373221520004,0.7130789713700005,0.7793424200660004,0.8219611371280005,0.8514368529120007,0.8729549298040007,0.8893214713660007,0.9021736026420006,0.9125260603300007,0.9210394643780007,0.9281616111420006,0.9342064235140006,0.9394003182600006,0.9439106139680007,0.9478635785840006,0.9513562605720007,0.9544644603920007,0.9572482325040006,0.9597557649860007,0.9620261677940007,0.9640915113000006,0.9659783398300006,0.9677088113120007,0.9693015663600006
0.9399999999999998,0.02828688460799994,0.3948013388719999,0.6040048678559999,0.7154285357979999,0.7807791173359999,0.822917704824,0.8521155328739999,0.8734600127459999,0.8897114374379999,0.9024835452599999,0.9127782256679999,0.9212486009239998,0.9283378664999999,0.9343570007419999,0.9395304675679998,0.9440242502959999,0.9479636794679999,0.9514451301299999,0.9545439090639999,0.9573197022759999,0.9598204183999999,0.9620849524019999,0.9641452070739999,0.9660275945959999,0.9677541675599999,0.9693434817879999
0.9499999999999998,0.018287348707999973,0.388550857326,0.600753887342,0.713586755188,0.779624687184,0.822135032424,0.851552978362,0.87303743138,0.889382980158,0.9022212510980001,0.9125641358259999,0.9210706799520001,0.9281877583960001,0.93422872871,0.939419646632,0.9439275921600001,0.947878670828,0.951369817644,0.9544767519920001,0.957259469224,0.95976611354,0.962035761808,0.9641004590719999,0.9659867300280001,0.9677167172000001,0.9693090489880001
0.9599999999999999,0.02952675368400004,0.3965359602540002,0.6049133739500003,0.7158883304040002,0.7810385418080004,0.8230796611440004,0.8522249173620005,0.8735384761540004,0.8897704168640004,0.9025295560140005,0.9128152151400004,0.9212790847220005,0.9283635164520005,0.9343789677280006,0.9395495678900005,0.9440410779900004,0.9479786765280005,0.9514586318780005,0.9545561742740005,0.9573309337020004,0.9598307770640004,0.9620945677440005,0.9641541843000005,0.9660360200600004,0.9677621127880005,0.9693510065180004
0.9699999999999999,0.01950783111600002,0.3901308698080011,0.6015851074600018,0.7140118550500021,0.7798671376840023,0.8222878893800025,0.8516571131640025,0.8731126907760025,0.8894399187320026,0.9022659193320026,0.9126002208680026,0.9211005441640026,0.9282129794920027,0.9342503976840026,0.9394385405260026,0.9439442785960026,0.9478935736360026,0.9513832594120026,0.9544889824200027,0.9572706845000027,0.9597764698800026,0.9620453851000028,0.9641094518560029,0.9659951766560029,0.9677246876800029,0.9693166018960029
0.9799999999999999,0.030796929187999866,0.3979197493759991,0.6056358579419986,0.7162643352879984,0.7812569797839982,0.8232195707119981,0.8523214863019981,0.8736090275899979,0.8898242784459979,0.9025721337219978,0.9128498351599978,0.9213078962359978,0.9283879655659978,0.9344000611059978,0.9395680267799978,0.9440574320779977,0.9479933232419978,0.9514718750319978,0.9545682499799977,0.9573420281539977,0.9598410390179978,0.9621041174459978,0.9641631199799977,0.9660444227359978,0.9677700498659978,0.9693585345299978
0.9899999999999999,0.02075637477999992,0.3913465674399987,0.602221736669998,0.7143486522759976,0.7800659751979973,0.8224170066479973,0.8517472546359972,0.8731791719899971,0.8894910755519971,0.9023066293419969,0.9126335105839969,0.9211283837819968,0.9282367034759968,0.9342709404619969,0.9394565751239969,0.9439603016339968,0.9479079593219968,0.951396294921997,0.9545008917219968,0.9572816447839969,0.9597866231279968,0.9620548463899969,0.9641183154399968,0.9660035204479969,0.9677325766439967,0.9693240906279967
0.9999999999999999,0.03271592065800005,0.39914628854000045,0.6062287861580009,0.7165760416180009,0.7814423829140011,0.8233410222580011,0.8524069668420011,0.8736725145960011,0.8898734228520011,0.9026114347220011,0.9128821078240011,0.9208107096660013,0.9279630838780013,0.9340327552280012,0.9394649239040013,0.9439677740960013,0.9479147119890013,0.9514845683960014,0.9545065433110013,0.9572868699830013,0.9597914835860013,0.9620593924390013,0.9641225885720013,0.9660075551740013,0.9677364018990013,0.9693277308490014
