1.160050000000000026e+00	nan
1.160169999999999924e+00	nan
1.160290000000000044e+00	nan
1.160420000000000007e+00	nan
1.160539999999999905e+00	nan
1.160660000000000025e+00	nan
1.160779999999999923e+00	nan
1.160900000000000043e+00	nan
1.161019999999999941e+00	nan
1.161140000000000061e+00	nan
1.161270000000000024e+00	nan
1.161389999999999922e+00	nan
1.161510000000000042e+00	nan
1.161629999999999940e+00	nan
1.161750000000000060e+00	nan
1.161869999999999958e+00	nan
1.161999999999999922e+00	nan
1.162120000000000042e+00	nan
1.162239999999999940e+00	nan
1.162360000000000060e+00	nan
1.162479999999999958e+00	nan
1.162600000000000078e+00	nan
1.162730000000000041e+00	nan
1.162849999999999939e+00	nan
1.162970000000000059e+00	nan
1.163089999999999957e+00	nan
1.163210000000000077e+00	nan
1.163329999999999975e+00	nan
1.163459999999999939e+00	nan
1.163580000000000059e+00	nan
1.163699999999999957e+00	nan
1.163820000000000077e+00	nan
1.163939999999999975e+00	nan
1.164060000000000095e+00	nan
1.164190000000000058e+00	nan
1.164309999999999956e+00	nan
1.164430000000000076e+00	nan
1.164549999999999974e+00	nan
1.164670000000000094e+00	nan
1.164789999999999992e+00	nan
1.164919999999999956e+00	nan
1.165040000000000076e+00	nan
1.165159999999999973e+00	nan
1.165280000000000094e+00	nan
1.165399999999999991e+00	nan
1.165519999999999889e+00	nan
1.165650000000000075e+00	nan
1.165769999999999973e+00	nan
1.165890000000000093e+00	nan
1.166009999999999991e+00	nan
1.166130000000000111e+00	nan
1.166250000000000009e+00	nan
1.166379999999999972e+00	nan
1.166500000000000092e+00	nan
1.166619999999999990e+00	nan
1.166740000000000110e+00	nan
1.166860000000000008e+00	nan
1.166979999999999906e+00	nan
1.167110000000000092e+00	nan
1.167229999999999990e+00	nan
1.167350000000000110e+00	nan
1.167470000000000008e+00	nan
1.167589999999999906e+00	nan
1.167710000000000026e+00	nan
1.167839999999999989e+00	nan
1.167960000000000109e+00	nan
1.168080000000000007e+00	nan
1.168199999999999905e+00	nan
1.168320000000000025e+00	nan
1.168439999999999923e+00	nan
1.168570000000000109e+00	nan
1.168690000000000007e+00	nan
1.168809999999999905e+00	nan
1.168930000000000025e+00	nan
1.169049999999999923e+00	nan
1.169170000000000043e+00	nan
1.169289999999999941e+00	nan
1.169419999999999904e+00	nan
1.169540000000000024e+00	nan
1.169659999999999922e+00	nan
1.169780000000000042e+00	nan
1.169899999999999940e+00	nan
1.170020000000000060e+00	nan
1.170150000000000023e+00	nan
1.170269999999999921e+00	nan
1.170390000000000041e+00	nan
1.170509999999999939e+00	nan
1.170630000000000059e+00	nan
1.170749999999999957e+00	nan
1.170879999999999921e+00	nan
1.171000000000000041e+00	nan
1.171119999999999939e+00	nan
1.171240000000000059e+00	nan
1.171359999999999957e+00	nan
1.171480000000000077e+00	nan
1.171610000000000040e+00	nan
1.171729999999999938e+00	nan
1.171850000000000058e+00	7.526739999999999819e-02
1.171969999999999956e+00	7.535169999999999368e-02
1.172090000000000076e+00	7.576589999999999714e-02
1.172209999999999974e+00	7.664289999999999992e-02
1.172339999999999938e+00	7.751959999999999407e-02
1.172460000000000058e+00	7.814260000000000650e-02
1.172579999999999956e+00	7.876539999999999930e-02
1.172700000000000076e+00	7.926869999999999750e-02
1.172819999999999974e+00	7.977140000000000619e-02
1.172940000000000094e+00	7.978029999999999844e-02
1.173070000000000057e+00	7.978929999999999356e-02
1.173189999999999955e+00	7.990809999999999580e-02
1.173310000000000075e+00	8.002710000000000379e-02
1.173429999999999973e+00	8.033129999999999438e-02
1.173550000000000093e+00	8.063620000000000509e-02
1.173669999999999991e+00	8.143519999999999925e-02
1.173799999999999955e+00	8.256380000000000663e-02
1.173920000000000075e+00	8.394649999999999335e-02
1.174039999999999973e+00	8.565889999999999616e-02
1.174160000000000093e+00	8.769230000000000080e-02
1.174279999999999990e+00	9.005470000000000141e-02
1.174400000000000110e+00	9.233489999999999753e-02
1.174530000000000074e+00	9.461450000000000415e-02
1.174649999999999972e+00	9.651980000000000282e-02
1.174770000000000092e+00	9.842480000000000673e-02
1.174889999999999990e+00	1.001449999999999979e-01
1.175010000000000110e+00	1.018639999999999962e-01
1.175130000000000008e+00	1.034830000000000055e-01
1.175259999999999971e+00	1.047710000000000030e-01
1.175380000000000091e+00	1.059500000000000025e-01
1.175499999999999989e+00	1.071300000000000030e-01
1.175620000000000109e+00	1.083579999999999960e-01
1.175740000000000007e+00	1.092560000000000059e-01
1.175859999999999905e+00	1.095720000000000027e-01
1.175990000000000091e+00	1.095570000000000016e-01
1.176109999999999989e+00	1.093849999999999961e-01
1.176230000000000109e+00	1.088829999999999937e-01
1.176350000000000007e+00	1.078660000000000035e-01
1.176469999999999905e+00	1.068500000000000005e-01
1.176590000000000025e+00	1.062369999999999981e-01
1.176709999999999923e+00	1.061740000000000045e-01
1.176840000000000108e+00	1.066249999999999976e-01
1.176960000000000006e+00	1.070760000000000045e-01
1.177079999999999904e+00	1.073830000000000062e-01
1.177200000000000024e+00	1.076889999999999931e-01
1.177319999999999922e+00	1.073699999999999932e-01
1.177440000000000042e+00	1.065019999999999994e-01
1.177570000000000006e+00	1.054240000000000038e-01
1.177689999999999904e+00	1.043449999999999933e-01
1.177810000000000024e+00	1.032529999999999976e-01
1.177929999999999922e+00	1.018310000000000048e-01
1.178050000000000042e+00	1.004229999999999984e-01
1.178169999999999940e+00	9.901519999999999766e-02
1.178299999999999903e+00	9.821209999999999662e-02
1.178420000000000023e+00	9.795779999999999765e-02
1.178539999999999921e+00	9.786319999999999741e-02
1.178660000000000041e+00	9.776880000000000293e-02
1.178779999999999939e+00	9.788750000000000229e-02
1.178900000000000059e+00	9.833530000000000049e-02
1.179030000000000022e+00	9.873809999999999532e-02
1.179149999999999920e+00	9.881099999999999606e-02
1.179270000000000040e+00	9.837640000000000273e-02
1.179389999999999938e+00	9.794170000000000653e-02
1.179510000000000058e+00	9.737500000000000322e-02
1.179629999999999956e+00	9.680829999999999991e-02
1.179759999999999920e+00	9.626210000000000322e-02
1.179880000000000040e+00	9.571630000000000416e-02
1.179999999999999938e+00	9.542130000000000056e-02
1.180120000000000058e+00	9.545599999999999918e-02
1.180239999999999956e+00	9.595090000000000563e-02
1.180360000000000076e+00	9.699499999999999789e-02
1.180490000000000039e+00	9.843540000000000623e-02
1.180609999999999937e+00	1.002050000000000024e-01
1.180730000000000057e+00	1.022079999999999933e-01
1.180849999999999955e+00	1.042109999999999981e-01
1.180970000000000075e+00	1.063660000000000022e-01
1.181089999999999973e+00	1.085200000000000053e-01
1.181219999999999937e+00	1.108389999999999931e-01
1.181340000000000057e+00	1.131569999999999937e-01
1.181459999999999955e+00	1.152239999999999931e-01
1.181580000000000075e+00	1.172910000000000064e-01
1.181699999999999973e+00	1.197420000000000012e-01
1.181820000000000093e+00	1.225230000000000069e-01
1.181950000000000056e+00	1.250070000000000070e-01
1.182069999999999954e+00	1.269430000000000003e-01
1.182190000000000074e+00	1.284460000000000046e-01
1.182309999999999972e+00	1.299490000000000089e-01
1.182430000000000092e+00	1.307820000000000094e-01
1.182549999999999990e+00	1.308449999999999891e-01
1.182679999999999954e+00	1.302989999999999982e-01
1.182800000000000074e+00	1.297520000000000062e-01
1.182919999999999972e+00	1.290469999999999950e-01
1.183040000000000092e+00	1.283430000000000126e-01
1.183159999999999989e+00	1.277349999999999874e-01
1.183280000000000109e+00	1.276770000000000127e-01
1.183410000000000073e+00	1.281710000000000071e-01
1.183529999999999971e+00	1.289949999999999986e-01
1.183650000000000091e+00	1.298320000000000030e-01
1.183769999999999989e+00	1.306690000000000074e-01
1.183890000000000109e+00	1.317260000000000097e-01
1.184010000000000007e+00	1.327830000000000121e-01
1.184129999999999905e+00	1.336960000000000093e-01
1.184260000000000090e+00	1.346080000000000054e-01
1.184379999999999988e+00	1.355649999999999911e-01
1.184500000000000108e+00	1.368510000000000004e-01
1.184620000000000006e+00	1.385899999999999910e-01
1.184739999999999904e+00	1.406580000000000052e-01
1.184860000000000024e+00	1.426060000000000105e-01
1.184989999999999988e+00	1.445539999999999881e-01
1.185110000000000108e+00	1.463579999999999881e-01
1.185230000000000006e+00	1.481629999999999892e-01
1.185349999999999904e+00	1.501810000000000089e-01
1.185470000000000024e+00	1.522000000000000020e-01
1.185589999999999922e+00	1.542179999999999940e-01
1.185720000000000107e+00	1.562369999999999870e-01
1.185840000000000005e+00	1.581079999999999985e-01
1.185959999999999903e+00	1.599780000000000091e-01
1.186080000000000023e+00	1.617669999999999941e-01
1.186199999999999921e+00	1.635560000000000069e-01
1.186320000000000041e+00	1.653679999999999872e-01
1.186450000000000005e+00	1.671799999999999953e-01
1.186569999999999903e+00	1.688890000000000113e-01
1.186690000000000023e+00	1.705990000000000006e-01
1.186809999999999921e+00	1.721860000000000057e-01
1.186930000000000041e+00	1.734430000000000138e-01
1.187049999999999939e+00	1.746189999999999964e-01
1.187179999999999902e+00	1.761250000000000038e-01
1.187300000000000022e+00	1.780470000000000108e-01
1.187419999999999920e+00	1.799699999999999911e-01
1.187540000000000040e+00	1.822290000000000021e-01
1.187659999999999938e+00	1.850380000000000080e-01
1.187780000000000058e+00	1.882669999999999899e-01
1.187910000000000021e+00	1.918259999999999965e-01
1.188029999999999919e+00	1.959269999999999901e-01
1.188150000000000039e+00	2.000270000000000103e-01
1.188269999999999937e+00	2.039920000000000067e-01
1.188390000000000057e+00	2.076270000000000060e-01
1.188509999999999955e+00	2.112630000000000063e-01
1.188639999999999919e+00	2.152280000000000026e-01
1.188760000000000039e+00	2.196770000000000111e-01
1.188879999999999937e+00	2.241259999999999919e-01
1.189000000000000057e+00	2.287820000000000131e-01
1.189119999999999955e+00	2.339870000000000005e-01
1.189240000000000075e+00	2.396770000000000012e-01
1.189370000000000038e+00	2.453660000000000008e-01
1.189489999999999936e+00	2.505129999999999857e-01
1.189610000000000056e+00	2.548900000000000055e-01
1.189729999999999954e+00	2.581289999999999973e-01
1.189850000000000074e+00	2.601600000000000024e-01
1.189969999999999972e+00	2.614290000000000225e-01
1.190099999999999936e+00	2.626979999999999871e-01
1.190220000000000056e+00	2.637229999999999852e-01
1.190339999999999954e+00	2.644190000000000151e-01
1.190460000000000074e+00	2.651640000000000108e-01
1.190579999999999972e+00	2.662379999999999747e-01
1.190700000000000092e+00	2.674869999999999748e-01
1.190830000000000055e+00	2.681879999999999820e-01
1.190949999999999953e+00	2.682010000000000227e-01
1.191070000000000073e+00	2.678860000000000130e-01
1.191189999999999971e+00	2.671629999999999838e-01
1.191310000000000091e+00	2.656700000000000172e-01
1.191429999999999989e+00	2.635129999999999972e-01
1.191550000000000109e+00	2.610259999999999803e-01
1.191680000000000073e+00	2.586280000000000245e-01
1.191799999999999971e+00	2.562309999999999865e-01
1.191920000000000091e+00	2.541160000000000085e-01
1.192039999999999988e+00	2.527699999999999947e-01
1.192160000000000108e+00	2.521649999999999725e-01
1.192280000000000006e+00	2.518889999999999740e-01
1.192409999999999970e+00	2.514549999999999841e-01
1.192530000000000090e+00	2.513509999999999911e-01
1.192649999999999988e+00	2.516519999999999868e-01
1.192770000000000108e+00	2.519529999999999825e-01
1.192890000000000006e+00	2.518650000000000055e-01
1.193009999999999904e+00	2.514489999999999781e-01
1.193140000000000089e+00	2.512960000000000194e-01
1.193259999999999987e+00	2.513090000000000046e-01
1.193380000000000107e+00	2.513940000000000063e-01
1.193500000000000005e+00	2.514779999999999793e-01
1.193619999999999903e+00	2.517800000000000038e-01
1.193740000000000023e+00	2.524109999999999965e-01
1.193869999999999987e+00	2.535020000000000051e-01
1.193990000000000107e+00	2.551430000000000087e-01
1.194110000000000005e+00	2.574130000000000029e-01
1.194229999999999903e+00	2.600120000000000209e-01
1.194350000000000023e+00	2.627619999999999956e-01
1.194469999999999921e+00	2.651819999999999733e-01
1.194600000000000106e+00	2.671410000000000173e-01
1.194720000000000004e+00	2.683320000000000149e-01
1.194839999999999902e+00	2.687599999999999989e-01
1.194960000000000022e+00	2.686399999999999899e-01
1.195079999999999920e+00	2.684059999999999779e-01
1.195200000000000040e+00	2.681729999999999947e-01
1.195330000000000004e+00	2.682089999999999752e-01
1.195449999999999902e+00	2.690130000000000021e-01
1.195570000000000022e+00	2.706760000000000277e-01
1.195689999999999920e+00	2.726669999999999927e-01
1.195810000000000040e+00	2.743820000000000148e-01
1.195929999999999938e+00	2.753289999999999904e-01
1.196059999999999901e+00	2.752450000000000174e-01
1.196180000000000021e+00	2.739519999999999733e-01
1.196299999999999919e+00	2.712579999999999991e-01
1.196420000000000039e+00	2.673570000000000113e-01
1.196539999999999937e+00	2.628519999999999746e-01
1.196660000000000057e+00	2.580180000000000251e-01
1.196790000000000020e+00	2.535830000000000028e-01
1.196909999999999918e+00	2.501369999999999982e-01
1.197030000000000038e+00	2.475990000000000135e-01
1.197149999999999936e+00	2.453889999999999960e-01
1.197270000000000056e+00	2.429449999999999943e-01
1.197389999999999954e+00	2.401719999999999966e-01
1.197519999999999918e+00	2.370559999999999889e-01
1.197640000000000038e+00	2.336100000000000121e-01
1.197759999999999936e+00	2.296040000000000025e-01
1.197880000000000056e+00	2.250489999999999990e-01
1.197999999999999954e+00	2.203630000000000033e-01
1.198120000000000074e+00	2.158410000000000051e-01
1.198250000000000037e+00	2.117570000000000008e-01
1.198369999999999935e+00	2.084409999999999874e-01
1.198490000000000055e+00	2.063379999999999936e-01
1.198609999999999953e+00	2.052229999999999888e-01
1.198730000000000073e+00	2.049179999999999890e-01
1.198849999999999971e+00	2.049429999999999863e-01
1.198970000000000091e+00	2.053190000000000015e-01
1.199100000000000055e+00	2.060250000000000137e-01
1.199219999999999953e+00	2.067299999999999971e-01
1.199340000000000073e+00	2.074360000000000093e-01
1.199459999999999971e+00	2.081280000000000074e-01
1.199580000000000091e+00	2.088200000000000056e-01
1.199699999999999989e+00	2.097110000000000085e-01
1.199829999999999952e+00	2.109320000000000084e-01
1.199950000000000072e+00	2.124709999999999932e-01
1.200069999999999970e+00	2.140100000000000058e-01
1.200190000000000090e+00	2.157350000000000101e-01
1.200309999999999988e+00	2.174590000000000134e-01
1.200430000000000108e+00	2.194139999999999979e-01
1.200560000000000072e+00	2.213680000000000092e-01
1.200679999999999970e+00	2.232159999999999977e-01
1.200800000000000090e+00	2.248979999999999868e-01
1.200919999999999987e+00	2.261499999999999899e-01
1.201040000000000108e+00	2.268519999999999981e-01
1.201160000000000005e+00	2.268640000000000101e-01
1.201289999999999969e+00	2.265469999999999984e-01
1.201410000000000089e+00	2.260240000000000027e-01
1.201529999999999987e+00	2.251710000000000100e-01
1.201650000000000107e+00	2.240719999999999934e-01
1.201770000000000005e+00	2.233030000000000015e-01
1.201889999999999903e+00	2.231579999999999953e-01
1.202020000000000088e+00	2.237830000000000097e-01
1.202139999999999986e+00	2.247780000000000056e-01
1.202260000000000106e+00	2.261029999999999984e-01
1.202380000000000004e+00	2.277299999999999880e-01
1.202499999999999902e+00	2.299059999999999993e-01
1.202620000000000022e+00	2.324539999999999940e-01
1.202749999999999986e+00	2.353300000000000114e-01
1.202870000000000106e+00	2.384580000000000033e-01
1.202990000000000004e+00	2.419149999999999912e-01
1.203109999999999902e+00	2.457799999999999985e-01
1.203230000000000022e+00	2.498090000000000033e-01
1.203349999999999920e+00	2.533759999999999901e-01
1.203480000000000105e+00	2.561749999999999861e-01
1.203600000000000003e+00	2.584730000000000083e-01
1.203719999999999901e+00	2.607700000000000018e-01
1.203840000000000021e+00	2.630930000000000213e-01
1.203959999999999919e+00	2.652510000000000145e-01
1.204080000000000039e+00	2.673989999999999978e-01
1.204210000000000003e+00	2.698769999999999780e-01
1.204329999999999901e+00	2.728229999999999822e-01
1.204450000000000021e+00	2.757680000000000131e-01
1.204569999999999919e+00	2.779920000000000169e-01
1.204690000000000039e+00	2.794479999999999742e-01
1.204809999999999937e+00	2.806150000000000033e-01
1.204939999999999900e+00	2.814519999999999800e-01
1.205060000000000020e+00	2.820079999999999809e-01
1.205179999999999918e+00	2.822350000000000136e-01
1.205300000000000038e+00	2.823860000000000259e-01
1.205419999999999936e+00	2.825380000000000114e-01
1.205540000000000056e+00	2.829639999999999933e-01
1.205670000000000019e+00	2.839400000000000257e-01
1.205789999999999917e+00	2.852040000000000131e-01
1.205910000000000037e+00	2.864680000000000004e-01
1.206029999999999935e+00	2.874030000000000196e-01
1.206150000000000055e+00	2.883379999999999832e-01
1.206269999999999953e+00	2.895340000000000136e-01
1.206390000000000073e+00	2.910590000000000122e-01
1.206520000000000037e+00	2.927839999999999887e-01
1.206639999999999935e+00	2.945079999999999920e-01
1.206760000000000055e+00	2.963819999999999788e-01
1.206879999999999953e+00	2.982549999999999923e-01
1.207000000000000073e+00	2.999569999999999736e-01
1.207119999999999971e+00	3.014939999999999842e-01
1.207249999999999934e+00	3.030459999999999821e-01
1.207370000000000054e+00	3.047619999999999774e-01
1.207489999999999952e+00	3.069109999999999894e-01
1.207610000000000072e+00	3.096099999999999963e-01
1.207729999999999970e+00	3.128929999999999767e-01
1.207850000000000090e+00	3.165049999999999808e-01
1.207980000000000054e+00	3.199520000000000142e-01
1.208099999999999952e+00	3.226299999999999724e-01
1.208220000000000072e+00	3.244690000000000074e-01
1.208339999999999970e+00	3.253199999999999981e-01
1.208460000000000090e+00	3.253820000000000046e-01
1.208579999999999988e+00	3.251149999999999873e-01
1.208709999999999951e+00	3.247860000000000191e-01
1.208830000000000071e+00	3.244569999999999954e-01
1.208949999999999969e+00	3.243550000000000044e-01
1.209070000000000089e+00	3.245830000000000104e-01
1.209189999999999987e+00	3.255730000000000013e-01
1.209310000000000107e+00	3.273320000000000118e-01
1.209440000000000071e+00	3.291999999999999926e-01
1.209559999999999969e+00	3.305170000000000052e-01
1.209680000000000089e+00	3.306370000000000142e-01
1.209799999999999986e+00	3.297680000000000056e-01
1.209920000000000107e+00	3.278280000000000083e-01
1.210040000000000004e+00	3.246789999999999954e-01
1.210169999999999968e+00	3.205080000000000151e-01
1.210290000000000088e+00	3.160089999999999844e-01
1.210409999999999986e+00	3.119219999999999771e-01
1.210530000000000106e+00	3.088239999999999874e-01
1.210650000000000004e+00	3.067400000000000126e-01
1.210769999999999902e+00	3.052050000000000041e-01
1.210900000000000087e+00	3.039029999999999787e-01
1.211019999999999985e+00	3.022699999999999831e-01
1.211140000000000105e+00	2.997779999999999889e-01
1.211260000000000003e+00	2.958580000000000099e-01
1.211379999999999901e+00	2.906000000000000250e-01
1.211500000000000021e+00	2.841330000000000244e-01
1.211629999999999985e+00	2.769860000000000100e-01
1.211750000000000105e+00	2.698409999999999975e-01
1.211870000000000003e+00	2.634719999999999840e-01
1.211989999999999901e+00	2.583119999999999861e-01
1.212110000000000021e+00	2.542800000000000060e-01
1.212229999999999919e+00	2.510180000000000189e-01
1.212360000000000104e+00	2.481329999999999925e-01
1.212480000000000002e+00	2.457969999999999877e-01
1.212599999999999900e+00	2.436220000000000052e-01
1.212720000000000020e+00	2.414469999999999950e-01
1.212839999999999918e+00	2.391419999999999935e-01
1.212960000000000038e+00	2.371669999999999889e-01
1.213090000000000002e+00	2.356010000000000049e-01
1.213209999999999900e+00	2.343629999999999880e-01
1.213330000000000020e+00	2.333050000000000124e-01
1.213449999999999918e+00	2.325760000000000050e-01
1.213570000000000038e+00	2.324489999999999890e-01
1.213689999999999936e+00	2.328699999999999937e-01
1.213810000000000056e+00	2.333669999999999911e-01
1.213940000000000019e+00	2.338629999999999876e-01
1.214059999999999917e+00	2.340019999999999878e-01
1.214180000000000037e+00	2.338109999999999911e-01
1.214299999999999935e+00	2.329400000000000082e-01
1.214420000000000055e+00	2.310800000000000076e-01
1.214539999999999953e+00	2.283860000000000057e-01
1.214669999999999916e+00	2.249230000000000118e-01
1.214790000000000036e+00	2.210209999999999952e-01
1.214909999999999934e+00	2.165700000000000125e-01
1.215030000000000054e+00	2.118790000000000118e-01
1.215149999999999952e+00	2.077380000000000060e-01
1.215270000000000072e+00	2.043939999999999924e-01
1.215400000000000036e+00	2.018179999999999974e-01
1.215519999999999934e+00	1.993109999999999882e-01
1.215640000000000054e+00	1.964750000000000107e-01
1.215759999999999952e+00	1.932129999999999959e-01
1.215880000000000072e+00	1.894019999999999870e-01
1.215999999999999970e+00	1.848690000000000055e-01
1.216129999999999933e+00	1.797880000000000034e-01
1.216250000000000053e+00	1.745700000000000029e-01
1.216369999999999951e+00	1.699029999999999985e-01
1.216490000000000071e+00	1.661400000000000099e-01
1.216609999999999969e+00	1.633650000000000102e-01
1.216730000000000089e+00	1.614490000000000092e-01
1.216860000000000053e+00	1.603020000000000000e-01
1.216979999999999951e+00	1.593110000000000082e-01
1.217100000000000071e+00	1.583209999999999895e-01
1.217219999999999969e+00	1.571249999999999869e-01
1.217340000000000089e+00	1.559300000000000130e-01
1.217459999999999987e+00	1.551379999999999981e-01
1.217589999999999950e+00	1.546750000000000069e-01
1.217710000000000070e+00	1.545559999999999989e-01
1.217829999999999968e+00	1.547659999999999869e-01
1.217950000000000088e+00	1.550910000000000066e-01
1.218069999999999986e+00	1.554159999999999986e-01
1.218190000000000106e+00	1.554449999999999998e-01
1.218320000000000070e+00	1.549240000000000061e-01
1.218439999999999968e+00	1.539719999999999978e-01
1.218560000000000088e+00	1.526899999999999924e-01
1.218679999999999986e+00	1.514560000000000073e-01
1.218800000000000106e+00	1.502219999999999944e-01
1.218920000000000003e+00	1.490239999999999898e-01
1.219049999999999967e+00	1.474959999999999882e-01
1.219170000000000087e+00	1.458250000000000102e-01
1.219289999999999985e+00	1.444840000000000013e-01
1.219410000000000105e+00	1.438129999999999964e-01
1.219530000000000003e+00	1.434699999999999864e-01
1.219649999999999901e+00	1.433820000000000094e-01
1.219780000000000086e+00	1.436240000000000017e-01
1.219899999999999984e+00	1.442360000000000031e-01
1.220020000000000104e+00	1.448480000000000045e-01
1.220140000000000002e+00	1.454799999999999982e-01
1.220259999999999900e+00	1.457819999999999949e-01
1.220380000000000020e+00	1.458530000000000104e-01
1.220509999999999984e+00	1.455940000000000012e-01
1.220630000000000104e+00	1.451500000000000012e-01
1.220750000000000002e+00	1.447070000000000023e-01
1.220869999999999900e+00	1.443389999999999951e-01
1.220990000000000020e+00	1.445210000000000106e-01
1.221109999999999918e+00	1.452380000000000060e-01
1.221230000000000038e+00	1.465049999999999963e-01
1.221360000000000001e+00	1.481560000000000099e-01
1.221479999999999899e+00	1.498079999999999967e-01
1.221600000000000019e+00	1.516800000000000093e-01
1.221719999999999917e+00	1.540999999999999870e-01
1.221840000000000037e+00	1.567890000000000117e-01
1.221959999999999935e+00	1.594760000000000066e-01
1.222089999999999899e+00	1.616910000000000014e-01
1.222210000000000019e+00	1.635749999999999982e-01
1.222329999999999917e+00	1.654970000000000052e-01
1.222450000000000037e+00	1.677480000000000082e-01
1.222569999999999935e+00	1.702869999999999939e-01
1.222690000000000055e+00	1.728260000000000074e-01
1.222820000000000018e+00	1.752340000000000009e-01
1.222939999999999916e+00	1.776419999999999944e-01
1.223060000000000036e+00	1.799129999999999896e-01
1.223179999999999934e+00	1.818539999999999879e-01
1.223300000000000054e+00	1.832969999999999877e-01
1.223419999999999952e+00	1.839709999999999956e-01
1.223549999999999915e+00	1.840680000000000094e-01
1.223670000000000035e+00	1.833960000000000035e-01
1.223789999999999933e+00	1.818349999999999966e-01
1.223910000000000053e+00	1.795049999999999979e-01
1.224029999999999951e+00	1.767569999999999975e-01
1.224150000000000071e+00	1.740099999999999980e-01
1.224280000000000035e+00	1.719019999999999992e-01
1.224399999999999933e+00	1.701239999999999974e-01
1.224520000000000053e+00	1.683109999999999884e-01
1.224639999999999951e+00	1.661680000000000101e-01
1.224760000000000071e+00	1.635820000000000052e-01
1.224879999999999969e+00	1.604470000000000063e-01
1.225009999999999932e+00	1.567149999999999932e-01
1.225130000000000052e+00	1.529830000000000079e-01
1.225249999999999950e+00	1.493649999999999978e-01
1.225370000000000070e+00	1.465160000000000073e-01
1.225489999999999968e+00	1.444280000000000008e-01
1.225610000000000088e+00	1.428899999999999892e-01
1.225740000000000052e+00	1.417289999999999939e-01
1.225859999999999950e+00	1.408979999999999955e-01
1.225980000000000070e+00	1.403899999999999870e-01
1.226099999999999968e+00	1.398810000000000053e-01
1.226220000000000088e+00	1.390419999999999989e-01
1.226339999999999986e+00	1.378739999999999966e-01
1.226469999999999949e+00	1.365270000000000095e-01
1.226590000000000069e+00	1.351809999999999956e-01
1.226709999999999967e+00	1.341030000000000000e-01
1.226830000000000087e+00	1.333540000000000003e-01
1.226949999999999985e+00	1.327419999999999989e-01
1.227070000000000105e+00	1.321309999999999985e-01
1.227200000000000069e+00	1.319780000000000120e-01
1.227319999999999967e+00	1.325949999999999906e-01
1.227440000000000087e+00	1.338209999999999955e-01
1.227559999999999985e+00	1.350470000000000004e-01
1.227680000000000105e+00	1.362240000000000117e-01
1.227800000000000002e+00	1.374009999999999954e-01
1.227929999999999966e+00	1.386249999999999982e-01
1.228050000000000086e+00	1.398490000000000011e-01
1.228169999999999984e+00	1.405359999999999943e-01
1.228290000000000104e+00	1.406739999999999935e-01
1.228410000000000002e+00	1.408119999999999927e-01
1.228529999999999900e+00	1.409499999999999920e-01
1.228650000000000020e+00	1.409239999999999937e-01
1.228779999999999983e+00	1.403490000000000015e-01
1.228900000000000103e+00	1.395059999999999911e-01
1.229020000000000001e+00	1.383330000000000115e-01
1.229139999999999899e+00	1.365089999999999915e-01
1.229260000000000019e+00	1.339150000000000063e-01
1.229379999999999917e+00	1.306489999999999874e-01
1.229510000000000103e+00	1.268340000000000023e-01
1.229630000000000001e+00	1.224999999999999978e-01
1.229749999999999899e+00	1.178369999999999973e-01
1.229870000000000019e+00	1.131609999999999977e-01
1.229989999999999917e+00	1.088149999999999951e-01
1.230110000000000037e+00	1.050070000000000031e-01
1.230240000000000000e+00	1.015289999999999943e-01
1.230359999999999898e+00	9.835979999999999723e-02
1.230480000000000018e+00	9.519030000000000546e-02
1.230599999999999916e+00	9.186260000000000259e-02
1.230720000000000036e+00	8.820569999999999800e-02
1.230839999999999934e+00	8.454929999999999390e-02
1.230969999999999898e+00	8.122210000000000540e-02
1.231090000000000018e+00	7.798120000000000052e-02
1.231209999999999916e+00	7.474069999999999325e-02
1.231330000000000036e+00	7.182360000000000133e-02
1.231449999999999934e+00	6.967529999999999557e-02
1.231570000000000054e+00	6.806239999999999513e-02
1.231700000000000017e+00	6.677890000000000215e-02
1.231819999999999915e+00	6.574230000000000351e-02
1.231940000000000035e+00	6.470589999999999675e-02
1.232059999999999933e+00	6.384789999999999910e-02
1.232180000000000053e+00	6.298979999999999857e-02
1.232299999999999951e+00	6.213180000000000092e-02
1.232429999999999914e+00	6.127380000000000326e-02
1.232550000000000034e+00	6.045350000000000029e-02
1.232669999999999932e+00	5.963340000000000307e-02
1.232790000000000052e+00	5.897800000000000264e-02
1.232909999999999950e+00	5.832240000000000341e-02
1.233030000000000070e+00	5.756580000000000030e-02
1.233160000000000034e+00	5.680919999999999720e-02
1.233279999999999932e+00	5.603249999999999897e-02
1.233400000000000052e+00	5.558509999999999840e-02
1.233519999999999950e+00	5.521999999999999825e-02
1.233640000000000070e+00	5.485509999999999692e-02
1.233759999999999968e+00	5.468959999999999794e-02
1.233889999999999931e+00	5.485330000000000067e-02
1.234010000000000051e+00	5.511780000000000151e-02
1.234129999999999949e+00	5.505279999999999896e-02
1.234250000000000069e+00	5.473440000000000250e-02
1.234369999999999967e+00	5.474590000000000012e-02
1.234490000000000087e+00	5.521510000000000307e-02
1.234620000000000051e+00	5.568410000000000026e-02
1.234739999999999949e+00	5.600909999999999916e-02
1.234860000000000069e+00	5.633409999999999807e-02
1.234979999999999967e+00	5.664940000000000253e-02
1.235100000000000087e+00	5.696439999999999837e-02
1.235219999999999985e+00	5.717669999999999697e-02
1.235349999999999948e+00	5.738870000000000082e-02
1.235470000000000068e+00	5.743739999999999957e-02
1.235589999999999966e+00	5.715680000000000066e-02
1.235710000000000086e+00	5.678699999999999720e-02
1.235829999999999984e+00	5.641779999999999712e-02
1.235950000000000104e+00	5.644810000000000105e-02
1.236070000000000002e+00	5.647769999999999874e-02
1.236199999999999966e+00	5.603419999999999929e-02
1.236320000000000086e+00	5.559069999999999984e-02
1.236439999999999984e+00	5.520590000000000219e-02
1.236560000000000104e+00	5.515069999999999695e-02
1.236680000000000001e+00	5.538359999999999811e-02
1.236799999999999899e+00	5.561610000000000165e-02
1.236930000000000085e+00	5.564979999999999927e-02
1.237049999999999983e+00	5.535430000000000211e-02
1.237170000000000103e+00	5.505929999999999852e-02
1.237290000000000001e+00	5.509379999999999833e-02
1.237409999999999899e+00	5.544040000000000079e-02
1.237530000000000019e+00	5.578639999999999988e-02
1.237659999999999982e+00	5.576910000000000200e-02
1.237780000000000102e+00	5.575170000000000126e-02
1.237900000000000000e+00	5.573729999999999657e-02
1.238019999999999898e+00	5.572320000000000051e-02
1.238140000000000018e+00	5.587360000000000243e-02
1.238259999999999916e+00	5.602440000000000198e-02
1.238390000000000102e+00	5.643229999999999774e-02
1.238510000000000000e+00	5.684039999999999926e-02
1.238629999999999898e+00	5.733800000000000008e-02
1.238750000000000018e+00	5.816480000000000261e-02
1.238869999999999916e+00	5.892420000000000296e-02
1.238990000000000036e+00	5.968369999999999925e-02
1.239119999999999999e+00	6.046370000000000217e-02
1.239239999999999897e+00	6.124399999999999983e-02
1.239360000000000017e+00	6.215099999999999791e-02
1.239479999999999915e+00	6.305779999999999719e-02
1.239600000000000035e+00	6.369020000000000237e-02
1.239719999999999933e+00	6.432259999999999367e-02
1.239849999999999897e+00	6.500010000000000510e-02
1.239970000000000017e+00	6.567699999999999927e-02
1.240089999999999915e+00	6.597000000000000086e-02
1.240210000000000035e+00	6.626269999999999383e-02
1.240329999999999933e+00	6.640110000000000456e-02
1.240450000000000053e+00	6.653910000000000380e-02
1.240580000000000016e+00	6.640290000000000081e-02
1.240699999999999914e+00	6.626680000000000070e-02
1.240820000000000034e+00	6.628720000000000445e-02
1.240939999999999932e+00	6.630759999999999432e-02
1.241060000000000052e+00	6.632799999999999807e-02
1.241179999999999950e+00	6.634909999999999419e-02
1.241309999999999913e+00	6.690340000000000176e-02
1.241430000000000033e+00	6.745800000000000407e-02
1.241549999999999931e+00	6.828700000000000048e-02
1.241670000000000051e+00	6.911639999999999451e-02
1.241789999999999949e+00	7.022689999999999488e-02
1.241910000000000069e+00	7.133749999999999813e-02
1.242040000000000033e+00	7.249609999999999388e-02
1.242159999999999931e+00	7.365410000000000013e-02
1.242280000000000051e+00	7.438440000000000329e-02
1.242399999999999949e+00	7.456599999999999340e-02
1.242520000000000069e+00	7.459709999999999952e-02
1.242639999999999967e+00	7.495830000000000548e-02
1.242769999999999930e+00	7.594639999999999724e-02
1.242890000000000050e+00	7.693410000000000526e-02
1.243009999999999948e+00	7.766820000000000668e-02
1.243130000000000068e+00	7.840249999999999997e-02
1.243249999999999966e+00	7.939060000000000561e-02
1.243370000000000086e+00	8.037869999999999737e-02
1.243500000000000050e+00	8.134660000000000502e-02
1.243619999999999948e+00	8.264470000000000149e-02
1.243740000000000068e+00	8.465599999999999514e-02
1.243859999999999966e+00	8.666730000000000267e-02
1.243980000000000086e+00	8.867899999999999394e-02
1.244099999999999984e+00	9.102069999999999605e-02
1.244220000000000104e+00	9.399340000000000472e-02
1.244350000000000067e+00	9.696530000000000427e-02
1.244469999999999965e+00	9.935969999999999525e-02
1.244590000000000085e+00	1.007659999999999945e-01
1.244709999999999983e+00	1.017850000000000005e-01
1.244830000000000103e+00	1.028049999999999936e-01
1.244950000000000001e+00	1.041259999999999963e-01
1.245079999999999965e+00	1.054459999999999981e-01
1.245200000000000085e+00	1.063069999999999987e-01
1.245319999999999983e+00	1.068380000000000024e-01
1.245440000000000103e+00	1.072049999999999947e-01
1.245560000000000000e+00	1.079019999999999979e-01
1.245679999999999898e+00	1.090850000000000014e-01
1.245810000000000084e+00	1.102670000000000039e-01
1.245929999999999982e+00	1.112159999999999954e-01
1.246050000000000102e+00	1.121650000000000008e-01
1.246170000000000000e+00	1.133239999999999942e-01
1.246289999999999898e+00	1.148119999999999974e-01
1.246410000000000018e+00	1.163200000000000067e-01
1.246539999999999981e+00	1.172789999999999944e-01
1.246660000000000101e+00	1.178199999999999942e-01
1.246779999999999999e+00	1.180329999999999990e-01
1.246899999999999897e+00	1.182929999999999954e-01
1.247020000000000017e+00	1.188830000000000026e-01
1.247139999999999915e+00	1.193860000000000060e-01
1.247270000000000101e+00	1.198879999999999946e-01
1.247389999999999999e+00	1.201559999999999989e-01
1.247509999999999897e+00	1.204260000000000053e-01
1.247630000000000017e+00	1.211649999999999949e-01
1.247749999999999915e+00	1.222329999999999944e-01
1.247870000000000035e+00	1.230549999999999977e-01
1.247999999999999998e+00	1.238760000000000000e-01
1.248119999999999896e+00	1.247989999999999933e-01
1.248240000000000016e+00	1.260509999999999964e-01
1.248359999999999914e+00	1.275030000000000052e-01
1.248480000000000034e+00	1.289540000000000131e-01
1.248599999999999932e+00	1.304780000000000106e-01
1.248729999999999896e+00	1.320020000000000082e-01
1.248850000000000016e+00	1.335260000000000058e-01
1.248969999999999914e+00	1.350500000000000034e-01
1.249090000000000034e+00	1.365250000000000075e-01
1.249209999999999932e+00	1.379990000000000105e-01
1.249330000000000052e+00	1.393699999999999939e-01
1.249460000000000015e+00	1.407410000000000050e-01
1.249579999999999913e+00	1.418010000000000104e-01
1.249700000000000033e+00	1.425309999999999910e-01
1.249819999999999931e+00	1.428840000000000110e-01
1.249940000000000051e+00	1.426860000000000073e-01
1.250059999999999949e+00	1.416290000000000049e-01
1.250189999999999912e+00	1.398030000000000106e-01
1.250310000000000032e+00	1.377180000000000071e-01
1.250429999999999930e+00	1.359609999999999985e-01
1.250550000000000050e+00	1.346199999999999897e-01
1.250669999999999948e+00	1.336080000000000045e-01
1.250790000000000068e+00	1.328499999999999959e-01
1.250920000000000032e+00	1.324220000000000119e-01
1.251039999999999930e+00	1.324780000000000124e-01
1.251160000000000050e+00	1.325330000000000119e-01
1.251279999999999948e+00	1.326299999999999979e-01
1.251400000000000068e+00	1.327270000000000116e-01
1.251519999999999966e+00	1.332520000000000093e-01
1.251640000000000086e+00	1.341060000000000030e-01
1.251770000000000049e+00	1.353239999999999998e-01
1.251889999999999947e+00	1.368719999999999937e-01
1.252010000000000067e+00	1.388800000000000034e-01
1.252129999999999965e+00	1.412170000000000092e-01
1.252250000000000085e+00	1.434090000000000087e-01
1.252369999999999983e+00	1.452720000000000122e-01
1.252499999999999947e+00	1.471520000000000050e-01
1.252620000000000067e+00	1.490309999999999968e-01
1.252739999999999965e+00	1.510749999999999871e-01
1.252860000000000085e+00	1.527890000000000081e-01
1.252979999999999983e+00	1.540279999999999982e-01
1.253100000000000103e+00	1.552669999999999884e-01
1.253230000000000066e+00	1.564029999999999865e-01
1.253349999999999964e+00	1.575390000000000124e-01
1.253470000000000084e+00	1.586130000000000040e-01
1.253589999999999982e+00	1.596879999999999966e-01
1.253710000000000102e+00	1.609480000000000077e-01
1.253830000000000000e+00	1.627580000000000138e-01
1.253959999999999964e+00	1.651350000000000040e-01
1.254080000000000084e+00	1.675129999999999952e-01
1.254199999999999982e+00	1.700550000000000117e-01
1.254320000000000102e+00	1.725970000000000004e-01
1.254440000000000000e+00	1.749920000000000087e-01
1.254559999999999897e+00	1.768379999999999952e-01
1.254690000000000083e+00	1.781689999999999940e-01
1.254809999999999981e+00	1.795009999999999939e-01
1.254930000000000101e+00	1.807499999999999940e-01
1.255049999999999999e+00	1.819989999999999941e-01
1.255169999999999897e+00	1.831039999999999890e-01
1.255290000000000017e+00	1.842090000000000116e-01
1.255419999999999980e+00	1.855509999999999937e-01
1.255540000000000100e+00	1.872240000000000015e-01
1.255659999999999998e+00	1.894589999999999885e-01
1.255779999999999896e+00	1.920229999999999992e-01
1.255900000000000016e+00	1.946279999999999955e-01
1.256019999999999914e+00	1.972339999999999927e-01
1.256150000000000100e+00	2.000250000000000083e-01
1.256269999999999998e+00	2.031449999999999922e-01
1.256389999999999896e+00	2.062160000000000104e-01
1.256510000000000016e+00	2.087360000000000049e-01
1.256629999999999914e+00	2.105440000000000089e-01
1.256750000000000034e+00	2.123510000000000120e-01
1.256879999999999997e+00	2.140900000000000025e-01
1.256999999999999895e+00	2.158279999999999921e-01
1.257120000000000015e+00	2.169619999999999882e-01
1.257239999999999913e+00	2.180960000000000121e-01
1.257360000000000033e+00	2.191420000000000035e-01
1.257479999999999931e+00	2.201859999999999928e-01
1.257609999999999895e+00	2.210330000000000072e-01
1.257730000000000015e+00	2.218779999999999919e-01
1.257849999999999913e+00	2.223040000000000016e-01
1.257970000000000033e+00	2.221819999999999906e-01
1.258089999999999931e+00	2.219500000000000084e-01
1.258210000000000051e+00	2.217179999999999984e-01
1.258340000000000014e+00	2.214730000000000032e-01
1.258459999999999912e+00	2.206780000000000130e-01
1.258580000000000032e+00	2.192189999999999972e-01
1.258699999999999930e+00	2.180900000000000061e-01
1.258820000000000050e+00	2.177999999999999936e-01
1.258939999999999948e+00	2.180580000000000018e-01
1.259060000000000068e+00	2.181319999999999926e-01
1.259190000000000031e+00	2.182050000000000101e-01
1.259309999999999929e+00	2.184010000000000118e-01
1.259430000000000049e+00	2.189250000000000085e-01
1.259549999999999947e+00	2.192439999999999944e-01
1.259670000000000067e+00	2.195620000000000072e-01
1.259789999999999965e+00	2.195560000000000012e-01
1.259919999999999929e+00	2.192199999999999982e-01
1.260040000000000049e+00	2.181349999999999956e-01
1.260159999999999947e+00	2.165020000000000000e-01
1.260280000000000067e+00	2.148420000000000052e-01
1.260399999999999965e+00	2.135120000000000073e-01
1.260520000000000085e+00	2.123809999999999865e-01
1.260650000000000048e+00	2.115799999999999903e-01
1.260769999999999946e+00	2.110470000000000124e-01
1.260890000000000066e+00	2.105150000000000077e-01
1.261009999999999964e+00	2.099409999999999887e-01
1.261130000000000084e+00	2.093679999999999986e-01
1.261249999999999982e+00	2.089290000000000036e-01
1.261379999999999946e+00	2.088190000000000046e-01
1.261500000000000066e+00	2.087710000000000121e-01
1.261619999999999964e+00	2.090539999999999898e-01
1.261740000000000084e+00	2.098839999999999872e-01
1.261859999999999982e+00	2.114830000000000043e-01
1.261980000000000102e+00	2.136379999999999946e-01
1.262110000000000065e+00	2.161220000000000085e-01
1.262229999999999963e+00	2.185910000000000075e-01
1.262350000000000083e+00	2.210600000000000065e-01
1.262469999999999981e+00	2.233300000000000007e-01
1.262590000000000101e+00	2.252699999999999980e-01
1.262709999999999999e+00	2.269770000000000121e-01
1.262839999999999963e+00	2.283540000000000014e-01
1.262960000000000083e+00	2.293669999999999876e-01
1.263079999999999981e+00	2.300500000000000045e-01
1.263200000000000101e+00	2.305869999999999864e-01
1.263319999999999999e+00	2.311219999999999941e-01
1.263439999999999896e+00	2.312740000000000073e-01
1.263570000000000082e+00	2.314259999999999928e-01
1.263689999999999980e+00	2.317649999999999988e-01
1.263810000000000100e+00	2.324340000000000017e-01
1.263929999999999998e+00	2.330820000000000114e-01
1.264049999999999896e+00	2.337289999999999923e-01
1.264170000000000016e+00	2.342539999999999900e-01
1.264299999999999979e+00	2.347789999999999877e-01
1.264420000000000099e+00	2.355710000000000026e-01
1.264539999999999997e+00	2.360339999999999938e-01
1.264659999999999895e+00	2.363439999999999985e-01
1.264780000000000015e+00	2.366540000000000032e-01
1.264899999999999913e+00	2.373280000000000112e-01
1.265030000000000099e+00	2.380029999999999923e-01
1.265149999999999997e+00	2.389070000000000082e-01
1.265269999999999895e+00	2.398109999999999964e-01
1.265390000000000015e+00	2.411349999999999882e-01
1.265509999999999913e+00	2.427880000000000038e-01
1.265630000000000033e+00	2.447890000000000066e-01
1.265759999999999996e+00	2.467900000000000094e-01
1.265879999999999894e+00	2.489149999999999974e-01
1.266000000000000014e+00	2.510399999999999854e-01
1.266119999999999912e+00	2.532440000000000246e-01
1.266240000000000032e+00	2.557769999999999766e-01
1.266359999999999930e+00	2.586189999999999878e-01
1.266480000000000050e+00	2.614609999999999990e-01
1.266610000000000014e+00	2.643460000000000254e-01
1.266729999999999912e+00	2.672309999999999963e-01
1.266850000000000032e+00	2.696890000000000120e-01
1.266969999999999930e+00	2.715980000000000061e-01
1.267090000000000050e+00	2.729139999999999899e-01
1.267209999999999948e+00	2.738999999999999768e-01
1.267339999999999911e+00	2.745420000000000083e-01
1.267460000000000031e+00	2.751850000000000129e-01
1.267579999999999929e+00	2.755329999999999724e-01
1.267700000000000049e+00	2.758800000000000141e-01
1.267819999999999947e+00	2.758010000000000184e-01
1.267940000000000067e+00	2.751730000000000009e-01
1.268070000000000030e+00	2.741899999999999893e-01
1.268189999999999928e+00	2.728780000000000094e-01
1.268310000000000048e+00	2.713860000000000161e-01
1.268429999999999946e+00	2.693459999999999743e-01
1.268550000000000066e+00	2.666529999999999734e-01
1.268669999999999964e+00	2.634110000000000062e-01
1.268799999999999928e+00	2.600939999999999919e-01
1.268920000000000048e+00	2.567769999999999775e-01
1.269039999999999946e+00	2.536939999999999751e-01
1.269160000000000066e+00	2.511610000000000231e-01
1.269279999999999964e+00	2.493889999999999996e-01
1.269400000000000084e+00	2.483869999999999967e-01
1.269530000000000047e+00	2.477000000000000035e-01
1.269649999999999945e+00	2.473430000000000073e-01
1.269770000000000065e+00	2.474739999999999995e-01
1.269889999999999963e+00	2.481530000000000125e-01
1.270010000000000083e+00	2.486829999999999874e-01
1.270129999999999981e+00	2.492129999999999901e-01
1.270259999999999945e+00	2.497570000000000068e-01
1.270380000000000065e+00	2.506309999999999927e-01
1.270499999999999963e+00	2.517369999999999886e-01
1.270620000000000083e+00	2.528440000000000132e-01
1.270739999999999981e+00	2.537860000000000116e-01
1.270860000000000101e+00	2.547269999999999812e-01
1.270990000000000064e+00	2.555379999999999874e-01
1.271109999999999962e+00	2.560189999999999966e-01
1.271230000000000082e+00	2.560479999999999978e-01
1.271349999999999980e+00	2.560760000000000258e-01
1.271470000000000100e+00	2.557260000000000089e-01
1.271589999999999998e+00	2.548270000000000257e-01
1.271719999999999962e+00	2.535789999999999988e-01
1.271840000000000082e+00	2.526610000000000245e-01
1.271959999999999980e+00	2.526499999999999857e-01
1.272080000000000100e+00	2.529689999999999994e-01
1.272199999999999998e+00	2.533079999999999776e-01
1.272319999999999895e+00	2.536479999999999846e-01
1.272450000000000081e+00	2.545859999999999790e-01
1.272569999999999979e+00	2.558520000000000238e-01
1.272690000000000099e+00	2.570760000000000267e-01
1.272809999999999997e+00	2.577510000000000079e-01
1.272929999999999895e+00	2.579580000000000206e-01
1.273050000000000015e+00	2.581649999999999778e-01
1.273179999999999978e+00	2.580419999999999936e-01
1.273300000000000098e+00	2.573690000000000144e-01
1.273419999999999996e+00	2.561439999999999828e-01
1.273539999999999894e+00	2.549199999999999799e-01
1.273660000000000014e+00	2.537090000000000178e-01
1.273779999999999912e+00	2.524980000000000002e-01
1.273900000000000032e+00	2.516329999999999956e-01
1.274029999999999996e+00	2.515370000000000106e-01
1.274149999999999894e+00	2.521959999999999757e-01
1.274270000000000014e+00	2.531849999999999934e-01
1.274389999999999912e+00	2.542449999999999988e-01
1.274510000000000032e+00	2.553050000000000042e-01
1.274629999999999930e+00	2.561860000000000248e-01
1.274759999999999893e+00	2.567369999999999930e-01
1.274880000000000013e+00	2.567450000000000010e-01
1.274999999999999911e+00	2.567530000000000090e-01
1.275120000000000031e+00	2.569469999999999810e-01
1.275239999999999929e+00	2.576910000000000034e-01
1.275360000000000049e+00	2.589969999999999772e-01
1.275490000000000013e+00	2.606330000000000036e-01
1.275609999999999911e+00	2.626999999999999891e-01
1.275730000000000031e+00	2.647680000000000033e-01
1.275849999999999929e+00	2.665870000000000184e-01
1.275970000000000049e+00	2.680759999999999810e-01
1.276089999999999947e+00	2.695989999999999776e-01
1.276219999999999910e+00	2.707919999999999772e-01
1.276340000000000030e+00	2.711749999999999994e-01
1.276459999999999928e+00	2.705690000000000039e-01
1.276580000000000048e+00	2.696009999999999796e-01
1.276699999999999946e+00	2.689619999999999789e-01
1.276820000000000066e+00	2.686069999999999847e-01
1.276950000000000029e+00	2.682530000000000192e-01
1.277069999999999927e+00	2.678780000000000050e-01
1.277190000000000047e+00	2.678329999999999878e-01
1.277309999999999945e+00	2.679039999999999755e-01
1.277430000000000065e+00	2.676450000000000218e-01
1.277549999999999963e+00	2.668369999999999909e-01
1.277679999999999927e+00	2.654790000000000205e-01
1.277800000000000047e+00	2.637499999999999845e-01
1.277919999999999945e+00	2.616910000000000069e-01
1.278040000000000065e+00	2.591800000000000215e-01
1.278159999999999963e+00	2.566680000000000073e-01
1.278280000000000083e+00	2.540330000000000088e-01
1.278410000000000046e+00	2.513980000000000103e-01
1.278529999999999944e+00	2.487419999999999909e-01
1.278650000000000064e+00	2.464169999999999972e-01
1.278769999999999962e+00	2.442380000000000106e-01
1.278890000000000082e+00	2.420589999999999964e-01
1.279009999999999980e+00	2.396270000000000067e-01
1.279139999999999944e+00	2.371939999999999882e-01
1.279260000000000064e+00	2.346640000000000115e-01
1.279379999999999962e+00	2.321330000000000060e-01
1.279500000000000082e+00	2.295480000000000020e-01
1.279619999999999980e+00	2.272939999999999960e-01
1.279740000000000100e+00	2.257959999999999967e-01
1.279870000000000063e+00	2.250659999999999883e-01
1.279989999999999961e+00	2.247689999999999966e-01
1.280110000000000081e+00	2.244730000000000059e-01
1.280229999999999979e+00	2.246440000000000103e-01
1.280350000000000099e+00	2.251460000000000128e-01
1.280469999999999997e+00	2.260659999999999892e-01
1.280599999999999961e+00	2.269859999999999933e-01
1.280720000000000081e+00	2.280520000000000047e-01
1.280839999999999979e+00	2.291169999999999873e-01
1.280960000000000099e+00	2.299839999999999940e-01
1.281079999999999997e+00	2.308499999999999996e-01
1.281199999999999894e+00	2.312690000000000023e-01
1.281320000000000014e+00	2.311400000000000121e-01
1.281449999999999978e+00	2.306600000000000039e-01
1.281570000000000098e+00	2.298509999999999998e-01
1.281689999999999996e+00	2.287230000000000096e-01
1.281809999999999894e+00	2.272659999999999958e-01
1.281930000000000014e+00	2.255679999999999907e-01
1.282049999999999912e+00	2.238709999999999867e-01
1.282180000000000097e+00	2.216779999999999862e-01
1.282299999999999995e+00	2.191569999999999907e-01
1.282419999999999893e+00	2.164709999999999968e-01
1.282540000000000013e+00	2.141160000000000008e-01
1.282659999999999911e+00	2.122090000000000087e-01
1.282780000000000031e+00	2.103019999999999889e-01
1.282909999999999995e+00	2.084169999999999912e-01
1.283029999999999893e+00	2.068609999999999893e-01
1.283150000000000013e+00	2.059300000000000019e-01
1.283269999999999911e+00	2.053280000000000105e-01
1.283390000000000031e+00	2.045810000000000128e-01
1.283509999999999929e+00	2.035049999999999915e-01
1.283639999999999892e+00	2.023520000000000041e-01
1.283760000000000012e+00	2.011989999999999890e-01
1.283879999999999910e+00	2.004299999999999971e-01
1.284000000000000030e+00	1.996620000000000061e-01
1.284119999999999928e+00	1.991749999999999909e-01
1.284240000000000048e+00	1.990169999999999995e-01
1.284370000000000012e+00	1.991900000000000059e-01
1.284489999999999910e+00	1.999120000000000064e-01
1.284610000000000030e+00	2.012069999999999970e-01
1.284729999999999928e+00	2.025009999999999866e-01
1.284850000000000048e+00	2.037410000000000054e-01
1.284969999999999946e+00	2.046509999999999996e-01
1.285099999999999909e+00	2.055329999999999935e-01
1.285220000000000029e+00	2.064159999999999884e-01
1.285339999999999927e+00	2.073190000000000033e-01
1.285460000000000047e+00	2.078919999999999935e-01
1.285579999999999945e+00	2.084449999999999914e-01
1.285700000000000065e+00	2.093270000000000131e-01
1.285830000000000028e+00	2.107159999999999866e-01
1.285949999999999926e+00	2.121059999999999890e-01
1.286070000000000046e+00	2.134060000000000124e-01
1.286189999999999944e+00	2.147060000000000080e-01
1.286310000000000064e+00	2.159919999999999896e-01
1.286429999999999962e+00	2.167280000000000040e-01
1.286559999999999926e+00	2.167139999999999900e-01
1.286680000000000046e+00	2.159310000000000118e-01
1.286799999999999944e+00	2.145579999999999987e-01
1.286920000000000064e+00	2.126349999999999907e-01
1.287039999999999962e+00	2.098059999999999925e-01
1.287160000000000082e+00	2.064280000000000004e-01
1.287290000000000045e+00	2.034090000000000065e-01
1.287409999999999943e+00	2.011580000000000035e-01
1.287530000000000063e+00	1.995840000000000114e-01
1.287649999999999961e+00	1.983399999999999885e-01
1.287770000000000081e+00	1.973229999999999984e-01
1.287889999999999979e+00	1.963050000000000073e-01
1.288019999999999943e+00	1.953630000000000089e-01
1.288140000000000063e+00	1.940900000000000125e-01
1.288259999999999961e+00	1.922889999999999877e-01
1.288380000000000081e+00	1.904889999999999917e-01
1.288499999999999979e+00	1.884099999999999941e-01
1.288620000000000099e+00	1.863319999999999976e-01
1.288739999999999997e+00	1.844520000000000048e-01
1.288869999999999960e+00	1.829030000000000100e-01
1.288990000000000080e+00	1.818059999999999954e-01
1.289109999999999978e+00	1.807100000000000095e-01
1.289230000000000098e+00	1.799229999999999996e-01
1.289349999999999996e+00	1.794650000000000134e-01
1.289469999999999894e+00	1.787990000000000135e-01
1.289600000000000080e+00	1.778039999999999898e-01
1.289719999999999978e+00	1.763909999999999922e-01
1.289840000000000098e+00	1.749769999999999937e-01
1.289959999999999996e+00	1.732889999999999986e-01
1.290079999999999893e+00	1.712710000000000066e-01
1.290200000000000014e+00	1.690540000000000098e-01
1.290329999999999977e+00	1.668379999999999863e-01
1.290450000000000097e+00	1.650760000000000005e-01
1.290569999999999995e+00	1.633149999999999880e-01
1.290689999999999893e+00	1.618420000000000136e-01
1.290810000000000013e+00	1.606980000000000075e-01
1.290929999999999911e+00	1.596229999999999871e-01
1.291060000000000096e+00	1.582179999999999975e-01
1.291179999999999994e+00	1.565040000000000042e-01
1.291299999999999892e+00	1.547900000000000109e-01
1.291420000000000012e+00	1.532820000000000016e-01
1.291539999999999910e+00	1.514439999999999953e-01
1.291660000000000030e+00	1.488579999999999903e-01
1.291789999999999994e+00	1.462720000000000131e-01
1.291909999999999892e+00	1.438889999999999891e-01
1.292030000000000012e+00	1.415059999999999929e-01
1.292149999999999910e+00	1.391229999999999967e-01
1.292270000000000030e+00	1.367400000000000004e-01
1.292389999999999928e+00	1.347099999999999964e-01
1.292519999999999891e+00	1.326809999999999934e-01
1.292640000000000011e+00	1.306710000000000094e-01
1.292759999999999909e+00	1.283320000000000016e-01
1.292880000000000029e+00	1.259109999999999951e-01
1.292999999999999927e+00	1.234900000000000025e-01
1.293120000000000047e+00	1.210689999999999961e-01
1.293250000000000011e+00	1.186490000000000045e-01
1.293369999999999909e+00	1.167509999999999937e-01
1.293490000000000029e+00	1.151820000000000066e-01
1.293609999999999927e+00	1.138470000000000037e-01
1.293730000000000047e+00	1.128409999999999969e-01
1.293849999999999945e+00	1.122090000000000032e-01
1.293979999999999908e+00	1.115779999999999966e-01
1.294100000000000028e+00	1.111520000000000008e-01
1.294219999999999926e+00	1.107270000000000060e-01
1.294340000000000046e+00	1.106570000000000054e-01
1.294459999999999944e+00	1.109170000000000017e-01
1.294580000000000064e+00	1.113750000000000018e-01
1.294710000000000027e+00	1.118330000000000019e-01
1.294829999999999925e+00	1.122159999999999963e-01
1.294950000000000045e+00	1.125990000000000046e-01
1.295069999999999943e+00	1.132360000000000033e-01
1.295190000000000063e+00	1.138730000000000020e-01
1.295309999999999961e+00	1.144700000000000023e-01
1.295439999999999925e+00	1.147380000000000067e-01
1.295560000000000045e+00	1.148070000000000063e-01
1.295679999999999943e+00	1.148770000000000069e-01
1.295800000000000063e+00	1.151070000000000010e-01
1.295919999999999961e+00	1.153369999999999951e-01
1.296040000000000081e+00	1.152930000000000066e-01
1.296159999999999979e+00	1.152490000000000042e-01
1.296289999999999942e+00	1.154280000000000028e-01
1.296410000000000062e+00	1.156070000000000014e-01
1.296529999999999960e+00	1.157860000000000000e-01
1.296650000000000080e+00	1.159649999999999986e-01
1.296769999999999978e+00	1.159000000000000030e-01
1.296890000000000098e+00	1.158349999999999935e-01
1.297020000000000062e+00	1.153499999999999942e-01
1.297139999999999960e+00	1.145369999999999999e-01
1.297260000000000080e+00	1.134580000000000033e-01
1.297379999999999978e+00	1.123790000000000067e-01
1.297500000000000098e+00	1.108819999999999945e-01
1.297619999999999996e+00	1.090549999999999992e-01
1.297749999999999959e+00	1.072560000000000041e-01
1.297870000000000079e+00	1.057860000000000050e-01
1.297989999999999977e+00	1.048459999999999948e-01
1.298110000000000097e+00	1.044550000000000062e-01
1.298229999999999995e+00	1.042330000000000062e-01
1.298349999999999893e+00	1.040119999999999933e-01
1.298480000000000079e+00	1.040989999999999971e-01
1.298599999999999977e+00	1.041860000000000008e-01
1.298720000000000097e+00	1.042320000000000052e-01
1.298839999999999995e+00	1.042779999999999957e-01
1.298959999999999892e+00	1.040490000000000026e-01
1.299080000000000013e+00	1.038209999999999966e-01
1.299209999999999976e+00	1.039169999999999955e-01
1.299330000000000096e+00	1.040129999999999943e-01
1.299449999999999994e+00	1.039439999999999947e-01
1.299569999999999892e+00	1.038759999999999961e-01
1.299690000000000012e+00	1.040549999999999947e-01
1.299809999999999910e+00	1.042339999999999933e-01
1.299940000000000095e+00	1.044120000000000048e-01
1.300059999999999993e+00	1.042600000000000054e-01
1.300179999999999891e+00	1.036119999999999958e-01
1.300300000000000011e+00	1.026350000000000040e-01
1.300419999999999909e+00	1.011839999999999962e-01
1.300540000000000029e+00	9.940359999999999474e-02
1.300669999999999993e+00	9.740369999999999584e-02
1.300789999999999891e+00	9.540360000000000507e-02
1.300910000000000011e+00	9.323549999999999893e-02
1.301029999999999909e+00	9.106740000000000668e-02
1.301150000000000029e+00	8.893969999999999654e-02
1.301269999999999927e+00	8.708660000000000012e-02
1.301399999999999890e+00	8.535339999999999594e-02
1.301520000000000010e+00	8.361989999999999701e-02
1.301639999999999908e+00	8.162919999999999898e-02
1.301760000000000028e+00	7.963829999999999520e-02
1.301879999999999926e+00	7.748280000000000445e-02
1.302000000000000046e+00	7.532719999999999694e-02
1.302130000000000010e+00	7.304639999999999744e-02
1.302249999999999908e+00	7.076599999999999557e-02
1.302370000000000028e+00	6.882549999999999779e-02
1.302489999999999926e+00	6.715959999999999985e-02
1.302610000000000046e+00	6.566160000000000052e-02
1.302729999999999944e+00	6.416420000000000456e-02
1.302859999999999907e+00	6.306789999999999619e-02
1.302980000000000027e+00	6.197160000000000168e-02
1.303099999999999925e+00	6.082939999999999875e-02
1.303220000000000045e+00	5.968740000000000157e-02
1.303339999999999943e+00	5.864860000000000212e-02
1.303460000000000063e+00	5.788429999999999964e-02
1.303579999999999961e+00	5.723269999999999746e-02
1.303709999999999924e+00	5.630659999999999832e-02
1.303830000000000044e+00	5.518519999999999676e-02
1.303949999999999942e+00	5.422899999999999943e-02
1.304070000000000062e+00	5.362240000000000062e-02
1.304189999999999960e+00	5.301609999999999656e-02
1.304310000000000080e+00	5.258469999999999811e-02
1.304440000000000044e+00	5.215369999999999728e-02
1.304559999999999942e+00	5.205699999999999911e-02
1.304680000000000062e+00	5.196030000000000093e-02
1.304799999999999960e+00	5.179829999999999851e-02
1.304920000000000080e+00	5.163670000000000065e-02
1.305039999999999978e+00	5.164090000000000347e-02
1.305169999999999941e+00	5.191939999999999750e-02
1.305290000000000061e+00	5.213589999999999891e-02
1.305409999999999959e+00	5.218769999999999659e-02
1.305530000000000079e+00	5.213999999999999885e-02
1.305649999999999977e+00	5.209230000000000110e-02
1.305770000000000097e+00	5.195190000000000224e-02
1.305900000000000061e+00	5.181120000000000170e-02
1.306019999999999959e+00	5.140299999999999730e-02
1.306140000000000079e+00	5.099510000000000154e-02
1.306259999999999977e+00	5.075179999999999969e-02
1.306380000000000097e+00	5.050849999999999784e-02
1.306499999999999995e+00	5.029770000000000074e-02
1.306629999999999958e+00	5.008719999999999839e-02
1.306750000000000078e+00	5.004129999999999689e-02
1.306869999999999976e+00	4.999499999999999778e-02
1.306990000000000096e+00	4.968560000000000337e-02
1.307109999999999994e+00	4.937640000000000085e-02
1.307229999999999892e+00	4.923199999999999799e-02
1.307360000000000078e+00	4.925179999999999836e-02
1.307479999999999976e+00	4.904839999999999894e-02
1.307600000000000096e+00	4.857079999999999731e-02
1.307719999999999994e+00	4.816549999999999998e-02
1.307839999999999892e+00	4.792459999999999776e-02
1.307960000000000012e+00	4.761350000000000304e-02
1.308089999999999975e+00	4.730229999999999851e-02
1.308210000000000095e+00	4.700150000000000161e-02
1.308329999999999993e+00	4.670049999999999896e-02
1.308449999999999891e+00	4.635159999999999975e-02
1.308570000000000011e+00	4.600300000000000222e-02
1.308689999999999909e+00	4.591560000000000086e-02
1.308820000000000094e+00	4.621220000000000189e-02
1.308939999999999992e+00	4.654029999999999972e-02
1.309059999999999890e+00	4.659399999999999653e-02
1.309180000000000010e+00	4.665500000000000203e-02
1.309299999999999908e+00	4.699040000000000161e-02
1.309420000000000028e+00	4.735620000000000107e-02
1.309549999999999992e+00	4.744740000000000069e-02
1.309669999999999890e+00	4.734349999999999670e-02
1.309790000000000010e+00	4.740450000000000219e-02
1.309909999999999908e+00	4.772169999999999884e-02
1.310030000000000028e+00	4.803849999999999787e-02
1.310149999999999926e+00	4.798150000000000331e-02
1.310279999999999889e+00	4.792470000000000063e-02
1.310400000000000009e+00	4.794319999999999832e-02
1.310519999999999907e+00	4.796140000000000125e-02
1.310640000000000027e+00	4.768809999999999716e-02
1.310759999999999925e+00	4.741460000000000119e-02
1.310880000000000045e+00	4.700130000000000280e-02
1.310999999999999943e+00	4.631360000000000338e-02
1.311129999999999907e+00	4.550590000000000190e-02
1.311250000000000027e+00	4.469850000000000212e-02
1.311369999999999925e+00	4.409849999999999881e-02
1.311490000000000045e+00	4.349820000000000075e-02
1.311609999999999943e+00	4.273339999999999778e-02
1.311730000000000063e+00	4.196880000000000055e-02
1.311860000000000026e+00	4.136619999999999880e-02
1.311979999999999924e+00	4.076359999999999706e-02
1.312100000000000044e+00	4.007859999999999895e-02
1.312219999999999942e+00	3.939360000000000084e-02
1.312340000000000062e+00	3.875159999999999716e-02
1.312459999999999960e+00	3.810929999999999873e-02
1.312589999999999923e+00	3.731960000000000138e-02
1.312710000000000043e+00	3.652999999999999997e-02
1.312829999999999941e+00	3.582830000000000042e-02
1.312950000000000061e+00	3.540089999999999903e-02
1.313069999999999959e+00	3.507620000000000182e-02
1.313190000000000079e+00	3.458680000000000088e-02
1.313320000000000043e+00	3.396020000000000288e-02
1.313439999999999941e+00	3.333409999999999845e-02
1.313560000000000061e+00	3.308880000000000154e-02
1.313679999999999959e+00	3.300800000000000262e-02
1.313800000000000079e+00	3.284809999999999813e-02
1.313919999999999977e+00	3.252370000000000261e-02
1.314049999999999940e+00	3.219940000000000302e-02
1.314170000000000060e+00	3.203969999999999735e-02
1.314289999999999958e+00	3.182139999999999969e-02
1.314410000000000078e+00	3.143889999999999879e-02
1.314529999999999976e+00	3.125560000000000144e-02
1.314650000000000096e+00	3.134660000000000224e-02
1.314780000000000060e+00	3.145089999999999691e-02
1.314899999999999958e+00	3.117100000000000079e-02
1.315020000000000078e+00	3.079549999999999996e-02
1.315139999999999976e+00	3.069459999999999897e-02
1.315260000000000096e+00	3.073909999999999837e-02
1.315379999999999994e+00	3.061880000000000157e-02
1.315509999999999957e+00	3.036180000000000129e-02
1.315630000000000077e+00	3.037930000000000144e-02
1.315749999999999975e+00	3.054650000000000074e-02
1.315870000000000095e+00	3.054899999999999977e-02
1.315989999999999993e+00	3.038710000000000022e-02
1.316109999999999891e+00	3.039009999999999975e-02
1.316240000000000077e+00	3.061039999999999942e-02
1.316359999999999975e+00	3.055599999999999983e-02
1.316480000000000095e+00	3.018979999999999927e-02
1.316599999999999993e+00	2.998870000000000008e-02
1.316719999999999891e+00	3.016080000000000150e-02
1.316840000000000011e+00	3.033239999999999895e-02
1.316969999999999974e+00	3.013029999999999875e-02
1.317090000000000094e+00	2.992840000000000084e-02
1.317209999999999992e+00	2.995460000000000136e-02
1.317329999999999890e+00	2.998069999999999902e-02
1.317450000000000010e+00	2.992449999999999971e-02
1.317569999999999908e+00	2.986830000000000040e-02
1.317700000000000093e+00	2.983610000000000081e-02
1.317819999999999991e+00	2.980369999999999894e-02
1.317939999999999889e+00	2.960669999999999968e-02
1.318060000000000009e+00	2.940999999999999864e-02
1.318179999999999907e+00	2.943789999999999948e-02
1.318300000000000027e+00	2.946539999999999923e-02
1.318429999999999991e+00	2.921860000000000082e-02
1.318550000000000111e+00	2.897239999999999885e-02
1.318670000000000009e+00	2.915229999999999905e-02
1.318789999999999907e+00	2.933169999999999875e-02
1.318910000000000027e+00	2.923689999999999969e-02
1.319029999999999925e+00	2.914200000000000124e-02
1.319150000000000045e+00	2.906090000000000062e-02
1.319280000000000008e+00	2.897980000000000000e-02
1.319399999999999906e+00	2.889869999999999939e-02
1.319520000000000026e+00	2.881780000000000105e-02
1.319639999999999924e+00	2.890749999999999917e-02
1.319760000000000044e+00	2.899720000000000075e-02
1.319879999999999942e+00	2.908689999999999887e-02
1.320009999999999906e+00	2.917640000000000164e-02
1.320130000000000026e+00	2.915970000000000020e-02
1.320249999999999924e+00	2.914299999999999877e-02
1.320370000000000044e+00	2.912620000000000139e-02
1.320489999999999942e+00	2.910949999999999996e-02
1.320610000000000062e+00	2.912069999999999936e-02
1.320740000000000025e+00	2.913160000000000055e-02
1.320859999999999923e+00	2.898830000000000157e-02
1.320980000000000043e+00	2.884530000000000080e-02
1.321099999999999941e+00	2.895280000000000076e-02
1.321220000000000061e+00	2.922459999999999988e-02
1.321339999999999959e+00	2.929379999999999831e-02
1.321469999999999922e+00	2.908869999999999859e-02
1.321590000000000042e+00	2.892580000000000151e-02
1.321709999999999940e+00	2.892780000000000004e-02
1.321830000000000060e+00	2.909430000000000002e-02
1.321949999999999958e+00	2.926039999999999891e-02
1.322070000000000078e+00	2.910410000000000080e-02
1.322200000000000042e+00	2.894789999999999863e-02
1.322319999999999940e+00	2.879169999999999993e-02
1.322440000000000060e+00	2.863560000000000064e-02
1.322559999999999958e+00	2.856689999999999924e-02
1.322680000000000078e+00	2.849799999999999903e-02
1.322799999999999976e+00	2.826460000000000083e-02
1.322929999999999939e+00	2.803129999999999858e-02
1.323050000000000059e+00	2.792649999999999993e-02
1.323169999999999957e+00	2.782170000000000129e-02
1.323290000000000077e+00	2.763459999999999875e-02
1.323409999999999975e+00	2.744759999999999908e-02
1.323530000000000095e+00	2.736950000000000147e-02
1.323660000000000059e+00	2.729109999999999869e-02
1.323779999999999957e+00	2.704820000000000141e-02
1.323900000000000077e+00	2.680559999999999887e-02
1.324019999999999975e+00	2.676519999999999941e-02
1.324140000000000095e+00	2.672499999999999876e-02
1.324259999999999993e+00	2.676709999999999853e-02
1.324389999999999956e+00	2.680880000000000069e-02
1.324510000000000076e+00	2.661430000000000046e-02
1.324629999999999974e+00	2.641999999999999904e-02
1.324750000000000094e+00	2.639029999999999848e-02
1.324869999999999992e+00	2.636049999999999852e-02
1.324989999999999890e+00	2.632220000000000046e-02
1.325120000000000076e+00	2.628389999999999893e-02
1.325239999999999974e+00	2.624560000000000087e-02
1.325360000000000094e+00	2.620729999999999935e-02
1.325479999999999992e+00	2.613630000000000120e-02
1.325599999999999890e+00	2.606539999999999899e-02
1.325720000000000010e+00	2.598800000000000068e-02
1.325849999999999973e+00	2.618490000000000054e-02
1.325970000000000093e+00	2.641579999999999970e-02
1.326089999999999991e+00	2.637219999999999842e-02
1.326210000000000111e+00	2.624309999999999837e-02
1.326330000000000009e+00	2.627890000000000087e-02
1.326449999999999907e+00	2.648139999999999869e-02
1.326570000000000027e+00	2.668339999999999948e-02
1.326699999999999990e+00	2.662149999999999933e-02
1.326820000000000110e+00	2.655969999999999859e-02
1.326940000000000008e+00	2.656299999999999981e-02
1.327059999999999906e+00	2.656640000000000043e-02
1.327180000000000026e+00	2.656970000000000165e-02
1.327299999999999924e+00	2.657309999999999880e-02
1.327430000000000110e+00	2.664940000000000017e-02
1.327550000000000008e+00	2.672549999999999926e-02
1.327669999999999906e+00	2.663700000000000095e-02
1.327790000000000026e+00	2.654859999999999859e-02
1.327909999999999924e+00	2.657170000000000018e-02
1.328030000000000044e+00	2.659450000000000008e-02
1.328160000000000007e+00	2.645279999999999854e-02
1.328279999999999905e+00	2.631119999999999987e-02
1.328400000000000025e+00	2.627699999999999828e-02
1.328519999999999923e+00	2.624280000000000015e-02
1.328640000000000043e+00	2.612630000000000161e-02
1.328759999999999941e+00	2.601010000000000127e-02
1.328889999999999905e+00	2.612880000000000064e-02
1.329010000000000025e+00	2.624690000000000009e-02
1.329129999999999923e+00	2.599129999999999843e-02
1.329250000000000043e+00	2.573630000000000015e-02
1.329369999999999941e+00	2.584229999999999861e-02
1.329490000000000061e+00	2.611259999999999970e-02
1.329620000000000024e+00	2.618020000000000069e-02
1.329739999999999922e+00	2.597359999999999947e-02
1.329860000000000042e+00	2.580330000000000124e-02
1.329979999999999940e+00	2.579760000000000039e-02
1.330100000000000060e+00	2.584670000000000023e-02
1.330219999999999958e+00	2.589589999999999947e-02
1.330349999999999921e+00	2.601070000000000118e-02
1.330470000000000041e+00	2.612540000000000001e-02
1.330589999999999939e+00	2.615779999999999841e-02
1.330710000000000059e+00	2.619000000000000147e-02
1.330829999999999957e+00	2.606100000000000083e-02
1.330950000000000077e+00	2.593240000000000128e-02
1.331080000000000041e+00	2.607819999999999930e-02
1.331199999999999939e+00	2.622350000000000028e-02
1.331320000000000059e+00	2.613319999999999879e-02
1.331439999999999957e+00	2.604300000000000018e-02
1.331560000000000077e+00	2.603499999999999912e-02
1.331679999999999975e+00	2.602720000000000034e-02
1.331809999999999938e+00	2.607589999999999908e-02
1.331930000000000058e+00	2.612460000000000129e-02
1.332049999999999956e+00	2.617330000000000004e-02
1.332170000000000076e+00	2.622199999999999878e-02
1.332289999999999974e+00	2.624289999999999956e-02
1.332410000000000094e+00	2.626360000000000153e-02
1.332540000000000058e+00	2.611969999999999917e-02
1.332659999999999956e+00	2.597609999999999850e-02
1.332780000000000076e+00	2.605539999999999939e-02
1.332899999999999974e+00	2.613429999999999920e-02
1.333020000000000094e+00	2.593890000000000085e-02
1.333139999999999992e+00	2.574399999999999952e-02
1.333269999999999955e+00	2.583960000000000076e-02
1.333390000000000075e+00	2.593459999999999863e-02
1.333509999999999973e+00	2.565600000000000172e-02
1.333630000000000093e+00	2.537769999999999956e-02
1.333749999999999991e+00	2.535340000000000163e-02
1.333869999999999889e+00	2.549329999999999999e-02
1.333990000000000009e+00	2.543060000000000112e-02
1.334119999999999973e+00	2.509379999999999944e-02
1.334240000000000093e+00	2.490590000000000165e-02
1.334359999999999991e+00	2.488270000000000065e-02
1.334480000000000111e+00	2.491439999999999974e-02
1.334600000000000009e+00	2.494580000000000061e-02
1.334719999999999906e+00	2.480749999999999969e-02
1.334850000000000092e+00	2.466930000000000164e-02
1.334969999999999990e+00	2.461340000000000056e-02
1.335090000000000110e+00	2.455780000000000116e-02
1.335210000000000008e+00	2.470100000000000073e-02
1.335329999999999906e+00	2.484369999999999981e-02
1.335450000000000026e+00	2.460239999999999996e-02
1.335579999999999989e+00	2.436170000000000002e-02
1.335700000000000109e+00	2.452549999999999869e-02
1.335820000000000007e+00	2.468909999999999855e-02
1.335939999999999905e+00	2.468810000000000102e-02
1.336060000000000025e+00	2.468719999999999942e-02
1.336179999999999923e+00	2.472159999999999982e-02
1.336310000000000109e+00	2.475580000000000142e-02
1.336430000000000007e+00	2.471800000000000039e-02
1.336549999999999905e+00	2.468040000000000164e-02
1.336670000000000025e+00	2.474760000000000154e-02
1.336789999999999923e+00	2.497920000000000001e-02
1.336910000000000043e+00	2.512479999999999922e-02
1.337040000000000006e+00	2.499600000000000086e-02
1.337159999999999904e+00	2.487620000000000109e-02
1.337280000000000024e+00	2.503100000000000117e-02
1.337399999999999922e+00	2.538100000000000078e-02
1.337520000000000042e+00	2.556599999999999845e-02
1.337639999999999940e+00	2.548539999999999833e-02
1.337769999999999904e+00	2.540490000000000109e-02
1.337890000000000024e+00	2.547869999999999996e-02
1.338009999999999922e+00	2.555239999999999942e-02
1.338130000000000042e+00	2.556399999999999992e-02
1.338249999999999940e+00	2.557569999999999982e-02
1.338370000000000060e+00	2.566970000000000016e-02
1.338500000000000023e+00	2.576379999999999990e-02
1.338619999999999921e+00	2.589040000000000091e-02
1.338740000000000041e+00	2.601699999999999846e-02
1.338859999999999939e+00	2.614359999999999948e-02
1.338980000000000059e+00	2.627010000000000109e-02
1.339099999999999957e+00	2.633409999999999918e-02
1.339229999999999920e+00	2.639800000000000132e-02
1.339350000000000041e+00	2.646199999999999941e-02
1.339469999999999938e+00	2.652590000000000156e-02
1.339590000000000058e+00	2.657949999999999896e-02
1.339709999999999956e+00	2.663319999999999924e-02
1.339830000000000076e+00	2.668680000000000010e-02
1.339960000000000040e+00	2.674069999999999919e-02
1.340079999999999938e+00	2.694979999999999945e-02
1.340200000000000058e+00	2.715870000000000090e-02
1.340319999999999956e+00	2.720300000000000148e-02
1.340440000000000076e+00	2.724769999999999970e-02
1.340559999999999974e+00	2.751860000000000070e-02
1.340689999999999937e+00	2.778929999999999942e-02
1.340810000000000057e+00	2.789540000000000075e-02
1.340929999999999955e+00	2.800149999999999861e-02
1.341050000000000075e+00	2.811359999999999901e-02
1.341169999999999973e+00	2.822579999999999881e-02
1.341290000000000093e+00	2.833789999999999920e-02
1.341409999999999991e+00	2.845030000000000128e-02
1.341539999999999955e+00	2.876839999999999953e-02
1.341660000000000075e+00	2.908629999999999896e-02
1.341779999999999973e+00	2.923970000000000041e-02
1.341900000000000093e+00	2.939289999999999958e-02
1.342019999999999991e+00	2.951109999999999844e-02
1.342140000000000111e+00	2.962920000000000137e-02
1.342270000000000074e+00	2.974730000000000082e-02
1.342389999999999972e+00	2.986569999999999850e-02
1.342510000000000092e+00	3.012460000000000138e-02
1.342629999999999990e+00	3.038329999999999850e-02
1.342750000000000110e+00	3.047740000000000171e-02
1.342870000000000008e+00	3.057139999999999858e-02
1.342999999999999972e+00	3.059680000000000039e-02
1.343120000000000092e+00	3.062259999999999982e-02
1.343239999999999990e+00	3.092270000000000088e-02
1.343360000000000110e+00	3.122269999999999907e-02
1.343480000000000008e+00	3.142670000000000186e-02
1.343599999999999905e+00	3.163019999999999721e-02
1.343730000000000091e+00	3.155949999999999728e-02
1.343849999999999989e+00	3.148949999999999666e-02
1.343970000000000109e+00	3.187670000000000087e-02
1.344090000000000007e+00	3.226350000000000051e-02
1.344209999999999905e+00	3.237609999999999794e-02
1.344330000000000025e+00	3.248879999999999824e-02
1.344459999999999988e+00	3.269749999999999740e-02
1.344580000000000108e+00	3.290619999999999656e-02
1.344700000000000006e+00	3.311490000000000267e-02
1.344819999999999904e+00	3.332349999999999896e-02
1.344940000000000024e+00	3.351760000000000156e-02
1.345059999999999922e+00	3.371169999999999722e-02
1.345190000000000108e+00	3.390579999999999983e-02
1.345310000000000006e+00	3.410010000000000124e-02
1.345429999999999904e+00	3.438000000000000084e-02
1.345550000000000024e+00	3.465990000000000043e-02
1.345669999999999922e+00	3.493990000000000290e-02
1.345790000000000042e+00	3.521989999999999843e-02
1.345920000000000005e+00	3.558999999999999664e-02
1.346039999999999903e+00	3.595980000000000010e-02
1.346160000000000023e+00	3.617540000000000339e-02
1.346279999999999921e+00	3.639099999999999974e-02
1.346400000000000041e+00	3.664289999999999908e-02
1.346519999999999939e+00	3.705920000000000047e-02
1.346649999999999903e+00	3.741010000000000169e-02
1.346770000000000023e+00	3.759660000000000085e-02
1.346889999999999921e+00	3.785630000000000245e-02
1.347010000000000041e+00	3.839030000000000220e-02
1.347129999999999939e+00	3.891370000000000245e-02
1.347250000000000059e+00	3.916229999999999711e-02
1.347380000000000022e+00	3.915559999999999874e-02
1.347499999999999920e+00	3.914929999999999799e-02
1.347620000000000040e+00	3.951000000000000345e-02
1.347739999999999938e+00	3.987040000000000028e-02
1.347860000000000058e+00	4.008160000000000195e-02
1.347979999999999956e+00	4.029289999999999955e-02
1.348109999999999919e+00	4.050419999999999715e-02
1.348230000000000040e+00	4.071539999999999881e-02
1.348349999999999937e+00	4.086479999999999974e-02
1.348470000000000057e+00	4.101470000000000116e-02
1.348589999999999955e+00	4.143879999999999786e-02
1.348710000000000075e+00	4.186259999999999981e-02
1.348829999999999973e+00	4.205239999999999673e-02
1.348959999999999937e+00	4.224220000000000058e-02
1.349080000000000057e+00	4.243210000000000037e-02
1.349199999999999955e+00	4.262189999999999729e-02
1.349320000000000075e+00	4.280479999999999702e-02
1.349439999999999973e+00	4.298769999999999675e-02
1.349560000000000093e+00	4.317069999999999935e-02
1.349690000000000056e+00	4.335379999999999789e-02
1.349809999999999954e+00	4.369819999999999954e-02
1.349930000000000074e+00	4.404190000000000188e-02
1.350049999999999972e+00	4.400169999999999776e-02
1.350170000000000092e+00	4.396189999999999820e-02
1.350289999999999990e+00	4.422550000000000092e-02
1.350419999999999954e+00	4.448930000000000246e-02
1.350540000000000074e+00	4.483530000000000154e-02
1.350659999999999972e+00	4.518119999999999775e-02
1.350780000000000092e+00	4.544050000000000172e-02
1.350899999999999990e+00	4.569949999999999707e-02
1.351020000000000110e+00	4.568409999999999832e-02
1.351150000000000073e+00	4.566900000000000126e-02
1.351269999999999971e+00	4.581849999999999812e-02
1.351390000000000091e+00	4.596780000000000310e-02
1.351509999999999989e+00	4.603489999999999666e-02
1.351630000000000109e+00	4.610210000000000002e-02
1.351750000000000007e+00	4.623349999999999682e-02
1.351879999999999971e+00	4.636520000000000225e-02
1.352000000000000091e+00	4.668159999999999671e-02
1.352119999999999989e+00	4.666850000000000165e-02
1.352240000000000109e+00	4.645490000000000036e-02
1.352360000000000007e+00	4.624149999999999788e-02
1.352479999999999905e+00	4.617210000000000064e-02
1.352610000000000090e+00	4.610270000000000340e-02
1.352729999999999988e+00	4.610890000000000127e-02
1.352850000000000108e+00	4.611500000000000321e-02
1.352970000000000006e+00	4.612109999999999821e-02
1.353089999999999904e+00	4.612689999999999846e-02
1.353210000000000024e+00	4.595280000000000198e-02
1.353339999999999987e+00	4.577900000000000025e-02
1.353460000000000107e+00	4.587959999999999955e-02
1.353580000000000005e+00	4.597980000000000123e-02
1.353699999999999903e+00	4.584760000000000224e-02
1.353820000000000023e+00	4.571549999999999919e-02
1.353939999999999921e+00	4.566569999999999657e-02
1.354070000000000107e+00	4.561590000000000089e-02
1.354190000000000005e+00	4.551630000000000259e-02
1.354309999999999903e+00	4.541649999999999854e-02
1.354430000000000023e+00	4.515210000000000057e-02
1.354549999999999921e+00	4.488779999999999853e-02
1.354670000000000041e+00	4.467320000000000318e-02
1.354800000000000004e+00	4.445890000000000258e-02
1.354919999999999902e+00	4.440909999999999996e-02
1.355040000000000022e+00	4.435920000000000141e-02
1.355159999999999920e+00	4.425790000000000279e-02
1.355280000000000040e+00	4.415670000000000012e-02
1.355399999999999938e+00	4.405540000000000150e-02
1.355529999999999902e+00	4.395400000000000001e-02
1.355650000000000022e+00	4.380089999999999678e-02
1.355769999999999920e+00	4.364799999999999930e-02
1.355890000000000040e+00	4.365970000000000267e-02
1.356009999999999938e+00	4.367109999999999742e-02
1.356130000000000058e+00	4.349909999999999888e-02
1.356249999999999956e+00	4.332729999999999915e-02
1.356379999999999919e+00	4.323769999999999697e-02
1.356500000000000039e+00	4.314819999999999767e-02
1.356619999999999937e+00	4.314099999999999879e-02
1.356740000000000057e+00	4.313430000000000042e-02
1.356859999999999955e+00	4.349109999999999782e-02
1.356980000000000075e+00	4.384770000000000334e-02
1.357110000000000039e+00	4.412340000000000012e-02
1.357229999999999936e+00	4.407019999999999688e-02
1.357350000000000056e+00	4.427119999999999667e-02
1.357469999999999954e+00	4.480150000000000104e-02
1.357590000000000074e+00	4.548239999999999922e-02
1.357709999999999972e+00	4.583399999999999974e-02
1.357839999999999936e+00	4.611710000000000115e-02
1.357960000000000056e+00	4.639999999999999680e-02
1.358079999999999954e+00	4.661269999999999997e-02
1.358200000000000074e+00	4.682499999999999857e-02
1.358319999999999972e+00	4.676290000000000308e-02
1.358440000000000092e+00	4.670110000000000233e-02
1.358570000000000055e+00	4.676609999999999795e-02
1.358689999999999953e+00	4.683099999999999763e-02
1.358810000000000073e+00	4.681369999999999976e-02
1.358929999999999971e+00	4.679629999999999901e-02
1.359050000000000091e+00	4.676690000000000014e-02
1.359169999999999989e+00	4.673719999999999958e-02
1.359299999999999953e+00	4.654300000000000104e-02
1.359420000000000073e+00	4.634930000000000300e-02
1.359539999999999971e+00	4.647819999999999729e-02
1.359660000000000091e+00	4.660700000000000259e-02
1.359779999999999989e+00	4.657109999999999722e-02
1.359900000000000109e+00	4.653530000000000166e-02
